Energy_Consumption_kWh,Vehicle_ID,Traffic_Condition,Speed_kmh,Slope_%,Temperature_C,Road_Type,Humidity_%,Wind_Speed_ms,Weather_Condition
continuous,continuous,1 2 3,continuous,continuous,continuous,1 2 3,continuous,continuous,1 2 3 4
class,meta,meta,,,,,,,
10.509,1182,3,60.4463,9.96588,-4.99529,1,84.0388,2.87751,1
9.9563,1894,2,102.246,4.72257,-4.97628,1,39.6983,8.57793,2
7.01671,1583,2,44.2963,-1.79368,-4.97625,1,59.3881,0.88495,2
6.7981,1074,3,33.3469,3.32017,-4.95594,1,37.6025,5.4855,2
8.53681,1931,3,57.4234,5.72871,-4.91809,1,44.2035,13.9188,1
8.69924,1188,2,47.1277,-4.32473,-4.90766,1,85.6015,14.705,3
7.07914,1814,2,6.23872,4.24507,-4.88659,1,74.7457,2.50888,3
4.45971,1139,2,39.0502,-3.57534,-4.83588,1,39.2974,1.15707,3
6.20656,1281,3,18.5425,9.44284,-4.7989,1,62.9137,13.247,4
5.92889,1854,1,4.6716,-4.09961,-4.78362,1,83.2146,7.69289,1
10.0827,1848,2,80.3063,-2.79191,-4.77876,1,30.961,9.42224,3
5.81774,1572,2,24.9878,2.31414,-4.76199,1,76.0053,11.9617,1
5.9861,1925,2,9.50995,6.445,-4.75853,1,80.1342,6.71817,4
9.41257,1302,3,39.2154,-0.859348,-4.75366,1,68.6382,13.5358,3
8.21217,1260,2,86.4134,4.08348,-4.6599,1,22.0616,7.61777,1
8.223,1690,1,96.6209,1.94088,-4.63928,1,85.8385,5.10861,2
9.42697,1719,3,104.364,7.70951,-4.59268,1,64.8157,11.3221,2
10.2321,1989,2,103.093,1.30098,-4.59142,1,46.6185,14.2226,4
11.4134,1955,1,88.6255,9.40836,-4.47027,1,67.998,1.93516,3
6.54158,1778,2,59.3516,-0.357844,-4.43559,1,75.7505,3.05701,3
9.1993,1511,3,90.1128,5.18005,-4.4069,1,67.7766,4.95325,1
9.52346,1888,1,85.1267,8.71928,-4.35735,1,70.2395,12.1491,4
11.66,1628,2,98.7312,4.12669,-4.35038,1,74.1806,2.8533,1
6.19631,1116,2,54.9846,-3.99721,-4.33232,1,41.6862,13.6538,4
14.1687,1301,2,117.029,6.4155,-4.28079,1,59.9699,11.7845,3
9.77573,1235,2,70.6023,0.835457,-4.23772,1,26.6445,10.4356,2
9.14327,1998,2,69.4956,6.87794,-4.23643,1,85.0883,4.81452,4
7.62894,1182,2,59.7079,-4.83999,-4.21288,1,50.2097,9.99122,4
9.11001,1752,1,84.3933,8.89676,-4.18914,1,27.6468,0.727245,4
6.43887,1904,3,1.94921,8.57437,-4.18371,1,53.4251,2.04509,2
9.65067,1146,3,109.132,8.39663,-4.17617,1,76.7324,11.3396,1
10.1781,1935,2,116.021,-1.60818,-4.15897,1,62.6952,9.65312,1
6.00099,1215,3,20.1378,7.71631,-4.13715,1,65.9271,4.71509,2
6.81988,1452,3,42.4877,4.86922,-4.127,1,83.7224,8.99306,3
12.359,1596,1,115.528,0.124207,-4.12671,1,73.4794,4.72189,4
10.3799,1777,2,77.788,6.1508,-4.1014,1,58.7333,9.33368,1
5.72936,1778,2,15.4505,-2.34506,-4.08141,1,27.9231,8.71532,4
6.34698,1946,2,32.4773,-1.13745,-4.07141,1,65.9495,7.90707,2
8.14729,1112,3,94.5059,-1.43014,-4.00371,1,27.9935,4.77611,2
9.84318,1806,3,45.9671,8.87935,-4.00207,1,32.2373,13.975,2
9.62939,1511,2,76.5226,7.00363,-3.98782,1,65.3944,6.44358,3
9.76861,1498,3,56.3013,5.36379,-3.9807,1,54.2185,2.58496,3
7.29971,1228,2,40.8494,-2.92053,-3.97848,1,51.1834,5.24273,2
5.07954,1106,2,1.26159,2.91687,-3.94064,1,58.6691,3.22835,3
7.63693,1732,3,90.4171,9.91062,-3.88768,1,23.9202,5.54586,1
11.2061,1187,1,113.677,8.71436,-3.83522,1,24.923,10.3741,2
5.93973,1315,2,0.0717527,0.838752,-3.82865,1,73.8426,6.77003,2
7.07874,1786,3,40.6265,3.94601,-3.81969,1,59.218,1.22231,3
8.39632,1797,3,18.7772,5.8461,-3.819,1,82.2446,9.03152,2
5.83286,1958,2,32.1329,-3.94659,-3.81167,1,78.5393,7.51145,2
7.24835,1271,3,12.3082,-4.29046,-3.76283,1,89.5736,1.4684,4
12.9069,1548,2,113.565,0.292348,-3.75996,1,48.2732,7.0292,2
11.4676,1401,2,90.9649,3.08593,-3.73038,1,74.0369,2.63625,3
8.90138,1399,1,102.834,-1.5124,-3.7236,1,76.4703,11.6622,3
9.51308,1852,3,61.2697,-1.44675,-3.71944,1,67.8159,2.59581,1
8.39097,1201,2,28.8359,1.62403,-3.70277,1,80.8925,2.63827,4
9.93744,1733,1,94.1287,5.10864,-3.69078,1,53.8679,2.71226,2
8.01085,1661,1,85.6743,-4.65072,-3.67677,1,44.4711,2.64802,2
9.64598,1913,3,98.2643,9.36393,-3.67351,1,41.5594,3.64887,4
6.28246,1955,2,34.1129,8.13036,-3.62759,1,33.8898,14.7955,1
7.25926,1294,3,47.0661,-3.38976,-3.60953,1,31.0902,3.4641,2
5.31438,1748,1,17.9099,9.33547,-3.58564,1,42.7035,5.61852,1
8.94184,1967,3,91.9495,6.34928,-3.58557,1,36.6945,6.38453,4
9.65356,1976,1,70.5358,8.35976,-3.56634,1,74.1665,1.34842,3
10.5494,1072,3,68.4344,7.27458,-3.4786,1,57.2619,13.121,3
7.26098,1344,3,41.7662,4.44702,-3.34295,1,29.5172,0.898438,2
9.47455,1434,2,72.9983,-2.56897,-3.28423,1,83.0461,13.2886,3
4.63924,1312,3,16.132,9.77691,-3.26953,1,37.7952,12.562,4
8.6117,1336,1,108.29,-3.15909,-3.24529,1,24.8981,2.53474,1
6.49249,1967,1,23.4289,4.13967,-3.24063,1,27.6684,11.8687,3
12.3764,1299,3,78.5083,-4.92842,-3.22617,1,59.5398,7.39948,2
10.2708,1849,2,105.044,-0.830908,-3.22158,1,65.6772,3.73674,3
11.4159,1391,2,109.721,4.33455,-3.20856,1,84.3063,13.2697,4
8.74003,1635,3,38.6024,-2.82049,-3.15319,1,88.3557,3.15429,2
11.8481,1439,2,114.286,-1.60339,-3.13921,1,77.8107,2.07092,1
8.35528,1194,3,103.835,-3.15065,-3.13593,1,49.4548,9.74969,2
12.2503,1717,2,114.436,7.84768,-3.11556,1,63.1744,13.9021,4
8.2897,1712,3,25.2129,5.32354,-3.10383,1,51.6155,9.60424,3
8.14096,1397,1,60.5755,2.62553,-3.10302,1,70.9802,9.11121,4
7.76258,1163,2,103.655,-3.21584,-3.06654,1,33.2888,10.5587,2
6.90313,1121,1,105.581,-4.75134,-3.03568,1,22.2046,8.76701,2
8.98956,1026,2,40.086,1.25141,-3.00504,1,75.9618,6.53882,4
10.8619,1160,2,69.1854,1.86918,-2.98812,1,71.5573,12.4063,2
9.91511,1699,2,112.568,3.51832,-2.98703,1,44.2051,3.85846,3
9.83497,1712,3,40.8268,8.79412,-2.92906,1,76.7385,5.25675,1
9.884,1226,1,103.14,-0.384922,-2.92137,1,80.2546,3.29426,3
6.20872,1444,3,7.83321,-2.05513,-2.91047,1,66.0371,9.17768,4
12.6359,1684,3,110.557,7.85673,-2.90229,1,31.9274,10.0288,3
9.70727,1034,3,46.7286,8.74017,-2.87563,1,20.0436,3.74358,2
9.01366,1005,1,90.2877,-2.15604,-2.85951,1,62.2358,12.8228,1
8.83286,1141,2,49.9542,8.18405,-2.8369,1,51.8324,14.8323,2
6.50528,1150,2,3.73789,9.46499,-2.80305,1,45.1972,14.9083,3
6.93436,1384,2,4.79376,5.858,-2.79865,1,84.1369,11.8119,4
9.08785,1460,2,36.2903,9.36738,-2.79367,1,76.422,3.06347,1
8.30317,1084,1,27.0193,-4.64751,-2.79035,1,84.9771,14.4868,2
6.37325,1499,3,26.4585,9.09997,-2.71568,1,59.5182,13.8932,1
7.94992,1757,3,34.3511,2.22246,-2.69629,1,78.5924,1.13833,1
7.26281,1625,2,32.5316,-0.619232,-2.6798,1,65.4203,4.42393,1
6.21669,1929,1,36.4205,3.71838,-2.64497,1,28.1031,2.06462,4
7.74221,1855,3,59.1579,-0.757999,-2.63378,1,29.6126,9.70442,1
8.30115,1609,2,8.53899,-3.29186,-2.60581,1,54.8447,14.7484,1
9.76289,1724,1,59.1042,2.26218,-2.59347,1,88.4299,11.7358,3
10.9451,1476,1,117.644,0.208185,-2.5781,1,52.7545,14.6951,4
9.26718,1579,3,116.044,0.795333,-2.56108,1,39.3378,4.51933,2
8.55955,1321,1,63.7553,-0.842402,-2.54861,1,31.6812,12.1658,3
9.41493,1668,2,97.1974,6.71911,-2.52836,1,81.205,5.93242,2
10.7929,1963,1,100.662,8.05055,-2.47514,1,61.7576,12.1403,1
9.08958,1482,1,84.7971,2.47365,-2.47035,1,58.6096,4.66731,2
5.46033,1129,3,36.1904,0.990846,-2.46461,1,21.7178,2.80073,2
10.7011,1166,1,74.1942,3.29304,-2.44916,1,80.8489,5.45504,3
7.03365,1120,1,94.0202,-0.60034,-2.44112,1,39.8058,4.18097,4
10.0082,1637,3,73.361,7.40632,-2.42257,1,66.814,9.87682,1
10.2894,1989,3,96.8032,8.76175,-2.40488,1,76.7735,5.83593,1
9.51658,1429,1,105.001,5.05412,-2.3575,1,29.66,2.19979,4
9.5859,1046,1,89.6494,-0.313721,-2.34598,1,24.5649,10.7342,3
6.56201,1890,1,51.2274,-4.32642,-2.31428,1,82.0681,9.25875,2
9.42237,1969,3,68.3048,2.9946,-2.21358,1,80.2081,9.35728,3
8.18055,1191,3,23.8791,7.77216,-2.20268,1,83.6703,14.7232,2
5.64104,1071,1,18.2458,6.70508,-2.19923,1,51.5208,12.155,3
11.3909,1715,2,115.953,8.1924,-2.17911,1,51.7371,0.179842,4
10.7781,1363,2,100.932,3.46863,-2.17062,1,86.6984,1.31808,2
12.6353,1500,1,114.374,-0.504326,-2.15184,1,20.5565,6.4717,1
8.27016,1987,1,39.2087,-3.69884,-2.08943,1,57.3442,2.02036,4
9.12926,1287,1,93.9792,-0.877912,-2.01735,1,67.974,12.6465,3
6.42403,1736,1,18.7835,-4.32162,-1.9595,1,75.3987,7.45351,4
3.42257,1400,3,23.6691,-2.67769,-1.95621,1,38.4593,1.82001,3
10.2459,1116,3,105.803,0.459732,-1.92279,1,59.9171,7.12683,2
12.8691,1821,2,97.0559,8.43687,-1.8684,1,46.3586,13.19,4
5.90287,1328,1,20.9742,-3.54954,-1.86575,1,42.1586,4.34585,2
7.39691,1129,1,33.6721,1.71132,-1.80402,1,63.7727,13.4367,3
7.05291,1444,3,10.9123,5.56598,-1.74863,1,85.1926,1.09475,3
10.2524,1588,3,81.2247,8.12399,-1.71917,1,66.7742,5.42286,3
11.3533,1399,1,107.096,5.00989,-1.69702,1,58.224,0.0188461,3
7.53994,1671,2,56.9344,8.25961,-1.69624,1,63.4147,12.8455,4
10.2194,1375,1,99.1668,-4.07048,-1.68228,1,35.5852,1.63947,1
11.4239,1084,3,97.161,9.90497,-1.64192,1,60.5324,13.2054,3
9.56365,1212,3,57.1268,5.44765,-1.57874,1,51.0514,6.9719,2
8.16118,1279,1,54.5941,1.6494,-1.5679,1,48.808,1.58909,1
4.83766,1113,2,32.3556,1.59842,-1.54525,1,41.2369,6.93022,3
9.68233,1959,3,39.3411,3.67324,-1.47691,1,59.3095,0.739948,4
3.86336,1148,3,3.80925,0.0324748,-1.43113,1,44.7698,12.0684,3
5.16735,1977,2,48.6507,3.67976,-1.42308,1,40.5557,11.983,2
9.20879,1381,3,58.8539,9.61145,-1.34736,1,81.8333,9.33187,2
7.1414,1878,3,59.1438,8.37318,-1.3448,1,48.5177,14.8893,2
6.02791,1730,3,40.2446,-1.03348,-1.34443,1,28.5679,4.88424,2
9.86399,1909,2,100.853,2.42963,-1.29064,1,68.5202,5.60219,3
13.3198,1601,1,111.918,-0.780305,-1.27995,1,50.3717,1.34529,4
13.3848,1228,1,108.962,5.67556,-1.26196,1,79.4958,7.71754,3
6.21188,1364,3,42.9373,6.28378,-1.23318,1,85.62,10.8202,2
10.1812,1517,1,66.3195,7.24623,-1.23285,1,37.5263,8.82631,2
7.35026,1217,3,28.9844,-4.4037,-1.22218,1,78.3047,5.53985,1
3.90952,1738,3,6.33183,0.28915,-1.20229,1,63.1528,3.14746,1
5.38248,1038,1,9.74756,-4.07298,-1.19204,1,76.3306,1.48592,4
7.58144,1695,1,14.5646,-0.55238,-1.1467,1,83.9484,2.52654,4
10.752,1914,3,79.1413,5.04072,-1.13929,1,83.731,11.6765,2
10.4379,1692,3,66.8805,-4.47216,-1.1268,1,80.3238,10.7448,1
8.73915,1895,1,27.9482,4.91966,-1.115,1,76.2848,11.7072,4
10.8886,1637,3,82.9061,7.36834,-1.09944,1,79.0982,1.27178,4
5.74707,1265,1,25.3808,-2.73059,-1.08656,1,75.251,3.79735,2
9.6396,1959,2,82.2533,-1.21886,-1.07444,1,81.5004,7.47263,2
6.46874,1171,1,36.4482,7.33908,-1.03833,1,88.5149,6.39042,4
9.4134,1654,2,51.9379,9.36809,-1.02663,1,76.4322,9.14006,3
12.4418,1085,2,105.805,8.08013,-0.993125,1,79.1957,8.11226,1
9.27653,1386,3,96.9243,-2.05849,-0.951702,1,84.279,2.39712,1
5.01978,1595,2,46.0331,7.79776,-0.941868,1,30.7335,8.49887,4
9.08039,1190,2,73.1637,-0.855256,-0.871088,1,34.6873,9.26185,4
10.3735,1138,2,92.777,7.05588,-0.854446,1,64.7135,1.25015,3
4.10204,1600,3,18.468,2.11039,-0.842229,1,20.2519,9.52997,2
7.90126,1371,3,60.007,9.11086,-0.787951,1,68.0246,5.30171,3
5.89556,1688,1,38.5025,4.84941,-0.783823,1,22.9741,7.23383,4
6.40867,1126,1,25.2331,1.89197,-0.775035,1,40.1798,12.8613,2
6.18664,1995,1,23.9058,7.69552,-0.7693,1,82.8632,11.505,3
8.92635,1767,1,20.6864,7.42713,-0.743064,1,58.1127,6.45777,3
7.63913,1007,3,28.6005,7.59909,-0.726422,1,68.6105,12.3555,1
7.93621,1302,2,54.042,3.41353,-0.707959,1,79.439,4.86377,2
7.302,1082,1,44.9458,3.5465,-0.705834,1,70.5421,7.28092,3
10.0259,1462,3,93.3656,1.08564,-0.697553,1,34.34,3.1008,1
6.75238,1804,1,15.6861,8.94237,-0.664953,1,80.8743,1.99365,4
10.1322,1400,1,80.2652,8.04804,-0.64072,1,40.5,4.45844,3
13.2582,1310,3,116.036,-3.33388,-0.619399,1,49.3532,2.66636,2
10.4137,1309,1,83.0461,7.97084,-0.601734,1,56.2732,10.5737,3
11.1823,1935,3,87.5172,8.92077,-0.479053,1,25.666,4.05539,2
11.6549,1677,1,78.9723,5.51903,-0.475504,1,68.0684,9.07891,4
5.05862,1795,3,29.0373,2.84188,-0.457525,1,32.0055,13.1513,3
10.1298,1518,1,49.343,8.91648,-0.399544,1,49.7052,8.08821,2
7.73058,1016,2,3.02389,5.71272,-0.346633,1,71.1286,14.0867,1
9.90056,1301,1,75.7651,9.86259,-0.324601,1,47.6648,7.1712,1
6.67469,1293,1,27.372,-0.632667,-0.32253,1,42.2554,3.51329,2
4.1853,1975,1,1.53185,9.93299,-0.30634,1,43.0583,6.81508,1
7.88555,1671,3,55.6724,0.31959,-0.301766,1,23.2731,9.33497,4
5.57691,1552,1,11.9394,-2.59218,-0.257184,1,20.0535,4.36901,2
10.7665,1017,2,77.8206,0.21863,-0.257162,1,76.7139,12.8754,4
5.66088,1858,1,24.1679,9.89476,-0.25,1,77.3818,12.3427,2
9.0086,1272,1,56.8705,7.40387,-0.241861,1,31.8352,5.36654,2
8.0665,1977,1,86.1617,4.17787,-0.211045,1,27.4923,2.62468,2
10.6058,1871,3,84.7956,-0.96633,-0.20627,1,46.7207,13.8812,2
10.1485,1801,2,99.4267,-2.60368,-0.204831,1,72.2851,8.40657,2
8.80977,1977,3,9.56581,5.47183,-0.168205,1,72.5871,8.1518,1
9.64752,1702,1,58.2349,6.30277,-0.154595,1,49.1033,13.1641,4
8.90072,1703,3,66.1392,7.82377,-0.134885,1,37.0598,13.3727,3
7.20346,1199,3,58.3779,-2.55725,-0.128371,1,59.1903,4.97926,1
10.9531,1210,1,85.1155,6.85357,-0.0977557,1,47.0407,5.79204,2
10.8234,1815,3,113.334,-3.82086,-0.0946406,1,49.3355,0.970805,3
8.44779,1182,3,104.687,1.46244,-0.0935156,1,32.4359,1.50409,3
8.30237,1837,1,64.7033,-4.81507,-0.0880816,1,77.8116,1.4334,1
9.6156,1976,3,79.4001,2.11004,-0.0867442,1,78.0464,13.697,1
11.1511,1589,1,75.078,-0.660798,-0.0719715,1,80.4476,13.3708,2
7.78798,1396,3,50.9821,1.61393,-0.0192735,1,60.654,10.4217,1
7.16457,1235,2,18.7022,-4.24056,-0.00504873,1,76.7415,2.1623,3
9.528,1895,2,66.3248,7.21518,0.026765,1,82.4396,8.22227,4
4.95081,1232,2,12.3019,1.09996,0.0350204,1,81.0243,2.70273,3
7.10553,1132,1,7.93982,8.20285,0.0809877,1,20.8964,2.81086,1
9.50182,1726,3,107.686,6.71448,0.132249,1,42.3541,7.59235,1
12.6534,1055,1,99.1861,5.71261,0.181737,1,20.6594,13.5289,4
8.28097,1229,2,31.8823,-4.71241,0.193955,1,83.1178,7.4152,3
7.08541,1008,1,39.1967,5.20607,0.213274,1,34.7819,2.27128,2
6.81362,1587,2,44.9666,-0.530512,0.257283,1,41.3997,2.23551,4
12.9938,1415,3,91.7581,5.55783,0.27452,1,61.9081,5.84295,2
11.1554,1297,1,98.6207,-4.80551,0.289058,1,53.4687,8.4067,2
6.47469,1945,2,37.5334,1.3307,0.315477,1,38.7415,3.91165,3
9.35717,1641,2,48.5962,-2.14171,0.373777,1,65.6072,5.48481,3
11.0332,1382,3,69.7907,-2.4968,0.383354,1,70.266,3.24171,4
8.14924,1224,1,80.7711,2.61321,0.42573,1,68.4806,4.29422,3
4.86813,1642,2,20.1624,3.44939,0.465597,1,83.1469,7.40898,1
7.9231,1802,2,73.213,9.74227,0.494277,1,34.8567,1.89024,3
9.57655,1049,1,106.632,-0.865946,0.497829,1,34.4734,1.02447,1
11.2397,1845,2,100.329,1.4867,0.51297,1,78.4126,2.25246,2
10.7182,1639,2,95.1114,8.47667,0.530139,1,54.4727,2.50631,3
5.85164,1480,2,2.02954,7.26796,0.531015,1,71.4163,10.2282,4
4.82056,1535,2,47.2363,9.14335,0.545615,1,34.6896,6.88301,4
5.63173,1770,1,12.4751,4.64353,0.548533,1,44.3976,3.84013,4
7.98426,1652,2,70.2934,5.6009,0.557281,1,23.4732,2.82724,1
6.72834,1748,2,14.6997,-1.13523,0.564687,1,59.2154,6.15101,3
7.18092,1628,3,72.8368,4.9337,0.569744,1,59.453,5.00456,4
10.4669,1556,3,115.67,-2.34388,0.666168,1,80.0643,2.6147,1
4.45119,1876,2,29.5618,2.20425,0.702866,1,23.3868,10.7585,3
9.44437,1267,3,51.18,7.48071,0.707419,1,88.9508,3.86926,2
12.0543,1102,1,111.507,6.87945,0.74177,1,42.1725,7.82925,4
6.86999,1606,3,46.5391,5.27451,0.745947,1,58.2609,8.19732,2
5.90473,1946,1,44.6499,1.18482,0.754086,1,33.6443,13.4735,4
9.4627,1771,1,65.3109,9.50225,0.761771,1,65.8951,2.89294,1
7.9634,1658,1,61.0669,-3.40206,0.773207,1,88.0833,5.98303,2
9.50611,1250,3,97.0592,-3.92464,0.774988,1,61.0252,12.0017,2
8.21112,1805,3,39.2329,-0.287997,0.781439,1,36.5352,10.6472,1
9.18668,1046,2,33.572,5.10973,0.792279,1,25.6718,9.45035,1
10.2165,1518,2,74.7056,9.55794,0.794619,1,63.6211,10.3508,2
11.3359,1855,2,74.0527,0.833458,0.843233,1,49.4168,9.01609,4
4.13187,1177,2,27.9007,-4.16834,0.8779,1,39.0285,0.015407,2
8.67607,1032,1,34.8055,7.85802,0.882506,1,76.0609,9.45019,3
10.8103,1683,1,118.959,-0.287079,0.93595,1,36.5031,7.1245,4
10.4842,1780,3,96.2191,1.03138,0.961422,1,42.3399,6.58999,3
10.9994,1020,2,93.1053,2.22197,0.976956,1,64.962,13.8817,2
12.5944,1406,3,96.8359,9.52835,0.981793,1,70.4539,14.4266,1
11.0642,1231,3,65.5938,7.49639,1.04378,1,70.4641,6.14882,2
9.57752,1663,1,62.1847,6.41341,1.06825,1,62.1427,1.28416,4
9.51722,1531,2,93.9958,7.73005,1.0774,1,42.504,9.24887,2
10.2047,1559,2,114.338,-1.69281,1.08592,1,36.8914,6.11199,3
9.73425,1773,2,75.6297,5.85269,1.09035,1,50.2777,3.78518,1
9.59205,1980,3,77.0183,-3.74602,1.10645,1,47.0194,0.836159,3
10.4707,1510,1,90.8076,4.08812,1.11735,1,71.062,2.59184,3
7.02361,1759,1,33.6546,7.71956,1.15403,1,63.5053,4.95221,2
8.67735,1701,3,19.6475,1.31757,1.1596,1,40.6354,12.0829,2
10.9991,1612,3,100.334,-3.05756,1.20208,1,78.6127,13.7541,2
11.7258,1806,3,114.111,1.21617,1.28797,1,62.4612,12.2276,4
6.52692,1739,1,37.2282,1.8358,1.35661,1,88.8278,9.49164,3
7.63889,1216,3,1.19086,9.83275,1.35979,1,84.8918,1.9798,1
7.38823,1376,2,44.815,2.34054,1.39134,1,85.7521,0.0395088,1
10.7203,1814,3,107.589,9.62471,1.42981,1,85.3021,12.6072,4
12.0908,1662,3,89.0704,6.9208,1.476,1,38.5074,14.5564,1
6.79349,1920,1,6.83745,5.18491,1.51665,1,50.7206,14.754,1
5.21329,1377,1,17.1068,0.569127,1.5384,1,69.8339,0.697042,4
6.41135,1802,3,53.2924,7.02878,1.58382,1,21.6207,1.46744,2
4.99193,1946,1,23.2547,7.34973,1.62331,1,75.6225,5.06555,4
7.52025,1377,2,71.2154,2.56728,1.63595,1,26.3441,5.95364,1
7.03332,1464,1,59.8762,5.45092,1.66666,1,42.5224,0.441796,3
11.7215,1972,1,100.484,4.10785,1.67865,1,79.0466,13.5717,2
3.83505,1105,3,6.74113,-2.21781,1.67968,1,64.9117,1.65472,4
7.19936,1006,2,38.1648,0.923474,1.69744,1,56.6516,4.24951,1
6.63257,1040,2,37.4237,7.03395,1.70262,1,42.476,12.0098,1
6.70952,1400,1,52.3495,1.9409,1.73092,1,65.9156,5.73802,1
12.4937,1703,3,94.8616,-1.03606,1.77084,1,65.2607,9.07959,1
6.7759,1510,2,6.55613,7.97029,1.82671,1,29.8344,10.995,2
6.66816,1370,2,26.9589,9.27548,1.83761,1,23.4173,9.69691,3
8.20841,1728,1,74.8055,1.59849,1.86206,1,32.9164,3.5559,4
10.6971,1423,3,102.943,8.51284,1.90211,1,66.5878,8.1704,1
10.9569,1147,1,66.2055,2.44351,1.90888,1,85.4422,13.9482,4
6.61767,1542,1,38.4358,-2.65672,1.93549,1,56.4932,11.2988,4
8.62483,1972,1,28.9398,8.13184,2.00021,1,79.2092,3.5509,3
10.0873,1395,3,83.5387,0.617719,2.01708,1,41.7506,11.5631,1
7.9484,1372,1,70.3038,5.26693,2.03741,1,23.9338,9.20541,2
11.5965,1394,2,118.428,7.84026,2.08041,1,77.4361,3.34127,2
7.37385,1928,2,30.3927,3.47018,2.0953,1,84.9915,1.99214,4
9.23224,1718,3,61.0751,-0.454753,2.11736,1,35.1194,9.4771,1
4.34844,1647,1,9.03345,4.30567,2.13201,1,31.6063,3.44976,4
9.35949,1232,1,48.2888,1.51365,2.1361,1,74.039,14.7393,2
10.3232,1355,3,98.355,-1.94266,2.13663,1,70.0289,1.38262,1
5.03177,1970,3,9.47273,7.0489,2.19782,1,69.1404,1.15902,2
6.67441,1172,1,56.6283,1.4917,2.20383,1,34.1682,2.83611,3
9.95375,1423,1,76.0667,6.23422,2.23375,1,62.6987,3.25557,2
7.06,1380,1,12.2217,5.48433,2.25662,1,25.7002,9.10348,1
5.48489,1885,2,6.6889,1.7525,2.25785,1,88.4924,10.8805,2
8.09791,1671,2,65.0418,9.86078,2.26596,1,41.4001,12.6602,1
7.88188,1011,2,6.79507,2.60898,2.27346,1,61.0153,11.0958,4
7.15974,1219,3,59.1636,3.45736,2.29312,1,63.2147,11.7525,4
10.7718,1735,1,87.6266,7.38506,2.33605,1,81.4374,9.41471,3
5.2902,1887,2,6.54111,0.0600103,2.352,1,49.8695,5.63289,2
8.60383,1482,3,86.1682,3.76707,2.37434,1,55.6326,7.03022,2
12.5882,1181,1,117.734,-1.54981,2.41998,1,39.6802,4.58943,1
8.59516,1791,1,63.7125,-2.41892,2.43131,1,69.8887,2.18966,2
10.1463,1024,1,91.3022,4.76782,2.44489,1,50.6125,12.9535,2
7.20306,1189,2,29.4545,5.11532,2.45316,1,49.9031,4.44313,4
6.98516,1920,3,0.998393,-4.95076,2.46789,1,42.8851,13.0896,3
6.02353,1142,3,14.3053,-3.084,2.5064,1,70.1402,12.1711,1
6.38068,1525,2,12.5345,7.18366,2.53615,1,88.7548,4.02105,4
9.17817,1550,3,79.5657,-2.3945,2.55011,1,43.7918,14.2301,2
8.47191,1811,2,56.899,6.71406,2.56222,1,42.7809,3.05891,4
11.7196,1107,3,101.177,-0.716474,2.57158,1,70.3144,0.222412,3
6.15694,1395,1,70.5601,7.05636,2.58388,1,29.3316,11.3837,2
5.30506,1645,3,23.455,4.83797,2.60823,1,87.7357,7.61508,4
9.68494,1156,2,75.0396,-2.57766,2.63013,1,50.5114,10.4202,1
10.6774,1929,1,108.509,-1.60708,2.66746,1,74.2754,13.023,4
10.0896,1289,2,60.0366,0.273436,2.67832,1,73.3562,13.9368,1
8.86803,1061,1,77.8985,7.21868,2.69083,1,38.0203,0.356464,1
6.84262,1100,1,25.4497,8.66975,2.71394,1,48.416,10.1415,1
5.00934,1333,1,33.481,8.40129,2.71619,1,57.2862,7.74442,2
11.2934,1269,1,78.954,-1.48121,2.7913,1,48.1693,14.7855,1
8.8357,1712,2,26.2871,-3.34567,2.80909,1,77.0139,4.3526,3
7.41295,1200,3,47.7606,-2.28208,2.81287,1,53.7476,10.5669,1
9.91317,1676,1,76.1236,-0.0217502,2.8278,1,48.6173,1.73787,4
4.99054,1992,2,5.85196,-2.74255,2.85193,1,71.1275,10.9608,2
12.6695,1933,1,114.856,-1.36607,2.86078,1,88.2504,3.71946,4
9.48042,1773,3,68.5088,7.26749,2.86893,1,38.9814,1.25289,1
9.88095,1990,2,76.858,5.9249,2.87611,1,41.6201,4.39976,1
1.88143,1454,2,26.0944,-3.05329,2.89025,1,20.2052,1.90506,3
6.25786,1641,1,28.0575,-4.9491,2.91814,1,31.8553,7.0368,1
8.00335,1428,2,53.5064,6.47519,2.99064,1,33.751,7.2847,2
9.0799,1758,3,87.7784,0.108049,3.00651,1,35.0323,11.8544,1
6.32602,1643,3,42.5674,2.62652,3.06522,1,24.7072,2.2836,1
8.16871,1758,2,84.0417,-3.84766,3.12228,1,54.4308,13.7272,2
4.40026,1085,3,1.09044,6.57387,3.17661,1,65.2028,2.35414,1
10.2779,1504,1,115.689,4.45931,3.2359,1,59.6715,1.76712,4
10.5777,1914,2,77.4285,9.84182,3.25386,1,35.863,13.9077,1
8.86478,1513,2,62.1989,7.50798,3.25415,1,79.247,11.3951,3
10.0775,1019,3,53.1186,7.61762,3.28294,1,45.6798,6.77679,3
10.7878,1573,2,119.378,4.19925,3.30269,1,31.0014,12.7361,3
5.78318,1301,1,47.7135,-0.738173,3.3345,1,54.4829,13.3892,1
8.76787,1663,3,60.334,-0.0881184,3.37143,1,39.6358,4.99151,3
5.53881,1850,1,47.3487,1.60115,3.38069,1,20.8601,6.04388,1
10.487,1206,3,56.3986,7.98459,3.39545,1,62.6691,13.3943,1
7.7507,1263,2,23.662,5.90217,3.40568,1,63.1551,8.05036,3
8.17764,1546,1,43.8817,1.28244,3.40689,1,74.9421,10.5256,4
10.4538,1252,1,78.8437,7.85417,3.50331,1,41.9638,11.5875,1
8.19352,1962,1,89.8027,6.185,3.52298,1,57.7967,7.8683,4
9.9158,1474,3,84.8372,2.58393,3.53736,1,45.1454,4.22098,4
7.40629,1358,1,37.864,9.34151,3.54894,1,36.6325,14.3673,1
8.28559,1661,3,42.5877,4.7263,3.61949,1,39.0246,11.3765,1
10.1004,1984,2,73.6764,0.660922,3.62546,1,33.6608,8.8516,3
5.66149,1648,3,40.9493,2.57731,3.63412,1,57.6146,3.34424,2
11.0424,1466,1,108.845,6.72793,3.63963,1,26.5478,0.491283,3
5.52578,1699,1,1.92338,-3.8406,3.68296,1,21.1457,2.61017,4
9.1147,1553,3,69.5751,3.39844,3.70222,1,27.1487,7.14893,4
6.33981,1538,2,42.5458,-1.7992,3.70424,1,59.4564,6.88401,1
12.341,1989,2,76.9159,7.10631,3.74149,1,73.8944,5.43993,1
6.23578,1234,2,29.881,6.20023,3.74535,1,68.926,0.186595,2
9.56857,1821,3,52.6957,3.07022,3.74819,1,56.1649,3.7413,4
7.82842,1479,2,46.0241,9.90358,3.79595,1,71.4088,6.9477,3
10.9822,1501,1,103.724,3.51152,3.80333,1,43.7703,2.30965,1
5.40551,1901,2,54.339,-1.68004,3.81005,1,36.4929,8.29743,4
7.0761,1640,2,2.52443,5.4179,3.84917,1,81.7496,4.33411,1
9.09315,1447,3,34.7327,-0.979636,3.96089,1,79.0405,12.2875,4
5.84974,1864,2,18.0733,-2.14479,3.99424,1,44.8606,10.0281,3
10.3035,1021,2,38.1104,-1.5305,4.00126,1,73.4083,13.6791,2
9.67604,1337,3,104.403,4.28779,4.01242,1,88.3975,4.99731,1
7.53005,1579,2,80.4918,-0.163218,4.05456,1,34.5668,0.654619,4
11.4911,1381,3,96.6117,6.6532,4.10802,1,78.0488,5.60958,2
7.69516,1177,3,55.193,1.47956,4.11463,1,63.38,14.1803,1
4.20443,1011,2,10.2124,-3.69754,4.1152,1,62.6982,3.07943,3
8.50319,1006,1,65.6013,-2.95909,4.13927,1,77.2183,9.53709,2
12.7399,1665,3,101.461,0.23509,4.15787,1,87.3914,3.89667,1
6.25953,1992,3,18.1719,0.585765,4.16306,1,40.1073,7.10151,3
9.59475,1642,2,79.1628,2.05601,4.16779,1,28.9662,9.2761,4
11.3871,1368,3,108.987,8.54542,4.18771,1,46.1958,3.31482,4
8.69845,1940,2,3.51593,0.650089,4.19491,1,89.9692,14.33,2
7.27533,1771,1,81.3376,-4.62511,4.2984,1,20.1038,7.66692,4
6.85304,1067,2,24.0678,4.36119,4.30449,1,40.3849,13.1203,3
4.71962,1727,2,34.4883,4.36989,4.30522,1,47.7661,7.6127,1
5.24799,1844,3,10.6812,-0.701631,4.35108,1,69.7292,6.76934,3
8.9163,1117,3,41.4967,8.14898,4.35196,1,81.508,11.252,4
10.8286,1287,2,99.4126,4.61896,4.39062,1,69.6216,4.618,1
10.815,1635,1,60.3157,9.5303,4.40358,1,65.3571,0.880522,2
9.16787,1240,2,63.5592,0.203901,4.42665,1,34.0991,13.697,3
8.6113,1691,3,73.5355,0.794639,4.4947,1,73.6801,12.1164,2
7.15821,1876,2,50.9753,1.66845,4.50906,1,60.0928,5.39783,4
11.6325,1467,2,81.2926,-3.81126,4.52527,1,81.2091,1.23322,1
5.36012,1153,1,53.1753,0.986659,4.59226,1,38.0733,8.00772,4
10.7984,1947,1,115.9,5.01188,4.59319,1,87.926,5.52158,1
7.85476,1880,1,31.5897,7.02094,4.59374,1,84.1258,10.5224,3
6.18051,1229,2,4.8421,1.23085,4.61347,1,31.4317,12.3228,3
5.70371,1290,1,7.30867,-4.29435,4.62422,1,23.5848,5.4933,3
5.77214,1365,2,30.9872,1.23601,4.62939,1,75.1934,11.4786,1
6.21454,1299,3,59.0402,3.08883,4.65411,1,43.9902,4.67157,3
9.01258,1152,1,101.706,-4.04157,4.65674,1,28.0214,8.6163,3
6.91545,1923,2,51.0607,7.74289,4.70785,1,21.4928,7.84584,1
11.2135,1824,2,42.7915,7.53896,4.71817,1,84.1617,14.5322,1
9.69736,1230,1,102.069,-0.832113,4.72523,1,57.9709,13.7368,3
5.19481,1077,3,32.596,-0.0913735,4.74546,1,37.515,5.03479,3
9.38037,1974,1,45.4017,-0.289152,4.77251,1,25.914,7.87859,1
4.20878,1305,1,2.9966,1.14618,4.77263,1,32.9209,0.668547,4
9.16213,1997,3,15.7296,3.4895,4.77495,1,23.8324,6.66498,1
11.0972,1167,2,91.8128,9.96882,4.78473,1,55.8419,5.54085,4
8.98113,1034,1,56.8528,-1.71555,4.79538,1,25.4931,5.80001,3
7.27978,1372,3,17.6731,9.86126,4.79702,1,50.8306,10.4349,1
7.38504,1322,1,22.785,-0.563322,4.84734,1,72.2582,8.87086,2
12.2675,1422,1,85.5617,1.85756,4.86722,1,72.2079,14.146,3
9.30349,1674,3,108.691,2.08349,4.88232,1,29.5373,13.8982,2
9.98371,1901,1,87.8663,-2.05627,4.94903,1,69.0477,2.86159,4
7.60061,1917,1,26.9182,5.84596,4.96032,1,79.4994,11.6236,1
7.03212,1582,3,43.1309,-3.36168,4.98198,1,74.74,3.54919,2
9.25272,1638,1,113.368,6.78277,5.00108,1,34.9319,1.95455,4
5.6991,1936,2,6.23593,1.18091,5.009,1,37.8322,11.0189,2
9.38962,1703,3,60.3759,3.68787,5.01039,1,50.9386,5.23695,3
11.3639,1993,1,75.8067,-4.33485,5.01371,1,85.6256,8.23027,4
5.96327,1963,2,17.4619,-1.87219,5.04892,1,78.0797,9.47189,4
8.42131,1155,3,22.0296,7.32867,5.06171,1,66.9018,10.6149,1
10.2173,1814,2,77.269,-3.27606,5.08093,1,54.0689,7.01506,3
11.1585,1301,1,69.2257,3.00823,5.09622,1,82.8706,9.5029,1
7.07572,1841,2,35.27,7.49101,5.10798,1,61.9432,0.0454131,4
6.39098,1915,2,21.5107,-1.22173,5.1235,1,84.9211,4.57805,3
8.35187,1942,1,30.8515,1.59468,5.17871,1,71.4015,5.5986,3
5.25451,1015,1,14.0645,-4.25042,5.23464,1,29.5712,12.2096,2
7.27649,1222,2,12.7948,9.40049,5.26558,1,61.0452,7.54356,2
8.22186,1534,2,44.3259,1.9496,5.30992,1,46.7019,12.5102,3
10.4679,1021,3,43.5906,3.53926,5.32788,1,69.3736,8.97427,1
9.21888,1391,2,40.1331,1.00861,5.33439,1,42.9215,4.93366,1
8.60153,1989,1,62.0542,-4.07892,5.35357,1,50.3176,10.1427,2
8.35631,1295,1,75.5063,7.91379,5.38142,1,81.3478,1.06542,4
10.4215,1876,2,100.037,-3.84832,5.38472,1,65.9895,4.37029,3
9.84091,1050,1,87.4534,9.59443,5.40656,1,77.9064,4.33163,4
9.31588,1376,1,104.127,2.78212,5.45585,1,53.3698,3.78449,4
3.79403,1816,2,20.9291,-4.78751,5.60448,1,42.4101,6.08438,4
11.8381,1064,3,117.122,-0.523428,5.64333,1,81.4782,10.8295,3
9.21575,1161,1,77.3799,5.49898,5.69207,1,37.9144,6.31122,2
9.77625,1038,2,81.9049,4.90985,5.70424,1,23.4232,12.7703,1
5.77771,1208,2,6.13802,4.12394,5.72992,1,54.8312,13.3317,4
6.56678,1930,2,50.086,5.25074,5.75819,1,54.3112,4.7453,4
6.95075,1570,2,49.8129,1.8205,5.76199,1,64.776,4.83667,3
9.77524,1961,3,113.734,0.289172,5.77093,1,46.7196,6.45372,2
12.151,1048,2,106.9,2.71752,5.77395,1,82.7569,2.02489,3
5.58685,1779,1,30.058,8.85509,5.77606,1,79.2367,10.3041,1
10.0141,1107,3,69.8922,-2.56961,5.8048,1,68.8296,7.80967,2
7.65361,1788,2,90.1413,-0.0931065,5.85836,1,36.6649,11.2082,1
6.508,1453,3,8.71987,3.59175,5.89768,1,51.1301,3.15223,2
7.95643,1678,3,79.8918,4.45558,5.9136,1,23.2899,14.4293,1
10.9679,1867,1,65.575,7.01097,5.95331,1,80.281,9.60959,2
10.882,1600,1,79.9662,9.17353,5.96026,1,28.0765,7.16615,1
7.69002,1021,2,50.43,7.18737,5.96479,1,21.7187,1.32668,1
9.88875,1531,2,95.7598,-4.9495,5.99301,1,23.6074,3.64163,2
5.47031,1941,3,28.0869,5.36324,6.00308,1,47.2426,9.27155,4
5.19979,1152,2,19.5642,7.47803,6.01112,1,42.6278,13.2091,1
8.35847,1662,3,109.148,2.39256,6.03782,1,63.6116,1.81627,4
5.95394,1508,1,48.6237,2.06012,6.07575,1,79.7755,11.6258,3
8.74508,1826,1,74.7059,3.44201,6.15656,1,63.2056,8.35648,4
9.23937,1110,3,57.8421,8.89412,6.1774,1,52.0343,12.9126,1
6.42981,1416,1,65.2087,-4.29114,6.26809,1,48.4181,13.3169,2
9.11002,1421,3,106.33,5.92656,6.31498,1,51.9982,11.7461,2
5.22829,1909,2,31.778,5.30507,6.31743,1,58.1704,10.446,2
6.6462,1033,2,29.5017,4.99184,6.3658,1,28.4235,13.5001,4
12.6593,1210,3,112.614,8.9606,6.37027,1,33.9653,10.2068,1
10.4399,1038,3,114.91,6.96629,6.39937,1,84.6498,1.08428,1
6.88505,1266,3,20.9744,-1.3089,6.4128,1,53.0463,7.2823,1
8.71417,1477,3,60.5565,3.62465,6.44103,1,74.0627,7.84418,2
7.73575,1294,3,63.544,8.26115,6.47098,1,39.4009,13.738,4
8.09475,1364,2,71.3817,5.27172,6.49573,1,41.7306,14.3487,2
11.5833,1959,1,102.528,4.5892,6.52756,1,47.069,13.9291,1
12.5542,1661,3,100.842,4.89267,6.55378,1,78.9675,3.99501,4
8.48437,1107,2,50.2919,2.74203,6.56719,1,35.4945,1.43864,4
10.2073,1524,3,100.909,7.81385,6.59163,1,46.6633,4.33933,3
11.0343,1499,3,69.714,2.8834,6.63108,1,61.1618,4.02907,4
7.97772,1102,2,71.098,-0.494753,6.65035,1,20.8532,9.17364,1
10.3467,1593,2,83.1087,5.29654,6.65045,1,48.2464,1.07522,2
9.62506,1726,1,63.8832,-0.269789,6.68922,1,87.9354,3.85707,3
6.97432,1389,3,23.0779,-1.20896,6.70876,1,21.2947,2.09507,4
8.09297,1558,2,90.0193,3.6072,6.7571,1,64.332,12.1366,2
5.14438,1499,3,24.4213,1.6844,6.78169,1,28.2121,8.29299,2
11.7879,1260,2,105.796,3.89107,6.7932,1,32.4198,14.1029,4
8.65858,1663,3,48.3287,6.29322,6.81553,1,84.0157,5.99877,3
5.11217,1734,2,1.81328,-1.63173,6.87852,1,21.353,13.0302,4
9.22305,1632,1,76.8738,4.34184,6.87963,1,37.0771,12.422,2
13.7365,1864,1,107.483,-4.98964,6.94472,1,89.9889,6.5549,4
10.1042,1308,3,98.7042,0.704731,6.9792,1,78.8847,1.7554,2
5.27027,1701,3,1.76321,2.24831,7.00031,1,80.9777,1.68638,1
8.51636,1671,1,77.4641,1.03568,7.08134,1,32.6379,0.518495,2
8.24818,1123,1,69.2824,8.98897,7.13429,1,79.6959,8.93679,3
13.1235,1219,1,116.708,7.95488,7.16966,1,87.4784,11.7164,2
7.74317,1069,1,27.9455,2.58539,7.18412,1,85.8733,8.44207,3
9.39827,1466,2,103.877,6.37342,7.25858,1,40.1415,7.34888,3
12.3411,1487,2,103.334,9.83306,7.33928,1,75.9344,2.40981,3
9.66689,1606,1,96.3805,0.78877,7.36189,1,49.0897,0.278088,1
11.2504,1842,2,99.2763,5.39663,7.38233,1,84.3683,12.4206,1
11.0264,1461,1,76.4763,-1.73137,7.39199,1,47.9416,8.14584,1
7.44632,1494,1,31.3019,2.22574,7.39257,1,48.9166,11.5822,1
4.90184,1390,3,32.6778,-2.24867,7.41054,1,39.9997,4.31972,2
3.30661,1425,3,9.94975,1.36401,7.42645,1,26.5773,14.6789,1
2.37639,1031,2,2.51209,-3.53541,7.42874,1,49.4879,11.8473,1
5.8965,1558,3,3.09235,-0.63485,7.49569,1,28.1622,0.660644,1
9.27684,1476,1,39.7623,6.08162,7.50817,1,74.8626,6.16077,2
10.5246,1662,3,74.7227,3.75458,7.51646,1,78.2256,3.47969,1
9.01057,1418,1,41.0671,-2.07721,7.51822,1,48.9029,9.24191,1
6.9019,1258,2,23.4855,6.93362,7.54451,1,79.5795,1.501,3
10.5983,1804,2,77.4687,-4.61425,7.55399,1,86.6758,5.36452,1
9.47344,1038,3,41.0559,-2.13823,7.56707,1,79.6348,5.4406,3
8.55639,1748,2,46.0177,4.87611,7.59656,1,64.4586,4.30114,1
9.32618,1508,2,89.0021,9.9469,7.61966,1,61.566,11.8625,1
8.58127,1810,3,55.8404,2.19807,7.62975,1,31.217,1.19089,3
8.78064,1111,2,67.4487,1.12944,7.63613,1,77.1272,5.85561,3
10.8237,1458,3,85.1327,1.38207,7.65808,1,76.365,9.19608,2
11.3847,1299,3,117.403,-3.69168,7.69567,1,63.6131,9.65599,1
10.7482,1538,1,112.919,5.20595,7.73208,1,26.263,9.55447,4
9.75638,1742,2,65.9661,-1.99701,7.76156,1,85.266,10.8333,1
11.9993,1786,3,78.6208,2.19601,7.77716,1,74.6214,12.5106,1
9.3495,1206,3,64.6036,1.13194,7.77814,1,64.6619,2.47631,3
11.6436,1607,3,119.477,-2.83879,7.80875,1,47.1847,14.7425,1
7.55399,1724,2,48.8889,-4.19043,7.81424,1,86.2524,14.1599,3
4.68763,1818,3,15.154,-4.25215,7.82068,1,62.7586,1.63359,2
8.66692,1060,1,67.6672,8.82463,7.82265,1,79.6398,6.99548,1
10.2796,1738,1,118.984,-3.26717,7.82414,1,38.7226,2.89082,4
6.9394,1980,1,9.23754,1.67648,7.82512,1,66.8564,7.17072,4
9.93874,1338,3,100.454,-0.859518,7.85535,1,28.3034,14.2386,3
5.71254,1424,3,18.8113,2.82393,7.8665,1,30.3412,2.62162,1
5.918,1108,1,55.1215,4.27845,7.88368,1,67.6324,14.5603,1
10.1232,1985,3,89.9671,3.2312,7.89109,1,69.0027,10.88,3
11.3268,1824,2,106.78,0.740496,7.91135,1,50.7663,11.7561,2
12.0623,1147,2,98.4081,-2.70118,7.92501,1,74.4425,8.38548,1
6.3714,1194,2,53.302,-3.70543,7.95415,1,28.7261,10.5991,3
8.88652,1215,1,69.0431,6.78905,7.95744,1,56.6925,8.86693,3
8.49833,1330,3,28.6502,5.44063,7.9666,1,60.1489,6.38647,2
10.1661,1933,1,92.0122,3.22704,8.01868,1,76.9206,14.2161,3
8.48195,1523,1,69.0798,1.56668,8.02316,1,76.9535,8.60521,3
10.6361,1790,1,76.725,2.7899,8.0331,1,37.3121,10.2024,1
8.02196,1956,1,74.2302,0.439986,8.05084,1,65.5257,4.23843,1
13.0952,1163,2,103.799,-2.9588,8.1041,1,22.147,13.2193,2
5.52727,1508,2,54.924,1.1947,8.11729,1,73.7575,6.39417,3
9.83113,1669,1,106.917,7.00188,8.14189,1,70.9321,14.0293,3
8.04916,1876,1,80.3944,2.17705,8.16533,1,46.3244,9.32854,2
10.4401,1006,3,61.954,1.5096,8.1683,1,29.2342,14.9009,4
6.18645,1804,1,35.4989,3.92675,8.17911,1,81.2167,0.876575,4
8.27488,1158,2,77.4723,-1.32528,8.18652,1,58.6394,10.6362,3
6.80266,1062,3,35.197,1.82719,8.19716,1,79.1756,11.1612,1
8.25736,1802,1,9.67385,-2.10493,8.22289,1,41.9563,6.46342,3
12.0879,1513,3,77.2748,8.80793,8.2953,1,53.848,8.68513,3
8.64007,1904,2,70.297,-3.88345,8.3319,1,24.1196,8.78387,2
7.54003,1904,1,30.143,8.06262,8.38062,1,22.7492,2.30079,1
11.6499,1900,3,111.654,4.63987,8.40974,1,45.1575,14.6883,3
10.1688,1871,1,65.7774,3.95805,8.4845,1,20.0271,10.0383,3
10.4479,1787,2,92.5492,-3.81448,8.50852,1,38.7418,10.0405,1
10.816,1816,3,109.299,6.75,8.52199,1,70.313,0.307926,2
5.79165,1205,1,0.742059,-2.80904,8.66375,1,47.3323,0.846404,4
7.06903,1216,1,106.695,-4.00961,8.67826,1,20.8657,3.5487,3
5.97323,1665,3,12.0186,3.23334,8.76445,1,48.8022,7.16913,4
6.98981,1766,3,59.7538,5.85606,8.7707,1,45.2393,7.65856,4
7.13177,1890,2,24.9049,6.52012,8.77266,1,82.9026,11.8183,2
12.4547,1549,3,98.7604,2.29933,8.77848,1,56.9168,6.95161,2
7.50456,1581,3,78.9792,4.89401,8.80757,1,82.1186,6.56729,3
10.4684,1935,1,98.9692,1.52635,8.83184,1,57.1153,4.12106,4
8.56092,1237,3,54.6474,9.53746,8.87997,1,48.2722,2.85936,3
5.68117,1549,1,23.2349,-4.46641,8.89453,1,53.9053,12.3705,3
10.1426,1855,1,81.2513,6.7803,8.90519,1,42.0941,13.2421,2
8.45714,1701,3,65.6315,-4.81647,8.96633,1,42.7308,11.8527,3
6.97189,1672,1,50.6129,7.30527,8.98027,1,51.368,3.6419,2
6.74459,1252,3,74.8798,-2.67972,8.99649,1,21.5716,6.16927,4
5.76543,1089,1,33.4042,-4.63137,9.07605,1,69.3815,11.5393,2
7.6908,1273,3,51.7481,-0.589861,9.08144,1,55.9338,0.000126483,1
9.60137,1758,1,81.2872,4.68028,9.08932,1,65.7121,1.27539,4
10.9739,1652,2,97.577,-2.29196,9.09219,1,66.8632,1.0298,3
6.1009,1413,1,17.1451,6.06217,9.11557,1,24.9338,4.38163,1
7.44445,1174,2,70.1452,-4.24155,9.15576,1,58.253,4.67708,1
11.7344,1331,2,99.5479,2.46619,9.15845,1,44.0217,12.5708,1
9.84988,1954,2,95.6018,-4.34903,9.2041,1,36.4244,1.08787,3
9.54302,1525,3,47.7352,-4.66003,9.21969,1,75.1422,0.575101,3
11.7014,1860,3,108.733,0.0295845,9.24827,1,69.0289,5.14449,1
8.12265,1266,1,39.5255,1.70382,9.25799,1,49.1582,7.74038,1
7.21699,1999,1,43.4122,6.32413,9.26805,1,31.8718,13.439,3
10.503,1509,2,110.211,7.34017,9.3127,1,30.8348,4.31776,4
10.6794,1428,3,84.2529,2.06408,9.36927,1,74.6417,11.1042,3
9.182,1496,3,106.491,-1.66921,9.38643,1,35.6977,14.6076,1
9.94967,1655,2,117.041,2.33839,9.39487,1,69.1976,4.50037,4
7.56965,1341,1,19.9846,3.75487,9.4002,1,85.6859,1.31894,4
9.26163,1018,1,96.8974,9.71762,9.41761,1,40.8764,10.2638,1
9.9201,1925,1,113.49,6.86416,9.43266,1,73.8459,11.9308,2
12.9773,1160,2,106.593,-0.485035,9.46048,1,34.9881,10.7639,2
8.31136,1080,2,85.3346,5.97049,9.46502,1,27.7709,0.118878,1
8.68023,1734,2,46.7322,3.60019,9.53465,1,53.0635,13.3952,1
10.5162,1998,1,66.4045,-1.74689,9.55033,1,70.159,3.18343,4
4.86073,1930,2,32.2634,1.05193,9.57345,1,64.8812,0.144426,2
6.23007,1720,1,36.333,0.00182992,9.57967,1,20.226,8.47965,1
10.1647,1426,3,102.398,7.92581,9.59846,1,61.5303,12.3005,3
9.9072,1396,3,94.5642,5.05186,9.60437,1,59.6419,4.5367,2
6.83042,1161,1,57.012,1.83575,9.73997,1,57.0066,14.3869,2
10.2271,1907,1,117.595,3.91687,9.80275,1,52.028,11.9387,2
6.34546,1619,3,33.4433,6.02406,9.80826,1,29.3289,9.44807,4
8.30331,1160,3,75.5469,1.51875,9.82612,1,31.9678,10.4499,4
11.1408,1300,3,91.9617,-0.44241,9.83041,1,84.4962,4.7369,2
7.86236,1763,3,9.43521,3.24177,9.8404,1,72.6795,0.0153225,4
7.38237,1970,2,50.3553,9.20376,9.87261,1,28.8321,8.64335,4
9.04016,1489,3,37.5118,1.85897,9.87342,1,72.4974,5.79861,3
11.6309,1187,1,91.903,4.78059,9.96237,1,80.5283,7.54397,4
8.33539,1362,2,67.6703,4.2595,10.008,1,63.9484,6.08523,1
6.81394,1476,2,64.4731,1.26821,10.0173,1,28.3873,11.6599,1
9.35232,1184,3,64.5864,-2.79267,10.0729,1,72.0607,3.60812,1
11.246,1013,1,116.005,3.81841,10.1186,1,24.3221,0.322186,1
12.3594,1190,1,106.583,7.47533,10.1459,1,88.8055,14.3062,1
7.05107,1142,2,8.16448,1.56055,10.1675,1,48.1883,12.9638,4
7.71135,1945,1,53.6057,8.7039,10.1686,1,86.8266,8.75354,1
7.66918,1928,1,28.3932,-2.406,10.2022,1,68.7982,7.51362,1
6.93363,1542,2,67.9022,-4.57725,10.205,1,56.6656,7.76822,4
7.25877,1454,3,48.0428,6.51426,10.2537,1,52.7951,0.744399,3
8.11502,1803,1,71.6222,8.84765,10.4383,1,42.6063,11.8433,2
9.62122,1061,2,32.5131,2.26729,10.4808,1,76.3985,10.425,2
8.63314,1040,3,14.7941,2.75445,10.5005,1,65.8306,14.1676,2
5.63871,1749,2,19.3635,9.29432,10.5871,1,83.0416,9.55223,2
7.17498,1317,2,2.70774,0.602614,10.5914,1,71.6307,6.61841,3
8.20163,1502,1,46.5799,-1.1689,10.6538,1,53.5816,0.704862,2
8.48241,1145,3,44.5761,3.40248,10.6745,1,37.8833,4.91776,2
11.885,1101,2,99.0162,-4.07788,10.682,1,88.1109,9.48966,2
12.9868,1927,3,110.464,3.83727,10.7007,1,32.7146,10.338,1
12.4217,1886,2,111.427,8.30539,10.7095,1,47.1492,6.50789,1
8.76697,1832,1,88.1239,-0.362249,10.7149,1,27.277,12.0978,1
4.25685,1011,1,23.5553,2.92115,10.7508,1,80.8912,10.4926,2
8.55307,1448,1,29.9603,6.91496,10.7563,1,86.6527,10.8176,4
9.04064,1608,3,39.7098,8.90067,10.8176,1,46.7516,1.99379,2
5.65773,1613,2,16.0534,4.82639,10.8542,1,54.0482,10.449,4
10.5001,1911,2,105.112,-2.65478,10.8592,1,84.7202,6.35392,2
8.63051,1307,2,92.6582,5.37044,10.8799,1,52.9434,8.33055,4
11.5039,1445,2,104.889,8.56765,10.9321,1,67.5304,1.07027,2
5.37807,1351,1,23.7836,-4.85099,10.9345,1,88.7864,11.6055,3
8.90294,1209,2,112.031,7.06355,10.9653,1,31.3532,10.1743,2
5.03758,1288,2,10.3339,8.96831,10.9861,1,71.0454,12.3777,4
5.76563,1130,1,9.06325,1.06824,10.989,1,77.9477,9.67386,2
7.06662,1532,1,49.298,5.83873,11.0277,1,58.3373,11.4816,4
8.98402,1695,2,59.5587,7.98427,11.0332,1,31.4142,1.26928,4
9.00806,1241,1,104.841,3.69104,11.0672,1,30.2783,13.7793,4
6.87032,1788,2,15.2533,-3.40477,11.0852,1,63.6783,11.5498,1
8.79683,1090,1,70.6572,1.34387,11.1016,1,31.8456,5.99049,4
9.92303,1746,1,88.688,8.74566,11.119,1,43.7183,10.692,1
8.8163,1519,1,92.3696,-1.08337,11.1475,1,33.4671,2.30268,4
4.4153,1632,3,37.8802,-1.33667,11.1722,1,50.4135,7.12181,4
5.85489,1469,1,16.01,3.92357,11.1773,1,40.5665,8.50485,3
6.78104,1649,3,12.0295,7.33787,11.1804,1,65.9328,1.08045,1
5.08563,1158,1,7.69137,8.32861,11.1949,1,70.0091,1.34095,4
7.40788,1778,2,48.7599,-3.87475,11.2495,1,42.0801,7.30789,3
8.99263,1361,1,65.2951,6.67849,11.257,1,39.3671,2.86826,3
10.9665,1944,3,113.158,6.14541,11.2613,1,39.7232,12.4846,3
9.76624,1282,3,74.5551,4.98682,11.3011,1,62.7341,14.4499,2
4.44577,1441,1,6.24869,7.19847,11.3023,1,37.4099,9.36878,4
7.37902,1708,1,71.9353,0.777965,11.3325,1,61.791,9.2669,3
7.84549,1234,3,67.9222,-3.13667,11.3499,1,82.4973,12.3784,3
5.14564,1219,3,6.64318,-1.31496,11.3752,1,83.9422,3.78244,4
7.68739,1489,1,8.40824,-0.477503,11.3986,1,28.7396,12.1388,2
9.7409,1178,1,64.3929,-4.13998,11.4001,1,83.9452,1.11641,4
13.2417,1658,1,109.009,8.98966,11.41,1,77.6043,13.6551,1
12.2222,1656,1,118.881,9.42526,11.4395,1,71.9859,6.58566,3
7.5051,1995,3,65.3354,1.02835,11.4408,1,33.7164,9.55744,1
11.0314,1238,3,67.9021,9.21097,11.5803,1,87.1834,3.09684,4
7.80821,1137,3,62.9683,4.65107,11.5804,1,42.5789,3.72731,2
8.97201,1004,1,90.4642,1.28464,11.5838,1,84.9468,13.269,4
10.9704,1153,3,53.8845,4.6971,11.6089,1,75.8354,8.70695,4
5.85393,1619,2,26.0177,0.00704625,11.6194,1,31.0515,12.5802,4
11.7729,1344,3,93.3582,-1.8772,11.6594,1,27.0274,13.2106,3
8.3524,1810,3,69.9511,1.08262,11.7805,1,23.7741,7.42886,2
9.26331,1709,2,42.366,8.8355,11.7826,1,62.2036,8.41781,1
8.44783,1565,1,4.60366,2.05803,11.8098,1,71.8767,3.04161,1
10.8697,1420,1,113.691,-2.81093,11.8217,1,52.8624,3.96308,2
5.25558,1416,3,34.2224,-0.243306,11.8374,1,32.7837,8.6743,2
11.7009,1167,3,94.987,1.35601,11.8743,1,51.385,5.45118,2
9.57217,1020,2,75.9254,-4.02701,11.8784,1,69.5042,14.2929,4
10.0546,1676,1,118.741,4.11864,11.9148,1,32.6685,2.49347,3
11.0661,1320,1,104.969,-2.73847,11.9272,1,47.3909,4.43734,1
7.42373,1156,1,27.1527,-2.91261,12.0255,1,24.7249,9.75319,2
11.4469,1562,3,86.3951,4.20887,12.0652,1,50.5744,7.5754,3
10.0412,1447,2,110.118,5.96163,12.0959,1,26.6112,7.22089,4
12.5898,1230,1,101.105,3.0458,12.1249,1,27.4556,9.95505,4
7.54314,1373,2,53.1358,7.61649,12.1298,1,24.0706,12.1307,3
9.17392,1547,1,76.2497,1.80357,12.1314,1,61.3628,13.8642,2
6.69687,1936,2,36.3679,-2.57756,12.1664,1,55.0787,12.1954,4
7.94562,1768,2,63.9005,-2.51434,12.2528,1,47.4553,1.18843,4
6.96554,1142,1,49.3565,3.11947,12.2792,1,63.4793,5.3311,4
3.8919,1366,2,26.2459,3.42227,12.2984,1,23.498,4.0787,1
8.63912,1253,2,98.2033,6.87526,12.2985,1,64.1653,3.0316,4
9.67138,1766,3,34.161,6.99418,12.3009,1,35.4121,14.3142,1
7.82326,1200,3,6.85189,2.39622,12.3107,1,86.9054,2.61106,2
11.5683,1164,3,91.4763,4.82101,12.3147,1,86.4844,3.22033,1
7.01954,1951,3,6.45966,2.13664,12.3178,1,78.0892,10.4794,4
11.3402,1130,1,99.3008,-3.41799,12.3626,1,41.9941,12.9098,3
9.44544,1711,2,107.498,-1.00647,12.4195,1,23.3743,9.4015,4
8.19133,1880,2,103.532,3.72115,12.464,1,41.8428,0.593372,2
3.8551,1401,1,7.5489,-2.92202,12.4732,1,20.079,7.80837,1
5.67768,1027,2,66.9226,-3.03861,12.479,1,32.3848,10.2154,3
7.29314,1225,3,87.9239,-4.37083,12.5092,1,61.6779,4.99204,3
6.93992,1564,2,51.8815,1.46611,12.5133,1,31.3036,5.41149,3
5.80583,1675,1,36.9215,8.46729,12.6492,1,27.4512,14.738,3
9.99233,1114,1,108.494,3.45244,12.6712,1,54.4724,6.33724,2
7.45855,1403,1,47.3769,7.21615,12.7123,1,78.2758,2.37585,1
8.13283,1089,2,85.2422,-0.62011,12.7175,1,50.7794,14.4604,2
9.42471,1899,2,100.149,1.61316,12.7546,1,71.0661,0.905872,2
7.6194,1156,3,42.198,-0.086428,12.7837,1,83.6045,8.15037,1
8.01006,1578,1,25.542,6.2192,12.7926,1,78.4562,8.86081,4
5.3505,1566,3,52.0581,-1.64694,12.8026,1,21.0336,11.4417,4
10.4598,1470,3,98.4585,-0.333077,12.8633,1,30.4944,14.5103,2
10.6433,1235,2,91.2691,9.95982,12.8688,1,86.331,11.4619,2
4.89107,1919,1,7.9756,-3.92332,12.8795,1,78.8967,10.2452,4
6.83029,1561,2,38.0711,9.00928,12.885,1,42.0604,0.56995,4
5.01548,1271,1,16.476,-2.09868,12.9193,1,22.895,0.558669,2
7.05693,1354,3,14.3126,-0.344138,12.9274,1,89.6557,5.98579,2
12.6531,1794,2,110.098,4.08028,12.9317,1,76.0891,14.426,2
5.71667,1772,2,54.9634,0.47152,12.9356,1,25.7029,1.83515,2
6.73795,1108,2,29.2076,-3.13879,12.949,1,54.1811,8.91358,2
8.63445,1805,2,104.56,0.182158,12.9695,1,86.8137,7.00668,2
8.27012,1462,1,14.7982,9.90826,12.9934,1,55.6615,13.8473,1
9.10063,1483,3,56.2849,0.429429,13.0047,1,71.1087,10.5738,1
6.49313,1042,1,28.6614,9.26171,13.0062,1,66.9537,6.00485,1
3.35584,1245,2,7.01496,-2.19054,13.0076,1,41.1732,0.418369,2
6.34439,1907,2,9.04946,4.88054,13.0185,1,28.6937,10.1473,3
10.3817,1507,1,86.474,9.03959,13.0282,1,35.2033,13.3557,4
5.48547,1816,2,1.3563,-3.03526,13.0626,1,52.9325,12.6762,1
7.67102,1375,3,22.9788,-0.221476,13.0688,1,54.432,4.71894,4
6.879,1804,2,45.1429,-0.7854,13.1576,1,35.5938,9.10081,2
9.5866,1056,2,77.7264,9.937,13.225,1,76.9288,6.00305,1
6.76717,1943,1,47.1407,2.32958,13.2376,1,44.2727,11.2444,1
5.09542,1608,3,17.2163,6.34527,13.2625,1,28.2941,0.625807,3
11.5359,1097,3,115.877,-1.02151,13.2713,1,88.7959,4.03796,2
9.13016,1915,3,69.5795,9.13984,13.3181,1,24.0776,10.4307,1
10.5615,1709,2,106.366,4.18148,13.32,1,48.1411,12.8001,4
4.85263,1110,1,14.2373,-3.86183,13.3397,1,58.9543,10.646,4
11.5387,1046,3,77.9187,6.03493,13.3484,1,46.9196,9.33,3
6.83944,1785,1,24.7176,-2.55297,13.3779,1,60.5382,12.5447,2
9.73794,1112,1,109.465,-3.62599,13.3807,1,70.2184,7.94131,4
8.89905,1914,1,91.4321,8.57808,13.4005,1,47.7856,14.1296,2
8.70563,1287,1,48.0375,-2.22475,13.4745,1,81.052,12.2584,2
11.5381,1972,2,93.9794,2.54313,13.4745,1,34.124,12.3547,1
10.9492,1250,3,93.2459,5.29696,13.5045,1,84.1918,1.62624,1
3.22342,1181,3,0.00368626,9.00237,13.5079,1,60.5598,5.77779,3
6.47051,1684,2,37.163,8.02143,13.563,1,52.8936,7.84445,4
7.47743,1914,2,32.0153,1.3995,13.5654,1,62.5843,14.0987,1
11.2298,1658,2,108.896,-1.42079,13.6004,1,87.4713,10.9812,2
7.60456,1278,2,49.1473,3.13362,13.6848,1,86.9284,13.6147,1
9.15108,1699,1,88.9085,-0.908515,13.6892,1,21.5562,0.746992,4
7.58528,1569,3,40.6588,7.75739,13.6923,1,65.2576,1.88257,1
5.22226,1426,2,12.7457,2.43532,13.7024,1,45.0427,1.0352,1
8.03298,1856,3,23.0992,-2.9734,13.757,1,81.9042,5.12779,1
7.24243,1316,3,31.489,9.58475,13.7584,1,59.8306,0.0227404,2
9.46035,1474,1,50.3126,2.05607,13.7715,1,88.8716,11.8054,1
8.58546,1019,1,51.8539,8.64857,13.8804,1,61.8336,11.7358,4
3.77778,1955,1,4.83096,-4.93881,13.9177,1,67.5964,3.6455,4
8.83094,1128,3,45.4747,8.16583,13.9661,1,80.9916,8.16134,4
6.44249,1878,1,19.9475,6.19139,13.9729,1,30.3388,0.943428,4
6.77282,1199,1,29.6228,-2.0398,14.0388,1,73.1133,2.09313,2
11.2574,1376,3,90.219,4.48328,14.0671,1,62.9797,2.71632,4
9.31509,1775,3,41.0483,3.5143,14.0992,1,86.8223,3.46962,4
9.73705,1822,2,100.195,0.729511,14.2009,1,20.4595,1.18124,1
9.3217,1836,2,48.5647,-3.36343,14.2581,1,45.2175,11.688,1
9.05431,1050,1,76.6756,7.79664,14.2794,1,55.4487,10.9557,4
6.42924,1145,3,12.2255,8.76256,14.3473,1,53.4698,13.4571,3
7.19,1057,1,23.9604,5.03659,14.3967,1,48.3059,9.58633,3
6.25848,1360,1,21.5227,-4.29303,14.4138,1,62.7384,14.77,4
9.54987,1422,2,64.5097,-3.67597,14.4593,1,86.8657,10.5698,4
8.66787,1000,2,61.2552,2.81572,14.495,1,29.2327,6.18022,4
11.8556,1915,2,104.358,5.84686,14.5919,1,64.184,7.63501,2
9.12758,1948,1,79.6481,2.11332,14.6043,1,71.611,10.5848,3
6.70311,1043,2,18.1693,7.31921,14.6117,1,26.4304,14.56,3
7.80294,1449,3,50.2329,6.15583,14.6637,1,65.9629,9.34834,2
6.6827,1285,2,30.3405,-4.55984,14.714,1,48.9177,14.5057,2
9.84629,1557,1,60.6611,-0.952551,14.7369,1,51.925,14.3262,1
13.884,1463,1,105.106,8.71146,14.7425,1,87.6961,11.5546,2
6.55666,1427,2,27.2713,-1.54469,14.7454,1,23.0125,2.96515,3
11.5034,1334,3,113.722,4.66186,14.7715,1,70.0417,11.2269,4
14.2744,1552,3,113.197,-1.80663,14.9346,1,85.4678,6.33379,1
9.19668,1581,2,71.654,-3.70182,14.9615,1,73.486,2.13125,1
8.58899,1366,2,43.2061,8.96648,14.9764,1,81.9898,8.22177,3
7.18988,1908,3,69.6839,-4.69257,15.0619,1,66.5994,10.2915,4
9.06674,1562,2,40.648,7.3277,15.1225,1,86.4219,11.661,3
6.97074,1700,2,12.6966,7.55102,15.1822,1,63.2741,12.1105,2
10.0431,1779,3,89.9973,-1.48847,15.1875,1,21.6845,14.2187,4
9.69255,1734,1,102.843,-1.43291,15.1887,1,80.399,6.25452,1
10.211,1553,2,88.5781,-4.91574,15.1946,1,20.6553,0.767643,2
10.1074,1472,3,115.216,-4.50447,15.2086,1,84.2249,0.706262,3
8.41774,1014,2,74.3268,-2.58352,15.29,1,32.5405,5.49139,3
4.5627,1750,1,11.3902,6.87461,15.3197,1,49.6586,3.55597,3
7.94893,1041,1,32.1809,3.69009,15.346,1,86.6018,9.59442,2
10.4958,1994,1,65.9842,-3.48534,15.3543,1,55.4851,8.79745,2
7.82874,1437,2,45.5909,2.8569,15.3875,1,50.423,1.23369,3
5.1886,1956,1,1.19745,8.32666,15.3987,1,33.0017,11.5259,3
7.88633,1226,2,55.1559,-4.94765,15.425,1,63.8976,7.03717,3
7.70416,1362,3,36.1747,6.08744,15.4391,1,79.5994,13.7864,2
6.77399,1945,1,47.7221,-3.44224,15.516,1,57.923,7.19831,4
9.98133,1014,1,92.2298,0.638728,15.5506,1,45.2751,4.21145,4
10.1751,1677,3,59.6092,6.21676,15.6198,1,37.9692,6.55432,1
8.21478,1291,2,111.463,-1.54844,15.6742,1,55.1264,6.93183,3
5.85014,1209,3,41.6063,-1.35062,15.6977,1,80.4902,1.8226,4
10.3408,1283,1,102.711,-4.87743,15.7223,1,47.016,10.6032,3
4.53762,1684,2,28.4309,4.32955,15.7424,1,47.6374,6.71549,1
11.4756,1577,3,115.275,4.3241,15.7465,1,27.7999,2.75448,4
9.04377,1934,1,80.5565,1.7916,15.7693,1,56.0924,11.1309,3
6.55412,1276,1,49.5807,8.01233,15.8245,1,87.9565,11.2315,4
10.7057,1603,3,61.5091,4.45471,15.8328,1,77.8969,2.8134,3
7.76435,1398,1,24.7186,-2.64807,15.8665,1,41.1852,1.23703,2
9.75442,1151,3,71.7219,-0.568605,15.8795,1,33.4139,6.20096,4
5.24914,1227,2,29.216,1.65723,15.922,1,47.2821,6.28986,4
10.3171,1699,1,102.102,9.85804,15.9281,1,47.6303,13.5228,4
8.81044,1492,2,101.535,0.342723,15.9631,1,26.5122,7.42734,4
10.3605,1267,1,109.012,6.68365,15.9703,1,46.4286,2.7179,1
5.11069,1546,1,17.2895,-4.30299,15.9724,1,48.3043,9.44968,2
11.0493,1442,2,91.2007,5.86941,16.0126,1,20.8945,13.4995,4
6.34085,1195,2,32.6061,3.93534,16.0283,1,75.5448,3.39659,3
6.98298,1289,1,15.7878,4.57858,16.0596,1,33.298,11.3878,1
8.6459,1863,3,64.3692,-3.51515,16.0947,1,31.7903,14.527,3
4.76036,1652,1,2.69111,-1.93912,16.101,1,29.3369,8.63538,3
7.1183,1489,2,2.8314,1.97294,16.1098,1,89.5623,2.32535,3
4.0522,1609,3,11.8109,-1.04002,16.1164,1,54.471,11.2846,3
5.58143,1903,2,6.61879,-3.36639,16.1548,1,74.9298,13.5034,3
10.0321,1027,1,55.6778,3.9238,16.1666,1,67.8025,4.21355,4
12.1129,1609,2,114.621,6.94186,16.2041,1,79.4346,12.2609,4
6.71677,1944,1,61.6221,-4.37784,16.2976,1,29.489,3.387,3
10.7116,1547,2,96.3602,6.07076,16.311,1,32.8874,1.36201,4
7.72661,1663,1,29.3586,9.31939,16.3252,1,59.9012,0.706553,1
7.85333,1747,3,61.3355,2.48315,16.3781,1,48.2836,3.32195,2
9.83654,1521,1,113.542,-4.23482,16.4354,1,51.485,14.8515,4
4.36515,1441,2,5.84338,2.54684,16.4688,1,78.1824,3.28539,2
5.09251,1103,1,6.76582,9.62818,16.472,1,82.0095,12.531,1
8.96898,1068,3,79.4363,1.59312,16.4994,1,46.5778,14.1112,4
5.66916,1375,3,14.0097,4.54725,16.5327,1,42.557,10.2079,2
10.2681,1050,3,21.0148,2.37346,16.5368,1,70.9456,14.1503,2
8.9167,1484,3,68.6548,8.43328,16.5548,1,44.2399,8.59084,3
4.69059,1998,2,6.74567,3.73574,16.5706,1,82.0573,9.12595,1
9.75153,1681,1,78.6612,-3.54612,16.5966,1,88.1384,7.64191,3
10.2862,1562,1,68.4375,0.518836,16.6809,1,61.4777,2.88699,4
4.36163,1387,2,25.4393,-1.67565,16.7324,1,21.5377,9.93209,4
6.76121,1106,1,57.1724,2.77681,16.7502,1,27.1892,4.26341,2
3.92041,1252,2,19.5013,6.72839,16.7698,1,32.7003,13.6567,2
6.07192,1082,1,21.5581,4.27015,16.86,1,80.2626,10.4662,3
6.77241,1640,1,42.5798,9.30904,16.9074,1,43.6195,2.65015,3
7.87512,1839,2,29.7158,1.96195,16.9146,1,37.7855,8.5445,1
8.97465,1075,1,52.7053,6.6992,16.974,1,87.786,9.94886,4
6.47015,1675,1,46.0281,6.39656,16.9891,1,54.9095,5.05028,2
9.37241,1390,2,55.0222,-1.50814,16.9903,1,20.8045,10.956,2
6.72627,1094,3,5.39962,-3.31173,17.1304,1,88.9501,14.8371,2
6.41533,1743,3,39.2331,8.23075,17.2084,1,35.7929,3.20715,2
9.05945,1136,2,32.579,3.08559,17.2359,1,80.085,13.3125,2
9.8997,1324,1,97.4361,9.62935,17.2382,1,57.3418,0.743376,1
10.067,1590,3,117.049,-1.21516,17.2512,1,83.8216,8.43856,4
6.52629,1775,3,12.6956,-3.87039,17.277,1,45.5902,12.9186,1
7.36648,1326,1,32.2319,-0.167235,17.2836,1,26.5576,7.93803,4
9.88061,1793,3,99.7139,-1.23037,17.2857,1,38.1786,3.69677,2
11.6117,1404,3,99.0642,3.15541,17.304,1,54.7714,10.456,3
9.03145,1317,3,95.7366,-4.51437,17.3064,1,63.783,11.3051,2
9.53918,1661,1,84.3936,1.55218,17.3168,1,76.42,0.642719,3
8.29902,1394,3,50.857,4.90509,17.3744,1,31.7006,9.88696,4
9.39903,1301,3,55.8333,7.7901,17.4356,1,22.4753,6.33695,1
9.7238,1369,2,91.9915,2.26311,17.4479,1,64.7554,9.40187,3
7.96734,1071,1,63.8965,1.40852,17.4825,1,75.481,4.08441,2
9.02052,1913,3,79.4282,-3.00454,17.4998,1,46.7544,11.0419,4
8.4023,1334,2,92.7326,4.45786,17.5124,1,31.7917,10.5635,4
9.12862,1037,2,33.3027,6.36707,17.5125,1,64.8747,6.05275,3
5.58055,1288,2,30.6404,5.10015,17.6013,1,58.1682,8.99592,2
7.02152,1035,1,52.1284,6.62356,17.6015,1,65.4055,0.307929,4
5.22648,1171,3,30.3319,5.51644,17.6347,1,24.0517,8.20199,3
4.74694,1215,2,8.46428,-0.879891,17.7138,1,78.6058,2.01928,1
10.9562,1579,3,80.3122,-3.15973,17.7187,1,52.5903,14.8002,2
8.76479,1866,1,48.6001,4.9399,17.7719,1,85.789,6.21591,1
6.77942,1862,1,34.4892,2.84809,17.8035,1,35.0226,9.07038,1
4.30136,1567,3,7.22723,-0.329102,17.8364,1,24.8769,6.30648,1
9.85165,1633,2,57.0108,6.66693,17.882,1,63.0369,9.36954,4
6.50477,1883,1,24.8491,3.11544,17.9077,1,38.8568,13.3938,2
10.4849,1419,1,86.1211,3.16555,17.9249,1,56.8691,1.77693,2
9.04806,1325,2,47.4186,7.4525,17.9517,1,80.2896,13.7772,2
6.51772,1863,1,16.113,-0.683746,18.0211,1,86.3361,1.35456,1
9.74391,1771,3,86.8241,6.87398,18.036,1,55.7469,4.60291,4
4.05701,1861,2,5.73376,7.53842,18.0467,1,36.6529,2.75016,1
7.30078,1343,2,66.3001,3.33414,18.0574,1,58.3608,6.23949,1
6.77182,1615,2,47.0293,5.92449,18.1781,1,34.1565,7.78279,3
4.27985,1261,2,10.6076,7.28264,18.215,1,28.9229,5.14405,1
7.31376,1828,2,44.8705,2.01275,18.2427,1,21.7614,7.74347,2
11.8979,1986,3,115.854,-2.27542,18.3264,1,83.1541,2.57455,1
12.8164,1612,1,110.492,9.78382,18.3292,1,58.5279,0.219728,2
12.641,1087,3,90.616,5.84704,18.3366,1,86.9519,8.64911,4
6.76584,1709,1,49.6399,-1.77905,18.3389,1,29.6253,11.1173,4
7.78509,1919,2,75.5785,6.94426,18.339,1,59.6743,0.0370079,1
11.7734,1822,1,86.6479,7.72476,18.3739,1,49.0467,11.1017,4
8.55158,1312,1,87.2595,-2.85082,18.3903,1,88.1207,11.7972,3
8.77376,1754,2,53.3488,5.86101,18.4236,1,58.6117,0.202395,3
8.70095,1406,2,99.7822,1.48923,18.4263,1,54.6971,0.112508,4
6.5886,1310,1,45.3979,-4.4825,18.4314,1,54.5524,14.6735,4
7.41794,1961,3,48.9649,6.56777,18.4596,1,40.7355,2.81764,1
3.88775,1284,2,15.066,4.16337,18.5655,1,27.7665,5.63838,4
10.9832,1269,2,106.826,-0.306815,18.5669,1,26.1553,5.47797,1
6.65154,1383,2,38.9414,7.57659,18.5712,1,23.5422,14.8945,3
8.63283,1352,3,75.3848,0.259637,18.5944,1,82.771,13.2577,1
10.6491,1910,3,106.121,3.11945,18.6207,1,49.3652,13.2787,2
7.00202,1134,3,54.9595,-2.89886,18.6632,1,52.2535,10.0247,4
7.56489,1176,2,6.35231,7.80631,18.7329,1,87.4187,10.9351,4
9.05934,1577,2,49.3131,8.74653,18.7532,1,21.6958,2.5429,3
5.55145,1516,1,35.0699,0.344894,18.8476,1,74.3698,2.3833,4
10.0116,1061,3,113.047,6.95058,18.8661,1,72.5674,1.05535,1
13.2783,1730,1,112.379,8.57952,18.9074,1,74.5274,9.61144,2
6.04395,1405,3,49.6011,2.14231,18.9128,1,36.4313,2.13481,2
9.3495,1364,1,33.5522,-0.876103,18.9616,1,60.5816,6.76831,1
8.62672,1553,2,85.7704,3.01583,18.9675,1,57.5737,6.86604,1
11.9678,1557,1,109.133,1.15373,18.9699,1,81.449,5.00026,2
5.94552,1834,2,22.0922,8.59761,19.0183,1,36.5344,6.70933,1
8.57393,1883,3,51.3122,8.81055,19.0294,1,35.6397,4.97904,4
6.63292,1513,3,46.3755,6.78516,19.0302,1,75.8964,6.78796,2
8.6488,1140,1,56.283,-0.0839929,19.1325,1,40.1143,2.15518,3
8.11684,1831,2,98.0766,8.3244,19.1719,1,43.0772,4.54021,3
6.60163,1246,2,10.7208,-0.149104,19.19,1,20.6395,9.40507,4
9.13269,1250,2,74.2946,-4.18218,19.2205,1,56.9248,2.09748,1
8.94673,1224,3,58.2022,9.54887,19.2216,1,34.5391,4.983,1
9.62676,1279,3,84.5465,8.1188,19.2393,1,40.5905,11.9522,1
10.0652,1531,2,96.0982,6.77182,19.3144,1,75.7768,0.000703047,2
9.58335,1654,3,73.8505,5.57943,19.3986,1,72.0409,1.13706,3
11.4343,1144,3,95.7279,0.40143,19.4269,1,59.415,0.750051,4
11.9679,1941,1,112.01,-1.84657,19.4437,1,71.9815,10.1687,3
4.73663,1624,2,11.9085,-4.79803,19.4607,1,75.7972,13.892,2
8.66247,1300,3,45.224,-0.561649,19.4736,1,78.6423,2.01307,4
7.85214,1166,3,0.523592,4.86402,19.48,1,87.3526,9.41676,2
9.57342,1688,3,91.4936,-4.54503,19.5175,1,82.3566,12.7213,1
6.03341,1518,2,3.10068,-0.132231,19.5738,1,32.6731,3.80371,3
7.50502,1484,3,32.9645,-3.4529,19.6018,1,41.5265,8.44951,1
10.1507,1435,2,62.9607,2.48596,19.681,1,24.5645,4.92067,3
4.97838,1058,1,24.4242,-3.92862,19.69,1,28.6767,6.5002,2
7.60662,1450,2,81.3038,9.36656,19.6936,1,21.0191,10.3302,1
6.59119,1830,2,19.7287,2.81787,19.7183,1,51.4006,6.48384,2
6.40379,1131,1,27.4651,5.41735,19.7224,1,24.7721,6.70906,1
10.0414,1889,2,110.483,7.61544,19.7381,1,68.3924,3.90295,2
7.12276,1578,2,42.5994,6.43684,19.7428,1,76.8105,7.67036,3
8.67637,1056,1,81.4392,1.35512,19.7527,1,77.4105,2.57053,1
7.51952,1726,3,29.7072,0.907318,19.7709,1,73.4615,14.5026,4
6.24404,1601,3,28.1705,2.24021,19.7902,1,44.3383,2.17083,3
8.30446,1987,3,52.0859,2.79306,19.809,1,87.6427,13.848,3
9.66102,1126,1,61.7691,-1.41777,19.885,1,75.5017,11.6567,2
5.64281,1511,3,52.1437,8.1374,19.8925,1,26.6725,1.49831,3
9.53867,1775,2,71.6334,5.30759,19.9108,1,74.0783,12.9479,2
7.2286,1407,1,55.2807,-3.70282,19.9207,1,44.4535,7.95689,2
4.08495,1598,1,7.99918,8.41784,19.9886,1,22.085,3.99831,2
10.3012,1908,1,111.681,-0.252565,20.035,1,66.2533,6.44071,1
6.78744,1899,2,22.288,6.06362,20.0668,1,64.4883,1.6708,4
6.38131,1612,1,16.2551,-1.624,20.1041,1,69.0931,6.82086,3
6.47873,1659,3,13.2652,-2.27406,20.1112,1,56.6867,3.14171,1
10.3336,1103,1,84.5392,-2.44841,20.159,1,38.4003,11.4936,4
8.5424,1279,2,39.7878,6.06635,20.2031,1,62.8396,5.90812,1
9.99566,1357,2,56.2929,0.524021,20.2842,1,89.419,7.78114,2
8.00869,1723,1,102.07,7.43509,20.3014,1,26.4609,6.46992,3
5.63762,1260,2,10.0953,9.979,20.3169,1,75.1791,1.15,2
6.83364,1555,1,57.8992,3.39035,20.3276,1,83.5892,3.6219,3
7.21761,1039,1,50.0874,-4.16681,20.3413,1,40.2631,7.10962,2
9.12325,1172,1,71.1408,-4.10937,20.3623,1,84.9197,5.27929,1
6.05138,1804,3,21.742,-4.89506,20.3649,1,81.8727,12.0428,4
10.6018,1806,3,96.4999,9.21739,20.3698,1,39.1377,13.4664,3
11.5332,1775,1,73.595,9.36972,20.382,1,80.2895,11.6439,2
7.5868,1797,3,74.6812,8.70498,20.421,1,29.289,14.183,4
4.83166,1088,2,4.53414,3.35975,20.4325,1,52.589,11.3047,2
10.4895,1550,3,62.3069,8.70338,20.4474,1,85.508,0.153075,3
12.6516,1224,1,90.8772,4.51601,20.5015,1,58.987,9.01522,2
8.25848,1124,2,9.35926,5.61133,20.5087,1,85.0676,13.4542,1
11.0864,1579,1,97.0087,7.77104,20.5151,1,84.753,1.98974,1
8.33173,1791,2,53.6072,6.81215,20.5336,1,56.9716,0.334984,4
11.3148,1569,1,111.925,-3.58231,20.5378,1,79.6558,0.999906,4
6.35345,1781,3,67.7509,1.89622,20.5439,1,52.4828,5.20707,1
11.8156,1525,2,97.9268,-2.38394,20.5776,1,60.2327,14.0379,4
9.74803,1553,2,89.5743,-1.16476,20.6099,1,49.0145,1.00633,3
12.0375,1247,3,112.89,0.800323,20.6644,1,65.9051,14.3708,3
10.7301,1865,1,96.2208,8.4493,20.6687,1,67.2891,8.19452,4
5.10316,1172,2,23.1408,6.00017,20.6978,1,30.6765,2.55759,3
6.00663,1406,2,10.3092,6.34087,20.7472,1,52.2877,2.98793,1
9.07073,1588,1,73.2451,-4.2582,20.7604,1,57.0172,7.79218,2
8.40426,1230,3,107.827,0.140946,20.7744,1,23.2022,14.4334,2
4.92347,1197,1,10.436,-4.94737,20.8056,1,33.2879,6.35276,1
9.44095,1888,3,52.526,6.59182,20.8146,1,82.1864,1.39799,2
11.2844,1365,2,116.378,8.51635,20.8174,1,39.913,7.56229,4
9.22907,1897,3,79.4062,-0.712629,20.8538,1,70.3889,7.39735,1
7.74912,1948,2,62.4388,0.742962,20.9037,1,78.5676,7.99211,3
9.15653,1529,2,47.998,6.64305,20.961,1,74.7715,14.9488,2
7.76002,1413,1,38.0331,3.72776,20.9979,1,61.1031,0.274444,4
8.17252,1750,3,42.4547,7.33507,21.0006,1,52.713,12.8908,4
7.02666,1736,3,13.9528,9.42325,21.0193,1,37.8155,12.1938,1
7.90084,1546,3,6.06877,1.69675,21.1329,1,71.8895,6.58953,2
4.00832,1258,3,19.2271,6.22068,21.1378,1,20.8685,12.8099,1
9.37993,1758,1,95.963,6.74475,21.1413,1,41.399,5.70732,2
11.09,1154,2,88.3842,4.38751,21.1434,1,84.3511,3.8547,2
8.4204,1772,3,101.647,-2.2413,21.1722,1,66.2281,10.5316,2
6.64982,1832,2,29.0117,-1.69086,21.1811,1,56.7951,3.74318,1
8.49962,1455,2,30.8583,1.78487,21.1861,1,61.9113,9.48946,4
5.2911,1681,2,0.458391,2.82904,21.1985,1,47.3494,4.01178,2
7.23942,1895,1,46.1226,0.62032,21.2049,1,60.244,5.72567,3
7.95653,1445,2,54.668,1.31298,21.2211,1,66.1454,13.967,2
7.6838,1072,2,51.5949,5.51955,21.2718,1,78.2111,14.5508,2
7.92906,1333,3,44.19,8.14841,21.2783,1,40.359,10.8296,1
8.71991,1456,3,66.8142,9.39571,21.3257,1,28.087,7.30795,2
10.8244,1557,1,107.404,-2.23564,21.3531,1,81.4252,3.97673,4
9.46724,1443,1,104.256,4.99062,21.3534,1,57.1164,6.53715,4
5.65415,1472,2,25.8555,5.26406,21.357,1,43.1004,13.2751,1
8.5467,1053,2,8.21505,8.55845,21.3786,1,64.4392,2.14228,4
11.1794,1808,1,116.258,9.52792,21.3972,1,84.9085,6.31087,1
8.73784,1042,1,109.781,2.61438,21.4089,1,42.6248,0.519353,2
10.0233,1485,2,66.6355,1.65774,21.4212,1,57.0912,4.78101,2
5.40111,1336,2,30.7225,7.16956,21.4318,1,46.8183,9.50106,1
6.42476,1639,3,15.3991,2.90093,21.4556,1,25.4935,13.96,3
7.8281,1329,1,46.2717,3.03264,21.5201,1,69.2454,6.84322,1
7.20872,1827,2,63.0564,7.46895,21.5583,1,35.6398,5.18837,3
8.32583,1379,1,48.9334,-0.0819326,21.6244,1,41.6735,9.75047,4
5.88664,1957,3,29.6808,-0.724033,21.6515,1,22.9853,10.8149,1
7.74556,1687,2,81.7539,5.83909,21.7321,1,32.8318,12.1863,3
6.63247,1424,3,12.1399,0.233357,21.7496,1,39.2539,5.90655,3
6.89234,1297,2,83.0064,5.20892,21.7708,1,31.8187,1.73826,3
6.85845,1067,1,43.51,-1.99038,21.7967,1,22.3891,6.07528,3
6.46772,1734,1,21.2584,2.13808,21.808,1,70.7238,9.51681,3
6.23539,1528,1,7.87209,-4.22674,21.8299,1,87.0667,2.26707,3
6.98993,1356,1,13.2724,1.9348,21.9011,1,75.945,1.01419,4
6.83385,1800,1,53.2127,-0.129478,21.9188,1,21.7181,6.63684,3
4.74552,1887,3,17.9891,0.0634117,21.9363,1,58.1858,14.6556,1
8.03853,1154,1,51.6211,-3.36128,21.9657,1,22.3353,5.37947,1
8.92251,1510,3,36.866,-0.275511,21.9688,1,88.7242,1.28353,4
9.06771,1232,3,98.6197,-4.41123,21.9808,1,30.1112,13.0462,2
5.45625,1510,2,9.01715,-3.52707,21.9985,1,55.162,14.7175,4
11.0569,1352,1,99.3097,5.97223,22.0031,1,66.4034,13.1015,1
6.92486,1946,2,36.5389,8.66649,22.0311,1,61.325,7.77554,1
5.82138,1096,3,28.2819,2.63201,22.0387,1,77.9424,8.43705,2
9.01936,1886,2,53.3823,8.14113,22.0834,1,21.9223,10.4867,2
5.97698,1499,2,61.0447,-0.491279,22.2133,1,25.688,10.9024,2
7.71013,1647,3,31.8699,-0.701215,22.2269,1,78.949,7.72524,3
5.13412,1253,1,24.7058,6.67665,22.2305,1,76.2403,12.0439,1
10.1351,1392,2,81.1312,0.419656,22.2626,1,20.1256,14.1794,3
6.40019,1922,1,41.0529,6.5269,22.281,1,58.16,9.90684,2
7.48679,1815,2,44.1343,-4.8728,22.2946,1,80.5625,14.1928,4
12.8241,1805,3,93.0415,8.22799,22.3119,1,69.9234,14.7291,4
6.41743,1195,1,35.2881,-3.58797,22.4561,1,24.4802,4.36378,1
8.64701,1360,1,42.4168,-4.41109,22.4837,1,54.6459,7.82517,2
12.0366,1104,2,104.023,-3.26997,22.4882,1,81.1242,2.83215,3
7.36051,1482,1,36.8505,-1.09601,22.5042,1,28.1771,14.5508,3
10.5044,1353,1,95.4694,3.06769,22.5388,1,41.2344,9.06355,4
10.9819,1362,1,111.584,9.91693,22.5431,1,46.876,12.1107,4
8.24806,1473,1,39.3815,-3.52704,22.5452,1,47.5662,8.83992,4
10.0076,1758,3,83.0488,7.4858,22.5461,1,20.0521,6.31995,3
8.17468,1945,2,46.1419,9.91893,22.553,1,23.4439,6.45233,4
5.54651,1000,1,38.5196,2.36937,22.6356,1,59.4771,8.21204,1
7.49821,1853,3,28.7939,1.29133,22.6591,1,77.2892,0.262468,1
9.94643,1802,1,50.7532,8.32416,22.6691,1,53.2866,4.18098,1
8.00849,1549,3,20.9577,3.21905,22.6766,1,28.8047,11.0479,2
7.65354,1604,3,93.3273,1.72294,22.7136,1,35.8179,8.55411,1
6.5671,1822,2,27.7657,2.3384,22.7181,1,80.2468,7.56047,4
8.81731,1575,2,113.715,-3.04046,22.7506,1,40.5452,13.9886,4
7.33583,1753,3,20.0828,5.5644,22.7707,1,34.4311,11.7465,1
11.9906,1853,1,113.608,0.0959906,22.7937,1,77.0876,2.45915,3
5.53221,1041,1,20.3864,-4.94151,22.8049,1,71.2452,12.8927,3
8.64473,1610,3,58.3686,9.94193,22.8067,1,38.4685,0.70845,4
10.1094,1676,2,116.391,5.43714,22.8738,1,20.9066,4.09586,4
6.60159,1369,1,13.1227,8.33279,22.8938,1,81.2835,4.19433,4
7.15099,1171,2,71.9159,4.50157,22.9891,1,25.7136,6.74883,4
8.40868,1429,1,66.0793,9.93221,23.0101,1,47.6371,11.1021,2
8.52019,1492,2,1.68174,5.84057,23.0505,1,68.3807,8.33754,1
8.63395,1164,1,57.238,5.86407,23.0594,1,26.371,5.3783,4
5.71585,1087,1,44.8024,7.64734,23.0721,1,67.7058,8.76181,4
7.18645,1847,1,37.4255,7.26917,23.0924,1,51.0833,6.44937,4
4.85955,1972,1,22.4549,-1.97311,23.1063,1,27.4304,11.8509,3
7.8641,1130,2,47.2266,7.72014,23.1101,1,79.5316,2.83714,3
3.16395,1267,3,10.2953,-4.38273,23.1247,1,42.0603,4.13757,2
13.4968,1982,2,114.171,3.30255,23.1716,1,61.5504,1.77457,1
9.52429,1276,3,80.0899,8.60975,23.2477,1,82.3449,8.13198,2
6.03757,1476,2,41.3516,4.93429,23.2704,1,65.7519,2.65953,4
10.8596,1828,2,90.8458,1.46331,23.2933,1,74.2602,12.524,2
10.8915,1965,3,109.465,6.92996,23.2941,1,70.7368,9.40663,3
8.40968,1533,3,6.67266,-1.57116,23.3015,1,82.3445,12.8605,1
8.86277,1545,3,73.3756,1.2149,23.33,1,59.1021,14.1438,3
8.87346,1379,2,112.525,6.37909,23.3487,1,21.7151,5.96029,2
7.90852,1760,3,58.0787,0.387298,23.4419,1,24.8745,4.65471,1
7.14515,1885,1,10.1478,8.64043,23.4515,1,45.7783,10.8873,2
10.5969,1129,1,97.4168,-0.0200155,23.4903,1,56.681,11.5031,3
7.64194,1441,3,24.5975,0.605364,23.4927,1,80.6254,10.3761,3
9.30819,1375,3,85.0519,-3.52175,23.4986,1,62.6922,2.11986,3
12.3055,1839,2,103.809,9.46555,23.5075,1,38.0283,8.50465,4
6.67456,1181,1,58.1056,-2.14057,23.5104,1,49.8902,7.70954,3
9.34532,1532,2,111.9,9.19077,23.52,1,33.5384,2.06127,1
10.1818,1008,1,69.3136,-4.27152,23.5208,1,83.8543,13.11,4
12.0778,1475,3,112.015,-4.78822,23.5286,1,66.3434,10.3816,1
8.71241,1143,3,31.1492,8.26284,23.6183,1,81.8162,10.0687,4
7.99931,1434,1,20.2129,8.3128,23.6346,1,51.0543,4.74264,2
9.88235,1821,3,84.444,6.73431,23.663,1,39.9866,0.192426,4
9.49412,1090,1,96.5297,5.95476,23.7389,1,50.1942,2.47349,4
9.40892,1591,1,111.944,-4.37606,23.7614,1,63.7082,2.64783,3
7.57695,1345,3,9.4147,9.39949,23.7621,1,52.3453,9.17107,1
7.63012,1926,3,49.622,-3.41086,23.8072,1,85.6029,14.9512,1
10.6925,1280,3,109.15,-0.561332,23.8491,1,24.6642,14.4326,3
9.43651,1704,1,86.4461,-2.76838,23.8674,1,45.2769,1.96968,1
6.09818,1955,2,47.3029,3.20034,23.8883,1,27.2463,11.9916,3
8.77452,1302,3,99.3132,-0.418493,23.9197,1,23.1723,2.32468,2
6.49799,1314,3,48.3849,1.87023,24.0281,1,69.5308,14.3503,2
12.0551,1147,1,105.552,4.88999,24.0893,1,35.8662,7.00521,1
5.50104,1873,2,0.502493,3.1399,24.1637,1,78.9792,4.66542,4
9.22949,1473,2,63.4301,4.96721,24.1869,1,89.3156,10.2105,4
5.20761,1373,3,21.6942,0.747337,24.2267,1,56.4451,6.33477,4
9.19112,1028,1,49.1607,2.03734,24.2635,1,38.8108,13.791,2
5.10494,1928,3,9.92842,-1.70117,24.2986,1,89.399,9.32379,3
8.83866,1373,3,57.7068,8.60679,24.3477,1,80.305,6.337,4
9.62173,1880,2,87.0562,8.45868,24.3657,1,65.0798,7.9777,1
8.71276,1597,2,70.904,-4.14412,24.3861,1,87.372,6.30391,3
9.4696,1939,2,84.1878,6.75803,24.4411,1,83.8131,4.83129,2
11.599,1173,3,115.083,1.71432,24.4445,1,61.0107,10.9113,3
10.3316,1882,2,82.8738,-3.0905,24.4857,1,59.4715,5.55775,1
10.0742,1516,3,91.7224,-0.183902,24.5029,1,47.5666,5.31952,1
7.68849,1117,1,37.3983,9.22775,24.511,1,42.6697,0.565888,1
8.29809,1476,2,61.2684,0.83012,24.5533,1,32.4599,4.754,3
9.81431,1089,2,79.1407,3.51628,24.574,1,77.5317,11.3495,3
11.7262,1018,3,69.4277,6.68456,24.6478,1,73.8499,4.62082,2
13.6138,1366,2,115.447,5.45375,24.6535,1,86.4577,0.225481,4
8.48501,1989,2,94.8158,-0.866237,24.747,1,71.2997,14.9389,4
6.02104,1541,3,8.70898,3.28147,24.7553,1,75.4746,7.82496,1
9.34594,1567,1,50.803,8.2726,24.792,1,29.4005,4.23526,2
12.4276,1132,1,108.115,3.933,24.8282,1,82.0056,9.15733,2
9.1774,1348,2,59.1548,8.60368,24.8299,1,77.7298,7.68812,2
11.2215,1241,1,96.1126,6.81667,24.902,1,31.3706,1.42658,3
5.38822,1881,1,33.906,5.19458,24.9301,1,21.771,5.40654,4
4.42254,1726,2,3.38296,8.71858,24.9409,1,62.9935,13.6853,4
11.3578,1932,3,113.708,3.69131,24.9652,1,58.7143,5.53011,4
9.13762,1093,3,61.792,-0.780804,24.9744,1,27.2247,4.84988,3
6.77896,1328,1,16.1043,0.914246,24.9982,1,68.0948,3.66136,1
9.18179,1837,1,81.2184,2.56059,25.037,1,41.0191,7.74719,1
9.47756,1343,1,96.8587,1.39049,25.0404,1,61.7568,12.3147,3
6.96597,1086,3,12.8185,-0.673904,25.0454,1,44.6254,2.96272,3
9.59506,1733,3,50.5076,2.09891,25.0758,1,60.1328,3.87336,1
7.46556,1004,2,40.1281,8.86044,25.0868,1,56.7535,10.8517,1
5.80115,1728,3,26.1201,3.89062,25.0893,1,63.2645,8.44742,3
8.04512,1857,3,71.179,8.99395,25.1098,1,48.2852,5.30201,3
6.03861,1367,3,21.4224,-4.00845,25.1379,1,43.1423,7.83588,3
6.59207,1660,2,35.6657,0.978282,25.1445,1,57.6135,13.9034,3
7.79429,1256,1,25.9238,-3.10461,25.1659,1,52.6588,6.99716,1
9.37455,1623,1,47.7439,7.08243,25.1807,1,68.7251,9.01701,1
6.80064,1304,3,3.60312,-2.22041,25.2144,1,63.0623,8.09219,1
7.56948,1482,1,2.16973,5.94548,25.2396,1,80.7993,4.58614,1
7.17807,1155,2,70.2676,6.30053,25.2428,1,37.6415,10.3849,3
10.5918,1954,3,83.2107,-1.70085,25.2955,1,64.6467,1.77769,3
12.152,1351,2,118.159,9.16674,25.3572,1,70.5883,11.5494,1
9.59485,1589,2,30.1055,9.34713,25.3617,1,75.6818,14.9045,2
7.29654,1482,3,38.0296,7.64113,25.4221,1,21.7181,11.8692,3
8.20054,1543,1,71.006,-3.61975,25.4736,1,38.4378,2.68373,4
5.87991,1787,1,2.00059,9.80794,25.5247,1,44.9677,1.70845,2
11.282,1587,1,113.029,3.66872,25.5803,1,50.6091,4.84498,4
13.7614,1911,2,99.4383,7.28679,25.6138,1,84.4394,10.6944,3
8.54077,1555,3,71.2273,1.19759,25.6721,1,42.8525,3.83856,2
9.11327,1283,3,80.9024,9.95443,25.7157,1,20.8305,0.755344,1
7.28854,1385,2,53.1093,4.24495,25.7163,1,53.8335,8.37379,3
9.41522,1132,3,86.4548,7.15434,25.7867,1,83.677,14.851,2
8.8476,1604,1,55.4168,2.05804,25.8157,1,57.166,4.81203,2
5.71252,1547,3,48.6857,8.17417,25.8754,1,20.3568,7.65487,4
8.51899,1858,3,72.5165,1.23168,25.8803,1,20.178,4.28317,2
6.18818,1570,1,29.6353,9.06762,25.8825,1,77.6166,7.67426,4
11.2525,1653,2,82.5655,9.20589,25.9115,1,74.4397,12.1671,2
8.70205,1152,1,82.1177,6.43297,25.9368,1,21.7152,9.8366,3
7.30751,1564,1,12.6438,3.45045,25.9545,1,82.0811,1.6378,1
10.0504,1973,1,52.0433,9.52056,25.9741,1,70.1971,12.436,2
9.54354,1257,1,83.9176,9.30111,25.9848,1,53.6114,13.8241,3
2.78158,1583,3,2.20301,-3.71091,25.989,1,42.0419,4.41783,1
11.8716,1086,2,59.0314,2.93658,25.9961,1,56.0398,11.5754,2
4.52613,1400,3,18.8728,-1.63941,26.0035,1,39.1429,6.65165,4
6.63986,1232,3,47.7404,0.980452,26.0158,1,82.4335,3.92963,2
9.74632,1597,3,49.4336,6.26182,26.0176,1,75.2506,0.457043,4
5.897,1353,3,29.8052,8.63358,26.0275,1,42.6274,5.5626,2
3.53949,1058,2,7.52275,-1.10715,26.0333,1,35.8285,14.7198,1
12.7644,1301,2,96.4245,2.10243,26.0894,1,82.2101,5.57066,3
8.35033,1256,3,73.1361,9.01035,26.1003,1,72.4578,2.75046,1
8.91856,1828,2,76.3128,6.29929,26.1036,1,40.6423,9.19445,3
11.3055,1740,1,109.78,0.788846,26.1131,1,54.9299,12.9788,1
13.5594,1305,2,119.451,4.19227,26.1134,1,68.6436,14.208,4
7.6384,1106,1,60.2323,-2.92484,26.1441,1,43.1152,2.00016,1
10.2353,1624,3,96.8485,5.01686,26.1592,1,31.7943,8.33846,2
12.5857,1542,3,106.342,0.871277,26.1617,1,66.729,0.362061,2
6.78774,1557,3,10.5761,5.0209,26.1983,1,78.8294,9.5715,4
7.91679,1555,3,33.2415,-2.40098,26.2487,1,57.5624,10.7924,1
11.5888,1661,1,118.714,7.99176,26.2734,1,25.1078,12.0807,1
12.1294,1189,1,114.179,6.69178,26.3139,1,77.45,9.45473,2
5.64858,1587,3,0.171401,-3.55594,26.3964,1,59.0305,2.37652,2
7.16769,1541,2,34.0209,-0.232784,26.4149,1,45.9938,5.31471,1
9.69377,1725,2,96.1177,0.751077,26.4207,1,59.1931,7.85837,1
10.6709,1286,3,81.2549,-4.24343,26.4393,1,86.1158,10.6218,4
9.9669,1128,1,74.7765,6.38505,26.4726,1,29.3828,10.1108,4
5.84178,1996,1,1.94405,7.67804,26.4942,1,58.1554,7.53692,3
6.00102,1349,2,49.3119,9.23137,26.5247,1,31.8654,5.99555,4
6.63274,1313,2,18.6831,4.37769,26.5268,1,84.0143,5.35863,2
8.61333,1083,1,75.6925,-1.6561,26.5984,1,45.6133,8.83832,2
9.15669,1965,2,28.8182,9.90029,26.6153,1,47.8456,7.53381,3
5.8696,1852,2,22.6893,1.50439,26.6407,1,62.458,14.579,1
7.72879,1193,2,28.7784,6.10292,26.6512,1,72.6505,6.61054,2
9.45942,1622,3,86.9469,-2.12926,26.6569,1,50.6288,7.29118,2
7.1364,1159,1,8.11257,-3.12107,26.7409,1,82.426,13.9212,2
9.95444,1098,1,90.2096,1.25131,26.7857,1,41.2624,0.626859,4
10.1775,1060,2,105.514,-2.27828,26.8233,1,43.3599,6.41734,4
10.598,1536,1,92.6721,5.43407,26.909,1,47.6866,4.73483,3
8.38103,1471,1,92.5768,-1.1968,26.9412,1,36.4898,14.1081,4
11.848,1153,2,114.932,1.21232,26.9517,1,35.6071,6.76952,2
10.9933,1127,1,119.458,-1.18305,26.9669,1,29.2632,14.6671,4
8.06551,1358,1,28.6797,0.973475,26.9819,1,86.7914,3.56326,1
10.0934,1493,1,57.0205,-2.26965,26.9855,1,44.1799,13.8194,4
5.89762,1936,1,53.1232,-4.74115,27.0112,1,26.7299,4.53754,2
9.17737,1064,1,64.8919,4.86554,27.0273,1,60.9699,11.6011,1
7.79049,1619,3,52.4395,-3.96349,27.0405,1,86.9984,0.162044,4
9.55984,1209,1,110.072,4.05856,27.0475,1,74.006,14.4018,3
9.98241,1549,1,68.874,6.33262,27.0712,1,59.1896,12.5098,4
6.5056,1452,2,72.1865,1.88388,27.0969,1,22.4856,13.2315,1
10.1922,1757,3,62.3534,-4.80817,27.1731,1,76.9148,7.05889,2
9.6285,1910,3,60.4884,3.89822,27.2252,1,57.4848,7.02028,2
9.81185,1909,1,73.8155,8.77796,27.2254,1,52.9587,6.96095,3
6.48504,1212,2,68.023,-1.78198,27.2488,1,65.3711,11.6181,2
12.015,1288,1,96.6112,6.95102,27.2768,1,52.5998,0.531183,3
8.47882,1007,2,58.1008,0.0538452,27.2864,1,21.6404,10.0778,4
11.2832,1036,3,99.3028,6.1561,27.3128,1,43.067,9.98529,1
9.84768,1793,3,79.4781,0.939333,27.351,1,55.1149,0.00484848,4
9.54698,1856,1,108.196,8.81358,27.3578,1,66.7957,7.67425,3
6.15733,1101,2,4.01083,-3.44206,27.371,1,73.5892,5.70499,1
8.07765,1568,3,66.0638,4.6418,27.3871,1,72.0435,3.2145,2
6.11977,1217,3,8.32729,8.0664,27.4015,1,79.6876,4.44404,4
11.05,1761,1,115.184,-3.75847,27.4624,1,57.2431,6.07066,4
8.14936,1812,2,44.5168,6.42493,27.467,1,22.7935,0.527017,2
4.40236,1523,1,14.814,8.86357,27.4833,1,22.0424,8.37153,4
7.32745,1116,3,48.2265,-0.337061,27.5878,1,49.8357,11.6467,2
12.1052,1774,1,112.312,2.20811,27.5913,1,34.2285,9.93859,2
11.466,1519,3,106.77,2.13446,27.5941,1,20.2665,0.534501,1
13.5388,1333,1,116.856,7.94555,27.6253,1,79.6235,8.90331,2
8.58419,1145,1,111.907,-4.2307,27.639,1,29.5411,3.63392,2
9.62917,1976,2,53.6127,8.336,27.6594,1,47.1861,9.60665,2
7.63261,1815,3,44.3137,8.86708,27.6865,1,22.7959,0.716687,2
9.44582,1784,3,104.209,6.18008,27.7032,1,42.7026,12.4664,2
8.95755,1740,2,73.4197,3.77967,27.7562,1,74.0431,5.28584,1
6.10352,1088,1,41.8598,3.49891,27.7773,1,55.9036,10.3356,1
8.0863,1707,1,22.62,-2.76273,27.7853,1,47.4152,11.201,4
12.095,1098,2,119.488,-2.84083,27.7855,1,71.4591,14.1202,3
12.7902,1373,3,97.5421,1.67069,27.803,1,72.7606,14.4929,3
11.4772,1358,3,103.021,9.52937,27.8122,1,26.3327,1.2072,1
5.78329,1826,3,3.50037,7.43927,27.8186,1,32.9235,3.32673,2
3.76132,1360,2,25.3718,0.500207,27.8427,1,27.0907,7.05937,3
11.0879,1004,3,79.9756,4.16962,27.863,1,78.2872,1.93466,3
8.57144,1742,1,114.952,9.63143,27.8955,1,35.4737,3.31097,3
6.27996,1927,1,9.07003,-2.81542,27.9026,1,34.8044,12.3242,2
11.44,1489,2,113.804,1.34012,27.9047,1,26.5247,5.42399,2
10.3381,1505,2,109.746,5.89827,27.9155,1,59.6184,10.0011,2
5.90692,1285,1,48.4376,7.206,27.9178,1,26.1141,6.97331,4
8.38951,1687,1,34.4665,3.73095,27.9528,1,83.952,5.1527,4
14.3995,1058,3,109.647,9.09514,27.9862,1,80.4834,14.0386,1
9.38771,1957,1,77.487,9.01445,28.0087,1,84.0909,5.87408,2
6.43173,1957,3,20.1934,5.93222,28.0436,1,69.999,4.20666,2
5.10892,1672,1,4.40555,4.82612,28.0451,1,71.368,5.40482,2
8.97207,1928,2,82.7135,-1.01693,28.1344,1,66.945,6.75115,3
5.18955,1364,3,34.7674,1.03043,28.135,1,20.9344,0.530762,3
10.7566,1021,1,100.394,8.06793,28.1489,1,38.3193,4.33768,1
9.53184,1054,3,99.8869,-4.10231,28.1652,1,37.982,5.58456,2
9.14659,1941,3,87.2422,-0.0397882,28.1678,1,83.1719,10.7165,3
10.8568,1575,1,97.4896,3.31646,28.2575,1,78.0081,12.4202,1
9.2881,1813,1,77.9746,7.56577,28.2791,1,67.6918,6.52437,2
5.76702,1146,3,32.1448,-1.62376,28.3533,1,33.2003,1.93006,4
7.01331,1222,1,48.3853,4.59607,28.4053,1,66.4117,12.057,4
8.13723,1579,3,37.6994,-0.305464,28.4655,1,61.9403,9.92278,3
9.23493,1663,1,66.8449,5.18492,28.5107,1,78.8455,14.9828,1
8.86237,1278,3,65.3761,6.96406,28.5177,1,30.1773,1.418,2
10.8014,1632,3,85.6329,5.11194,28.5289,1,78.9419,13.554,2
6.26177,1595,3,2.84493,-0.379689,28.5481,1,86.3193,13.2098,4
9.38285,1938,1,31.3395,3.33611,28.56,1,86.8174,9.37855,3
9.18495,1553,2,83.9433,-3.0365,28.5735,1,40.2047,5.27725,1
9.47343,1127,2,74.8379,4.64963,28.6753,1,86.3486,14.4113,2
6.02178,1935,2,10.3944,9.94964,28.7008,1,74.0316,14.9918,3
7.28134,1296,1,41.1277,-0.219888,28.7244,1,88.4021,3.12574,1
6.34713,1576,1,18.581,0.0721619,28.7362,1,83.0687,11.1934,2
10.1449,1313,3,65.5688,-0.839969,28.7595,1,81.0058,1.49434,4
10.4973,1386,1,69.7162,4.698,28.7671,1,37.3557,11.3232,1
10.6177,1748,1,98.3612,6.42077,28.8244,1,50.5264,3.46052,4
7.55308,1191,3,91.9818,-2.45744,28.8404,1,28.1586,12.3091,3
7.61978,1219,3,33.1583,2.7673,28.8674,1,83.4799,5.01474,2
5.72797,1444,3,45.9359,-4.05592,28.9097,1,88.5005,1.41107,4
7.72521,1739,2,54.6559,5.5867,28.9261,1,75.4339,8.58586,4
9.78175,1894,2,96.596,-4.73936,28.9687,1,86.8245,14.3491,2
9.9744,1049,1,98.5511,5.60258,28.97,1,20.9611,9.49656,2
5.46535,1039,3,30.3841,-2.63373,28.9708,1,41.7338,9.01846,4
7.25795,1272,2,61.1411,-1.41176,29.1134,1,85.5504,2.11008,2
6.59952,1153,1,19.3749,8.32746,29.1184,1,59.466,12.608,1
5.42981,1436,2,12.7049,2.58052,29.1231,1,67.4381,6.15598,1
7.90055,1900,1,69.0951,6.47555,29.1341,1,21.1584,0.812976,1
6.50641,1540,3,6.14692,-1.71108,29.1832,1,50.9635,10.9001,1
7.39093,1754,1,40.9582,3.90371,29.1902,1,66.7518,7.36701,1
4.19882,1921,1,6.98854,5.93702,29.2222,1,47.5447,11.2262,1
9.68733,1915,1,108.288,0.728155,29.2588,1,25.4694,9.77281,2
6.66117,1119,1,15.4683,-0.587505,29.2758,1,28.4504,5.74955,1
8.59745,1388,3,84.6049,-4.05596,29.2981,1,32.5598,10.471,3
4.86134,1421,1,4.67256,0.955015,29.3659,1,81.4475,3.23354,2
8.8838,1086,3,99.7495,-2.75461,29.3948,1,20.0916,14.3195,2
3.77992,1419,2,1.00364,-3.87466,29.3951,1,21.0157,14.4627,2
4.74896,1785,3,15.4844,-3.80069,29.399,1,55.4728,11.49,1
11.3333,1344,1,110.405,4.20969,29.458,1,59.6003,8.58382,4
9.21388,1308,1,81.1678,-2.33458,29.4592,1,38.0139,7.2043,4
10.4103,1142,3,88.6468,3.95589,29.4738,1,34.575,8.60758,1
9.87319,1434,3,32.6398,-0.737861,29.5022,1,77.7529,11.5741,4
6.54611,1112,2,31.9114,2.03902,29.5045,1,65.3548,5.60098,3
6.30318,1786,2,44.7849,3.97656,29.5533,1,89.0094,4.27854,2
6.22833,1025,3,41.2749,2.10254,29.5963,1,29.5515,3.04571,1
11.2975,1468,3,105.016,7.93573,29.6413,1,45.9468,14.3436,2
7.84147,1214,1,98.477,-2.1294,29.6602,1,41.2937,0.359335,4
7.43652,1020,2,27.0797,7.90334,29.7114,1,66.4717,4.77779,3
8.24803,1965,2,26.1337,6.88931,29.768,1,54.8141,14.7192,4
6.48944,1768,3,17.6355,-1.02934,29.8128,1,54.2047,4.25288,4
9.3932,1601,2,52.8724,6.40673,29.8164,1,25.858,3.83964,2
10.6673,1890,1,113.403,-2.06936,29.8224,1,73.7755,9.96637,1
7.49868,1645,1,28.575,6.61553,29.88,1,75.0644,7.22494,2
4.04672,1200,1,2.70823,1.82419,29.9521,1,60.5509,4.95322,2
10.312,1313,1,116.21,-4.85074,29.9742,1,40.0545,9.85424,2
7.74844,1980,3,95.1408,7.48739,29.9813,1,33.7647,3.15233,3
8.29129,1010,1,23.0428,9.47825,29.9903,1,26.4324,5.32614,3
6.70508,1583,1,31.0685,6.23625,30.0087,1,73.9961,12.9256,3
10.1681,1849,1,109.8,2.23426,30.0769,1,52.1087,8.89325,2
9.6238,1778,2,59.1083,-1.09083,30.133,1,79.2162,12.9724,4
10.4264,1068,1,86.2488,9.88224,30.1731,1,67.926,5.58039,4
6.59298,1288,1,29.4423,1.21619,30.1902,1,45.3883,14.341,2
9.13613,1329,3,75.0818,9.45839,30.2011,1,28.8766,4.71839,1
8.89068,1791,2,37.5489,0.035906,30.2234,1,55.8228,6.21067,2
9.36088,1145,3,101.06,1.54429,30.2612,1,83.7287,1.04912,2
7.66981,1983,3,71.4276,3.75267,30.3723,1,38.7429,4.5765,3
6.26982,1950,2,41.4744,9.48389,30.4265,1,51.1972,5.4869,1
12.7943,1216,2,93.6255,-4.62818,30.4724,1,85.531,7.05541,2
10.0826,1913,3,88.1333,1.49876,30.5081,1,62.5728,4.56958,3
7.49579,1663,2,87.6299,-0.414708,30.5253,1,22.8367,6.81525,3
10.0769,1300,3,84.3155,8.13285,30.5733,1,79.5626,4.61361,3
5.34388,1549,1,38.307,-1.71,30.596,1,50.561,7.46042,4
8.56613,1687,3,108.474,-4.57768,30.6309,1,26.6574,0.590162,4
4.84725,1827,1,25.3351,9.88618,30.6985,1,83.6388,7.55672,4
7.88089,1418,1,35.9761,1.19512,30.7171,1,37.7937,14.7304,3
6.70616,1083,2,15.402,1.47398,30.7379,1,45.2373,9.31097,4
9.46191,1253,2,84.1404,0.570361,30.739,1,78.4312,7.96769,1
10.0113,1385,1,69.2547,-0.782602,30.7421,1,77.1738,10.1767,3
12.9927,1276,2,119.905,6.23962,30.7589,1,82.4064,8.52993,4
6.59945,1129,3,8.25047,4.71886,30.77,1,30.8558,11.5286,1
6.27348,1846,2,17.5724,3.61114,30.8172,1,66.2676,0.475227,2
8.23799,1846,3,37.0162,7.67144,30.8478,1,27.773,3.91628,2
11.7148,1385,1,108.931,6.65365,30.9027,1,42.724,3.66737,2
10.5368,1122,3,118.706,5.68546,30.9161,1,74.2554,7.91711,1
7.69816,1172,3,1.59374,2.47176,30.9676,1,64.0981,10.8028,4
9.25276,1483,2,44.2017,-2.62839,30.972,1,69.5122,11.5443,4
5.57911,1421,1,40.9884,0.306965,31.0216,1,22.846,3.25364,2
12.0389,1547,3,97.7264,8.66486,31.0346,1,29.6713,11.911,4
7.0529,1248,1,14.3869,6.76384,31.0944,1,28.663,11.925,1
5.82619,1984,2,73.8515,5.645,31.1468,1,22.7672,1.12491,4
10.0271,1691,2,107.806,4.86288,31.1489,1,69.9463,9.91238,2
6.67635,1951,1,66.0796,6.20661,31.1698,1,37.1963,12.3321,2
10.5746,1484,3,68.6277,1.57835,31.1897,1,39.4599,5.82369,4
10.324,1140,1,103.044,2.24822,31.1978,1,38.5933,12.1357,3
8.11852,1522,1,45.9858,4.78425,31.2273,1,41.889,12.804,4
4.04801,1417,2,26.2526,7.10482,31.2489,1,38.3051,5.36871,4
10.0674,1066,2,78.7875,9.92832,31.2814,1,35.7484,1.02451,4
5.75135,1433,2,0.459635,1.1269,31.3686,1,76.3367,3.24062,2
9.12864,1224,1,26.6491,0.495047,31.5168,1,58.8563,3.36411,3
6.72614,1548,1,17.755,2.90048,31.5387,1,55.5613,1.28152,1
8.70613,1159,1,60.9366,7.86999,31.5678,1,33.659,9.44371,2
6.18839,1101,3,58.7743,4.97344,31.5875,1,33.1039,8.04335,2
9.0259,1633,3,91.9389,2.00065,31.594,1,30.117,1.01603,2
9.89661,1249,1,106.341,7.67148,31.6204,1,70.2781,3.37171,2
14.5802,1182,2,118.813,9.56212,31.6361,1,89.2193,3.59457,2
10.4948,1038,1,105.502,0.247694,31.6399,1,86.8757,11.0068,3
5.66196,1419,1,7.89958,6.1326,31.6548,1,32.1052,3.82319,3
11.3578,1069,2,111.382,7.61845,31.688,1,75.4445,11.4446,4
5.33723,1754,1,2.5211,1.22769,31.7227,1,29.1774,6.20284,3
5.83317,1280,1,17.4392,1.98502,31.7509,1,77.3588,3.65858,4
8.95467,1473,1,69.2229,-4.96237,31.7821,1,39.065,9.12751,2
9.34784,1359,3,77.1368,3.95556,31.8203,1,54.1332,9.09929,3
8.93136,1272,1,25.1628,6.20454,31.8473,1,68.8639,8.55275,2
5.51469,1339,2,15.8024,-4.25191,31.8513,1,79.0932,8.09955,4
12.8038,1983,2,111.985,7.41299,31.8534,1,72.6116,3.88055,3
10.2498,1512,3,51.1345,4.17537,31.9093,1,30.6811,4.2828,2
11.6896,1824,1,73.3987,3.6147,31.97,1,85.2884,0.773071,4
6.31217,1283,3,34.291,-4.69068,31.9929,1,33.148,14.1943,1
8.62762,1902,2,64.5745,3.87113,31.9968,1,44.8338,5.71856,2
9.9855,1812,1,82.9987,-1.49586,32.0066,1,62.73,13.123,1
8.83969,1680,3,91.3207,-1.01509,32.0076,1,59.7344,10.5194,2
5.27023,1895,3,24.518,3.12285,32.0182,1,31.6257,8.57354,2
9.47386,1442,1,58.183,0.874095,32.0185,1,75.9598,7.23484,4
8.63751,1671,2,33.8995,1.03948,32.0228,1,72.467,6.99982,4
9.46366,1036,2,77.1354,4.84614,32.0313,1,26.6716,9.97918,1
7.00189,1707,2,62.2039,1.67275,32.1695,1,79.5443,13.5809,3
9.23477,1689,3,111.19,1.68862,32.1951,1,58.3639,9.38242,2
9.81211,1662,2,75.7853,-2.411,32.2754,1,60.5469,2.11043,4
5.79847,1841,3,42.7433,-4.83192,32.281,1,29.3107,8.32153,1
10.8204,1910,3,61.7354,-2.90933,32.3119,1,30.9661,7.63831,1
10.5526,1740,2,113.658,-2.32347,32.3127,1,24.7366,0.567487,1
4.24645,1056,2,0.703767,3.1191,32.3254,1,42.8499,1.49601,2
9.4628,1306,3,95.2961,-2.53255,32.3706,1,44.5675,5.22313,2
7.85802,1984,1,48.7909,0.402581,32.4198,1,66.2132,14.1531,3
5.9808,1546,2,34.2293,-2.6626,32.441,1,50.9828,3.5521,3
6.60796,1796,1,34.5013,-0.720147,32.4703,1,39.8646,3.61486,4
9.15733,1986,2,44.6204,-1.09074,32.4744,1,58.0104,3.14243,4
6.19849,1819,2,23.9486,0.635758,32.5152,1,27.7745,4.45958,4
6.45378,1223,3,23.42,4.37894,32.5503,1,26.1614,1.90923,3
8.62703,1550,2,54.9988,-2.82008,32.5594,1,58.3779,10.7782,3
4.828,1226,3,7.15408,1.82334,32.5674,1,77.2745,3.447,1
9.89337,1330,2,106.639,3.44969,32.6103,1,31.2647,5.44302,1
10.2862,1469,1,74.9849,8.48637,32.6201,1,42.0489,6.08832,3
9.04926,1333,2,102.179,3.34935,32.8105,1,64.558,9.27922,1
4.37199,1871,2,8.6131,7.49273,32.8186,1,42.0119,2.50315,3
9.6103,1054,1,49.8982,-1.30332,32.8249,1,85.7824,9.53017,3
7.88871,1675,1,25.3478,-3.83062,32.8304,1,85.4261,8.65974,2
7.94716,1526,2,51.2526,-1.1681,32.8429,1,23.1563,5.94569,2
7.65018,1725,2,97.755,4.32356,32.8633,1,37.8611,13.6565,3
8.9978,1699,3,34.6762,6.90562,32.8805,1,81.6073,6.36838,3
6.95717,1782,3,21.8116,-0.128501,32.9073,1,33.4393,9.32991,4
5.40261,1077,1,19.3641,4.38793,32.9082,1,60.8343,3.18308,2
5.19889,1751,2,49.2878,-3.94862,32.9698,1,31.6648,7.02784,2
5.78918,1050,1,35.5591,-1.24072,32.974,1,68.462,1.67832,1
6.30931,1522,1,75.011,2.6038,32.9868,1,30.2809,2.35425,2
7.45251,1902,3,26.4134,9.29963,33.1814,1,70.1371,2.22544,1
5.3695,1651,2,2.16348,-3.26343,33.1818,1,54.8616,5.6394,3
8.89835,1162,1,8.46601,1.84618,33.2152,1,41.984,10.3056,2
5.4806,1455,1,18.7448,7.01643,33.235,1,54.2835,11.3504,3
7.67782,1451,1,78.0225,-1.62355,33.243,1,43.845,6.29683,4
11.3158,1844,3,95.2746,-0.327012,33.3306,1,39.9428,14.499,1
6.66076,1169,1,13.0816,9.00957,33.3404,1,37.4812,7.75153,2
4.92809,1814,3,6.05001,2.40661,33.3524,1,81.2182,10.2618,2
5.74554,1558,3,5.5283,-3.65884,33.3728,1,78.0195,6.95347,3
9.94218,1920,1,81.0704,4.40498,33.3845,1,45.8036,1.71716,1
10.5367,1237,1,93.9295,4.57253,33.3941,1,67.4491,12.5244,1
4.4116,1845,2,2.32815,4.84735,33.5061,1,52.3297,5.37558,3
7.51021,1592,3,72.5231,5.6169,33.5534,1,76.4213,0.736795,4
8.48837,1048,2,50.2001,-0.658677,33.5602,1,66.0572,13.082,1
12.5274,1456,1,118.149,4.30231,33.6111,1,88.8109,5.33052,1
8.49723,1304,1,46.705,-0.650856,33.6606,1,47.0848,14.8841,4
7.59945,1984,1,36.1411,6.61258,33.7282,1,58.32,12.5938,2
10.7536,1374,2,84.4724,7.45483,33.767,1,61.3281,2.52135,1
6.70251,1343,1,32.4671,-2.1888,33.7783,1,78.223,7.86836,2
7.68609,1094,3,40.7966,-2.46548,33.8057,1,45.9455,12.172,3
9.93149,1212,2,115.244,-3.56298,33.8314,1,22.6976,10.9886,4
8.86192,1379,3,79.4364,1.08059,33.9105,1,77.7602,10.861,1
8.08156,1898,3,20.6014,4.61434,33.9398,1,62.3544,3.80184,1
6.65716,1794,3,54.4788,-0.114161,33.9489,1,69.5455,12.0516,1
6.67889,1985,3,5.35057,4.28926,33.956,1,43.2781,2.48899,4
8.94139,1935,3,40.3588,6.43423,34.0109,1,24.8912,11.8516,4
6.42311,1434,3,32.482,0.191331,34.0273,1,42.6432,3.54316,4
8.56573,1101,1,85.068,0.702787,34.045,1,56.2922,11.7971,4
9.07966,1886,2,68.5456,0.363129,34.0565,1,73.8035,13.0928,4
6.2622,1077,2,10.4421,1.60419,34.0611,1,64.7183,4.48168,2
7.14351,1413,1,32.1657,4.40884,34.0633,1,20.5294,6.61919,2
8.04935,1910,2,6.0747,-1.95939,34.0974,1,80.6603,2.31175,3
6.40311,1852,2,57.9817,-4.1079,34.1013,1,27.0447,1.3617,4
10.398,1996,3,51.9408,1.36075,34.1184,1,36.908,11.8072,3
9.15395,1183,3,88.2625,0.963027,34.1255,1,84.302,6.3305,2
9.22027,1717,1,92.2517,5.84769,34.1287,1,49.802,4.98022,1
10.4096,1729,3,119.827,-0.0917628,34.1698,1,58.9074,12.0109,4
11.1759,1025,2,57.3441,-2.73248,34.2064,1,85.3717,4.83237,3
5.41362,1151,2,7.65535,9.94191,34.2388,1,72.4791,2.58062,2
6.338,1317,3,34.2247,-4.6234,34.2619,1,57.6958,14.3689,1
7.30124,1400,1,28.1311,-2.66991,34.2872,1,66.4903,7.81764,3
9.31235,1840,2,84.4629,4.9991,34.2998,1,49.8115,5.73645,4
8.79817,1973,2,67.5187,2.44874,34.3082,1,55.5427,11.5855,4
9.94998,1661,3,56.2268,6.82058,34.374,1,84.4232,7.95231,4
9.29664,1212,1,64.4231,3.33802,34.3945,1,70.0737,13.4361,3
6.33029,1209,3,17.6596,-3.73088,34.4174,1,39.5064,0.846404,1
10.9394,1821,3,70.3922,9.76229,34.4606,1,76.8837,2.42004,3
9.32459,1098,3,57.9648,6.17768,34.5027,1,57.0872,2.37519,3
2.94157,1954,2,15.344,-0.202415,34.5495,1,28.1735,8.17683,3
7.3354,1326,1,9.40059,8.60815,34.614,1,85.1071,2.22592,4
11.3403,1930,2,112.646,8.34557,34.6493,1,50.3743,7.53493,3
5.42273,1586,1,32.8886,-3.43621,34.6647,1,38.5403,0.13266,2
8.70111,1834,1,117.293,-1.92227,34.712,1,32.0566,2.86389,1
11.2029,1349,3,71.5298,8.59249,34.7493,1,78.6279,3.6983,4
8.16764,1288,3,76.1888,9.26626,34.8075,1,34.0602,12.0533,4
11.0635,1325,1,55.6783,-0.563535,34.8157,1,71.8309,6.76142,1
6.01946,1685,3,7.63217,8.51956,34.8171,1,87.3388,10.4663,4
8.036,1951,3,77.5572,-2.73606,34.8202,1,39.3492,5.86736,3
10.8751,1939,2,79.3611,5.1719,34.8598,1,59.8609,10.7541,3
9.22531,1380,3,117.903,0.308861,34.8912,1,23.6914,4.90773,2
9.05338,1935,2,67.8894,-4.08328,34.9199,1,62.2568,2.97201,3
9.27211,1937,1,72.9854,-1.06243,34.9373,1,60.2743,5.72125,3
9.99885,1413,3,65.7139,-1.1133,34.9402,1,71.1487,11.7934,2
4.59215,1452,1,2.29548,-1.5325,34.9786,1,42.8846,11.3653,4
11.281,1955,2,102.952,6.85723,35.0353,1,30.9935,12.1654,3
11.8804,1536,1,118.661,3.66237,35.0564,1,30.1139,11.4161,1
8.13947,1540,3,96.2882,6.58526,35.1656,1,47.9044,9.1091,4
9.09952,1792,2,30.2607,3.2971,35.2413,1,64.8815,12.1612,3
6.37565,1768,1,4.65593,-4.75221,35.2579,1,53.519,10.915,4
11.0643,1609,3,69.2323,8.64305,35.3353,1,73.1738,0.453746,2
9.12235,1838,2,101.238,-3.10542,35.3708,1,45.0867,1.02698,4
8.68389,1025,1,60.2039,1.58409,35.4259,1,74.8176,7.1001,3
6.97897,1884,3,31.7562,4.64847,35.428,1,44.857,0.520652,1
4.07447,1570,2,9.78899,-0.281425,35.4292,1,55.5543,5.12339,1
7.40311,1522,1,32.9055,-1.22735,35.4307,1,62.1276,1.89885,4
9.94649,1857,1,84.9266,7.91079,35.4437,1,67.5981,12.9042,2
8.15818,1438,3,50.3338,1.13151,35.4517,1,54.5885,2.64694,2
6.80081,1678,1,29.3659,6.52879,35.4569,1,61.1195,8.61571,1
10.4797,1145,3,79.6815,7.9728,35.4593,1,75.6169,6.24006,4
7.31476,1831,2,65.9852,-0.194329,35.4792,1,36.8161,12.2361,2
10.2282,1241,2,114.093,-4.47721,35.5026,1,37.1564,11.9941,4
10.041,1674,3,67.2814,2.47534,35.5092,1,69.2856,3.18858,1
6.35747,1688,3,34.1146,3.25989,35.5521,1,67.1704,2.64348,2
5.26184,1796,1,52.7476,6.4058,35.6071,1,44.6551,3.31994,4
12.9115,1228,3,109.97,5.08451,35.6162,1,68.485,4.8595,1
6.05348,1039,3,35.718,8.15147,35.6456,1,69.4238,4.81906,3
7.54733,1663,1,11.4479,-4.39481,35.6498,1,55.1149,12.6746,3
5.87772,1733,3,21.8181,9.23881,35.65,1,68.8107,1.43954,4
9.45642,1453,3,90.2158,-1.24964,35.7446,1,47.4559,4.07033,1
7.77817,1603,1,31.2284,4.38309,35.7462,1,78.3264,9.13746,3
11.1562,1724,1,90.1708,6.14481,35.8141,1,70.2989,13.2267,2
4.67478,1065,3,9.42118,3.09873,35.8251,1,68.0985,9.31954,2
5.71801,1929,3,27.3882,4.98871,35.8335,1,78.3775,8.11014,4
10.3847,1926,3,50.2708,5.14415,35.8417,1,89.0641,6.16006,1
8.00005,1899,1,29.1749,6.67496,35.863,1,29.8697,5.25092,4
9.67985,1515,1,48.639,6.01234,35.8752,1,89.9831,11.2153,4
8.19492,1573,3,101.305,2.9304,35.8833,1,27.4067,2.17039,3
9.99402,1935,3,105.536,5.89513,35.9042,1,61.8868,10.0424,1
10.3786,1689,1,90.874,6.39098,35.9411,1,63.9659,13.3086,4
11.5652,1912,2,119.715,-2.11412,35.9679,1,39.5932,9.55535,3
9.36817,1036,2,88.5462,1.44919,36.0636,1,65.8504,11.3007,1
11.0697,1541,3,93.7549,-0.729901,36.1538,1,57.2296,4.08985,3
7.05846,1604,1,72.0302,-2.6809,36.1786,1,70.9366,0.0971352,4
9.07234,1479,2,43.179,5.38253,36.2146,1,38.5338,0.617413,2
8.28334,1183,1,57.1603,3.77173,36.2222,1,42.5297,1.03584,4
6.92249,1002,2,68.1569,2.25153,36.2897,1,37.3346,13.6923,2
6.93772,1491,3,4.71181,1.49816,36.2976,1,43.9034,13.8252,1
10.7156,1337,1,89.0276,-4.30702,36.3455,1,30.281,7.94245,3
6.22252,1040,3,18.5811,-2.8092,36.3621,1,84.3781,2.41585,4
7.9885,1623,1,65.3396,-2.00986,36.3875,1,68.7553,12.4659,3
4.96461,1906,2,21.915,4.14575,36.4244,1,33.8901,7.70462,1
10.3917,1690,3,76.9805,0.0965296,36.4291,1,86.5911,12.0236,2
11.0153,1193,1,111.421,-1.96099,36.4419,1,61.529,10.2824,3
3.65792,1914,3,8.77021,1.70605,36.4461,1,42.2871,6.44368,4
11.165,1647,3,74.3431,4.21157,36.4569,1,65.6616,13.8608,1
6.91301,1935,3,56.0865,9.98136,36.4828,1,44.5518,4.70489,4
8.49586,1848,2,23.8988,4.82737,36.4937,1,71.2842,3.00367,3
6.23792,1443,3,44.5336,4.39565,36.5091,1,34.1711,5.67949,2
8.7057,1378,3,63.5929,1.15224,36.5597,1,86.2166,14.9347,4
8.23514,1195,3,26.124,-2.34284,36.5736,1,48.4173,8.94078,2
9.94091,1826,1,39.388,2.32208,36.5813,1,68.0661,10.3384,3
8.27315,1326,2,53.0753,7.45777,36.6192,1,23.1135,4.91093,3
7.44388,1573,1,10.49,7.66,36.6369,1,86.4064,4.44923,3
10.0351,1116,2,70.6117,2.12136,36.6623,1,44.6229,8.6125,1
9.79745,1014,2,54.9515,3.75224,36.6808,1,83.7482,13.7219,4
8.64359,1068,3,46.3545,-3.2257,36.7315,1,69.2152,2.64465,1
10.4935,1448,1,39.996,2.81299,36.7424,1,85.8227,13.6171,4
6.04151,1400,2,11.6359,1.3024,36.8155,1,20.6308,5.92558,4
10.8722,1412,1,78.8075,2.49768,36.8185,1,83.2644,4.42761,4
7.56324,1725,2,115.532,8.75008,36.8996,1,36.69,6.66788,1
4.07085,1261,2,14.8615,-4.08582,36.9379,1,40.7135,0.481123,4
6.73844,1123,3,26.3267,6.52075,36.9596,1,79.3903,6.95372,3
6.65654,1636,3,35.9915,5.20705,36.9896,1,24.6536,9.20685,4
9.1873,1203,1,64.2651,8.9105,36.9898,1,59.5747,11.2146,3
9.30314,1918,2,72.3895,4.91459,37.0147,1,30.7163,5.74339,4
4.86114,1098,2,13.1379,3.41024,37.0239,1,43.4476,4.47144,1
4.95032,1411,2,15.8722,5.20547,37.0402,1,40.441,10.4943,2
8.56306,1324,2,102.407,7.20021,37.0718,1,29.3121,6.12799,2
7.25389,1926,1,45.2818,7.7389,37.107,1,27.2532,4.41151,2
7.52726,1708,1,36.7756,1.17121,37.1122,1,32.4474,2.31015,1
8.70009,1345,1,35.7663,3.43888,37.1228,1,46.7529,8.56587,4
10.296,1155,3,77.7636,-0.403267,37.1439,1,86.3187,7.06139,3
8.09882,1948,3,65.0112,-0.347204,37.1567,1,62.0722,6.02636,3
6.06343,1512,1,55.8011,-3.37216,37.205,1,22.6056,6.21161,1
4.46587,1446,2,13.5877,5.38088,37.2426,1,50.627,0.573651,4
7.8433,1016,2,12.1647,2.63387,37.2695,1,20.1669,4.62464,4
6.91274,1228,3,79.0854,-0.218652,37.2954,1,30.7607,5.55137,3
5.03134,1045,1,33.2105,-4.09233,37.2965,1,52.8082,1.51979,1
10.0588,1227,2,112.05,-3.22202,37.3404,1,44.7051,12.6237,2
5.42304,1105,1,26.147,7.45761,37.4252,1,49.8169,12.7922,2
6.72986,1017,2,49.4736,-4.589,37.4317,1,28.6579,11.1231,1
7.11629,1088,2,43.329,5.42855,37.4368,1,30.7987,8.94088,3
4.48482,1504,1,4.65755,3.27282,37.4851,1,82.0709,12.1008,3
5.40258,1394,1,6.3392,7.15598,37.4919,1,37.8086,12.7323,3
8.10005,1440,3,35.8711,5.67797,37.5225,1,43.1472,5.43646,2
4.21792,1345,3,8.45903,3.42982,37.5291,1,43.2366,0.382735,1
7.86229,1601,3,67.4574,3.34737,37.5325,1,70.7852,9.79382,2
10.4605,1144,1,99.1278,-2.93232,37.5703,1,26.4596,2.7345,4
7.69713,1187,3,84.1552,5.01762,37.6298,1,38.8337,3.83219,4
10.1182,1643,2,100.197,-1.98183,37.6762,1,32.117,10.5758,1
3.97213,1426,1,10.2483,-3.88661,37.6826,1,28.1799,8.09213,4
8.4952,1001,1,46.207,7.71175,37.76,1,89.255,13.0976,2
11.7712,1606,3,105.52,-4.91647,37.9068,1,57.8548,11.7017,4
10.0179,1906,3,66.4792,9.77876,37.9078,1,81.7219,7.48113,1
5.53377,1015,3,1.66346,-4.10374,37.9479,1,59.5426,4.37596,4
6.00666,1009,2,39.9275,-0.273607,38.0205,1,82.9152,0.263815,2
4.87657,1091,2,5.78232,-1.69552,38.0342,1,58.9592,1.72478,2
2.98705,1362,2,1.58746,-1.45544,38.0439,1,41.1246,7.64081,4
6.23808,1415,1,44.0158,-4.23777,38.0788,1,23.3493,1.986,4
11.8193,1840,3,74.709,3.93188,38.1087,1,87.517,5.41028,1
8.81855,1715,1,14.7897,8.36136,38.1358,1,80.9011,12.7666,2
11.1938,1548,3,107.953,1.29729,38.1416,1,57.9576,12.6949,2
9.45679,1609,2,100.995,6.21459,38.1617,1,31.662,9.69715,1
4.13268,1357,2,26.926,-1.346,38.166,1,35.3091,12.9226,4
10.7317,1364,1,65.863,8.00414,38.2034,1,56.5741,1.23023,3
7.06056,1745,1,49.0713,3.45676,38.2123,1,34.7516,7.2685,3
9.47627,1884,1,65.3038,8.8404,38.2335,1,24.6854,9.73046,2
11.7904,1487,3,86.7996,0.340703,38.2723,1,49.5432,4.42734,2
11.7366,1898,2,114.974,-2.40687,38.2907,1,49.8304,13.0615,2
6.23417,1979,3,51.4022,2.4485,38.306,1,34.4387,4.16147,1
6.57494,1421,2,34.1021,1.17803,38.3099,1,53.6559,10.2929,4
4.48367,1813,2,39.794,8.75444,38.356,1,42.871,3.32354,2
9.32599,1771,2,76.9896,9.74561,38.3848,1,52.7897,0.440206,3
5.57667,1195,2,42.0625,3.59152,38.397,1,57.1088,11.1756,4
5.75412,1677,3,37.7321,6.82729,38.4151,1,32.1066,6.62548,4
6.49231,1496,1,37.5401,8.47491,38.435,1,21.1146,14.0456,2
9.36221,1658,1,106.331,9.232,38.4748,1,85.8371,7.41966,1
10.3282,1742,1,86.3266,-2.13663,38.4932,1,51.5402,6.03716,3
6.78443,1181,3,59.9951,-1.30542,38.5069,1,35.4271,3.60002,2
2.52683,1033,2,3.91909,-3.49776,38.5958,1,23.3441,2.72374,1
9.17427,1146,1,116.769,-1.68084,38.611,1,61.6665,2.10611,3
10.9129,1153,1,110.491,-2.70153,38.629,1,75.3497,8.65537,4
5.5478,1125,3,53.9932,7.885,38.6563,1,22.4893,14.7286,4
4.82957,1872,1,15.6424,2.84349,38.6648,1,35.3165,9.51638,1
10.1315,1110,1,82.064,8.72183,38.6861,1,89.9414,7.05209,1
9.48086,1667,1,107.41,8.78721,38.6873,1,67.9938,10.5931,1
5.607,1606,2,24.64,4.10234,38.6914,1,83.3045,1.89145,3
10.4937,1493,2,105.364,-4.66454,38.7457,1,49.1842,14.1197,4
5.2383,1771,2,26.1849,-0.595504,38.7737,1,55.1831,10.52,2
5.12131,1797,2,8.20238,-0.785241,38.8752,1,62.8013,6.17938,3
4.56427,1303,2,5.91534,8.60651,38.8905,1,45.7402,2.72887,2
12.2754,1523,2,106.15,8.55705,38.964,1,45.6502,12.583,4
5.55879,1357,3,31.1339,5.73884,39.0943,1,51.222,5.01694,3
5.44534,1971,3,2.62161,-3.52058,39.1853,1,58.696,13.0246,3
6.73803,1488,2,20.6195,9.16744,39.2066,1,71.4962,14.1686,4
8.30582,1157,2,51.8423,-3.9651,39.2148,1,68.2732,3.77148,1
5.57195,1339,2,8.76979,-0.102331,39.2594,1,73.5536,1.26058,3
9.83433,1001,2,117.484,0.67421,39.268,1,51.4152,13.693,1
8.86446,1047,3,76.7115,-1.08113,39.2865,1,28.5555,5.38512,3
7.9641,1228,3,61.5138,4.20922,39.344,1,71.7103,14.3372,3
4.89271,1074,3,10.1579,9.57092,39.4811,1,59.5134,2.41177,3
10.3303,1549,2,98.7928,8.92264,39.5287,1,51.1711,10.3173,2
7.61805,1589,2,0.470205,-3.89248,39.5413,1,64.2373,13.0957,1
8.35941,1739,1,25.4095,9.54897,39.5516,1,67.5548,14.5203,4
8.69863,1191,3,106.042,2.30564,39.6047,1,40.2406,5.97632,2
9.91264,1974,2,102.904,-1.08499,39.6606,1,82.5786,4.54852,4
4.5317,1015,1,4.7469,-0.634352,39.6718,1,75.5703,10.3823,2
9.62731,1654,1,109.817,-2.02557,39.6882,1,84.3782,1.42645,3
8.08382,1082,1,70.9099,5.2699,39.761,1,56.7477,12.9283,4
7.36693,1654,2,33.9201,-0.104989,39.7772,1,41.9465,13.803,3
4.87606,1851,1,23.5784,-3.3815,39.8184,1,53.7596,4.33963,3
5.1354,1394,2,19.9422,-0.390756,39.8229,1,48.7267,10.5507,4
6.33874,1856,2,15.066,9.94072,39.8347,1,23.3883,6.89012,3
8.79579,1621,2,73.8417,8.02903,39.907,1,58.6906,14.9238,3
11.7334,1442,1,109.77,2.31889,39.9353,1,80.1975,5.74189,1
6.33773,1960,3,56.1683,2.90198,39.9518,1,54.3576,10.5677,3
11.5615,1686,2,107.197,9.87831,39.9853,1,51.604,5.0206,4
7.99601,1146,3,114.064,0.0432024,39.9981,1,37.9435,4.5822,3
9.44344,1983,2,69.5685,1.20016,-4.97762,2,79.8655,11.3967,1
6.37622,1383,3,1.09178,4.14789,-4.95445,2,71.3123,1.51012,2
5.52375,1756,2,10.6294,5.34535,-4.9357,2,64.6244,11.4772,2
10.7932,1029,3,111.893,5.34235,-4.92775,2,33.897,2.28376,2
7.98496,1072,1,51.8481,8.33184,-4.81873,2,87.5221,12.5912,4
11.4505,1906,2,97.063,-1.75796,-4.81561,2,78.48,6.24468,4
5.45678,1580,2,41.0874,0.772692,-4.75289,2,55.2149,4.3241,2
7.56028,1421,1,65.5497,5.11403,-4.71885,2,50.7373,13.1976,1
9.57287,1074,3,87.7796,8.29826,-4.71004,2,72.1142,14.3086,4
12.2804,1441,3,110.848,4.22581,-4.68841,2,88.1439,12.0462,1
9.726,1346,3,109.389,5.57805,-4.68784,2,24.5791,13.6499,1
8.28952,1465,2,40.4655,6.58051,-4.67823,2,36.5,13.834,4
13.3894,1040,1,93.9838,1.61111,-4.63661,2,86.6767,14.9455,2
6.15432,1797,3,5.95372,8.75653,-4.62972,2,40.0229,3.17582,3
10.6745,1009,3,79.4679,-0.0843317,-4.61114,2,26.534,8.02266,4
7.937,1853,2,48.8166,-4.78026,-4.59957,2,66.7768,3.92637,1
9.57258,1000,1,54.6206,2.17442,-4.57021,2,56.177,12.6877,3
4.3245,1260,3,27.9999,6.71741,-4.56465,2,28.9928,0.149688,3
8.48178,1887,1,89.4258,-1.36763,-4.53914,2,46.1238,3.3374,4
6.60567,1105,3,6.32927,9.52148,-4.5323,2,75.6812,0.290449,1
8.04026,1516,1,75.9923,-0.765923,-4.52719,2,70.6612,7.52938,4
6.48758,1725,3,7.92664,7.47672,-4.51613,2,39.7466,9.87501,2
7.10174,1759,1,64.8992,6.07153,-4.47566,2,60.5426,14.6763,4
10.2239,1217,2,71.444,-0.160912,-4.47217,2,59.9083,7.86955,3
11.7694,1228,3,104.483,4.64838,-4.47098,2,20.9714,9.25469,3
10.3487,1573,3,94.81,2.6726,-4.44991,2,84.2004,1.11622,1
7.60376,1398,1,24.141,2.47966,-4.41961,2,68.4974,6.0935,2
12.7995,1723,2,113.611,8.06876,-4.39868,2,88.0633,14.2062,1
8.49353,1157,2,87.8247,-4.94321,-4.372,2,69.5546,1.72405,2
9.19751,1993,3,83.1491,2.56298,-4.30531,2,57.6241,7.25143,1
9.11918,1887,1,89.3701,1.58188,-4.28494,2,85.0405,13.6497,1
9.80513,1638,2,93.6565,7.06681,-4.28164,2,59.7456,7.06556,2
6.25315,1955,2,49.2364,-0.434884,-4.28036,2,38.6651,10.7798,2
9.40891,1052,2,114.954,-1.55117,-4.27215,2,47.4181,0.0750909,4
12.1047,1398,3,95.5669,2.43557,-4.21585,2,62.5387,11.4575,4
8.92976,1754,3,113.415,4.7156,-4.20958,2,79.9658,4.16657,4
6.27014,1459,1,36.5884,1.77656,-4.20199,2,55.6117,7.35761,1
8.93986,1583,2,72.8059,-4.56909,-4.19509,2,86.1385,1.42057,4
8.79066,1663,3,74.4569,-0.562674,-4.18605,2,30.3875,6.2782,4
5.61266,1780,1,36.296,-2.23371,-4.18553,2,53.0506,9.73929,1
7.61569,1510,3,69.5177,-4.94753,-4.13276,2,81.8258,11.0976,2
7.79,1955,3,58.548,7.62612,-4.1318,2,61.2945,8.931,3
7.68173,1636,2,31.1794,2.78889,-4.11777,2,20.044,4.6709,1
8.29185,1657,3,54.1356,3.33136,-4.11692,2,71.0014,2.04877,2
7.33089,1301,2,83.6918,4.80477,-4.07661,2,39.8226,3.3154,4
8.16382,1637,1,69.7947,8.93564,-4.07641,2,70.6652,0.377325,1
7.10168,1410,2,42.8435,-3.03086,-3.93895,2,42.912,2.21327,3
6.69641,1560,2,33.1403,-0.309078,-3.86927,2,62.0873,14.4796,4
5.7351,1452,2,35.0293,2.31136,-3.86639,2,65.5607,7.45838,2
5.34536,1760,2,49.893,3.56753,-3.84903,2,43.1805,8.28888,3
12.6911,1644,1,115.89,9.30079,-3.84856,2,82.8959,6.15503,2
10.8785,1686,1,105.778,1.48008,-3.82708,2,67.9734,4.74614,3
9.70139,1035,1,77.6811,-4.35748,-3.75366,2,41.9368,1.083,2
11.9697,1502,1,98.9221,-3.59555,-3.73782,2,77.0786,10.8582,1
10.4538,1584,3,72.8789,3.57979,-3.7341,2,64.6206,5.52137,2
7.74482,1126,3,32.6345,1.15347,-3.68844,2,65.6333,13.1655,2
6.27425,1124,1,24.9389,1.63809,-3.68616,2,79.8732,0.855162,3
9.9858,1917,1,76.9303,-3.64971,-3.64995,2,88.2454,1.08828,1
9.45522,1300,3,80.0023,0.00419648,-3.64368,2,57.8687,12.9192,2
9.76227,1176,2,88.997,3.13277,-3.58281,2,54.0424,14.7148,1
7.08858,1493,1,38.823,5.74916,-3.52344,2,47.4276,7.53423,2
7.91698,1928,3,23.5703,2.69352,-3.52198,2,37.0582,8.0193,3
11.286,1884,3,112.934,9.76693,-3.51119,2,76.763,9.91279,2
4.4887,1435,1,48.6123,-3.00721,-3.49552,2,57.0184,4.49557,4
8.53795,1212,1,59.5819,1.71324,-3.49312,2,59.2917,13.6764,1
6.29099,1901,2,50.1774,0.870674,-3.44806,2,51.6435,13.0264,4
10.1046,1967,3,51.9901,0.120284,-3.4462,2,85.8902,5.31765,1
5.634,1439,1,47.4064,-0.422275,-3.41875,2,61.0903,2.62393,3
9.485,1192,1,53.0872,6.79444,-3.40535,2,35.6993,8.72379,1
12.0446,1016,3,104.972,-4.43462,-3.3906,2,88.38,5.82485,4
10.0121,1185,1,88.8611,9.29855,-3.37148,2,69.594,6.51309,1
6.68773,1220,1,23.2007,-0.58531,-3.33508,2,81.8827,14.3249,4
8.81925,1658,3,49.435,7.53469,-3.33104,2,46.9337,5.72939,2
7.29622,1761,2,15.9612,3.67617,-3.17408,2,37.4758,0.762161,1
6.45123,1948,2,61.3336,-3.17597,-3.17392,2,50.2569,5.36119,2
6.38859,1957,3,58.0563,5.00512,-3.16948,2,31.0884,0.0310334,3
5.2655,1197,1,22.0575,5.92899,-3.16162,2,76.5808,0.131862,3
7.95403,1802,1,85.03,4.41308,-3.06724,2,40.1142,4.18354,2
8.10258,1059,3,105.254,-3.24126,-3.0075,2,59.8474,2.55976,3
7.95819,1588,2,58.0198,6.70183,-2.95031,2,41.4817,6.95479,4
12.1561,1459,1,88.9879,-0.065686,-2.92483,2,42.8971,3.59691,1
7.63008,1300,1,46.7077,-1.2522,-2.91397,2,78.0871,6.42422,3
11.1852,1942,2,116.414,6.4248,-2.90463,2,20.8338,5.49055,3
12.3128,1658,3,111.253,1.73689,-2.89452,2,56.3944,10.1588,1
10.2956,1562,3,111.497,-0.434832,-2.77736,2,46.9469,8.35841,2
10.8607,1386,3,89.833,-0.516319,-2.75036,2,63.7773,3.09513,4
9.69025,1620,3,98.0152,-2.33351,-2.72059,2,55.8141,0.818558,3
8.26215,1568,1,51.6412,0.478281,-2.71019,2,24.6302,2.41685,4
7.63279,1214,2,99.0499,1.3686,-2.69908,2,27.5613,7.87961,4
6.16062,1263,3,13.8175,6.44509,-2.68863,2,29.5637,6.54957,4
5.36536,1771,2,25.2848,-1.45793,-2.6725,2,31.2302,4.43277,2
7.63406,1637,2,13.769,7.71116,-2.6516,2,83.2325,6.98463,4
10.3849,1408,2,96.3373,0.192252,-2.61186,2,23.7307,8.52321,2
6.48287,1202,2,31.5012,3.67229,-2.47341,2,79.3569,5.01494,1
3.00488,1669,1,1.45881,-1.50874,-2.414,2,63.5659,3.71136,2
6.82778,1560,2,37.1355,4.47767,-2.39268,2,44.3093,14.9991,1
8.77448,1022,2,26.3465,8.84272,-2.351,2,40.7184,10.3275,3
6.70081,1702,1,16.3921,6.85657,-2.33387,2,35.3589,1.9569,2
5.61768,1380,3,20.2499,-2.19427,-2.18925,2,54.5559,8.21294,1
11.9502,1940,2,113.628,-3.05362,-2.17733,2,31.0804,0.0603898,1
11.5641,1587,2,119.867,-4.61785,-2.14847,2,60.8417,9.52496,2
11.3404,1997,2,64.8663,7.02656,-2.0749,2,74.8919,1.68398,2
6.60263,1597,1,48.7755,-4.21318,-1.98035,2,66.13,7.1686,2
9.54097,1415,2,107.291,-4.26933,-1.97976,2,64.1058,13.8608,3
10.6236,1652,2,58.3063,2.80079,-1.97963,2,76.5635,9.55892,1
10.2442,1027,2,93.6451,1.9124,-1.95214,2,25.0674,9.72668,2
9.09094,1765,3,20.1884,-0.63837,-1.93832,2,58.053,9.96929,2
11.2103,1175,3,88.4153,1.30073,-1.84823,2,71.2252,14.9064,2
8.43136,1927,2,39.3406,0.0400187,-1.83767,2,60.9443,6.7741,2
6.30348,1335,1,20.4555,6.55411,-1.82452,2,36.6079,9.20908,3
5.45332,1377,3,32.1772,-1.22057,-1.79072,2,63.1272,2.35414,3
9.84313,1927,2,83.2958,7.99442,-1.78526,2,84.7789,1.61255,1
11.7523,1243,3,109.193,9.54455,-1.7771,2,66.2394,10.317,3
7.62036,1721,2,44.4279,6.01088,-1.70776,2,45.8272,11.0637,4
9.74952,1040,2,55.3042,6.42929,-1.69082,2,43.0338,13.4389,3
7.59992,1664,2,65.8692,-1.05121,-1.68503,2,73.1704,0.767622,3
10.0116,1091,3,65.3557,4.7754,-1.62372,2,59.486,10.8536,1
8.31575,1899,3,20.8773,7.44407,-1.62104,2,74.7069,11.6362,1
9.82777,1064,1,114.56,7.51937,-1.59141,2,32.9478,3.56893,1
7.6783,1545,3,37.6654,-2.69014,-1.51851,2,21.9859,14.7782,1
6.69585,1762,1,25.1218,-2.37031,-1.46915,2,84.791,7.17811,3
6.12339,1375,2,33.0287,2.2364,-1.46241,2,49.1392,8.3803,3
9.85707,1128,3,69.1787,8.5021,-1.35743,2,72.652,14.8359,2
8.99073,1284,3,58.0632,-3.01589,-1.35496,2,83.4082,14.6336,4
7.53516,1112,1,40.7166,6.91993,-1.33747,2,35.2468,14.2037,3
7.23629,1901,2,53.8894,6.3959,-1.33601,2,23.6814,4.934,3
8.61784,1363,1,20.9738,0.339357,-1.31817,2,39.9508,12.1255,3
8.70248,1262,1,80.8104,3.10218,-1.31336,2,67.8358,1.03907,2
6.47565,1219,1,0.239056,3.46696,-1.3069,2,53.7829,6.8316,2
6.88376,1636,3,56.4942,-0.452954,-1.30604,2,63.8188,11.4493,1
9.00899,1686,2,41.0219,7.31439,-1.27649,2,77.5208,0.280657,2
4.85503,1176,2,23.5495,5.18474,-1.24045,2,32.4485,6.22989,1
11.077,1144,1,89.0751,-0.71902,-1.24036,2,71.864,12.9677,3
4.0755,1468,3,10.3239,-1.12675,-1.12926,2,66.6091,11.9398,3
7.40575,1259,2,70.2451,-0.557134,-1.11418,2,47.9916,6.61451,3
10.4212,1505,2,98.8493,-4.88374,-1.07281,2,89.0399,10.0781,4
5.52883,1710,2,28.9991,6.30285,-1.06398,2,27.6587,14.9846,3
7.59251,1696,1,27.5518,8.73653,-1.04208,2,78.0564,11.0148,3
8.22826,1778,3,62.3175,0.599322,-1.03868,2,74.2407,9.62353,3
9.41905,1343,3,88.7476,1.15234,-1.00422,2,51.4486,12.5505,1
7.25428,1269,2,10.7711,2.32561,-0.973069,2,43.6462,2.9527,1
8.70826,1187,3,69.2624,-0.16896,-0.935215,2,62.7333,4.85337,3
13.2249,1263,2,116.409,7.21668,-0.932405,2,79.1031,14.5215,2
9.45988,1713,2,56.9723,5.96285,-0.91837,2,60.1319,12.1672,3
4.36394,1669,3,10.4936,-1.41267,-0.896891,2,61.4338,7.00659,2
8.2591,1212,1,72.8216,0.25054,-0.819348,2,22.7981,1.78576,2
7.796,1348,1,50.7274,4.48289,-0.803208,2,31.8793,14.1958,2
11.5485,1373,2,118.734,-2.40358,-0.685383,2,58.6343,13.3378,1
8.7578,1454,1,101.104,-2.98758,-0.648932,2,86.3773,9.29783,4
10.2361,1030,3,37.237,-2.74526,-0.641922,2,80.9956,10.5032,4
11.1841,1246,3,113.575,9.86468,-0.641698,2,24.5265,11.348,2
8.93319,1313,2,43.748,5.10697,-0.639559,2,87.2009,1.13534,1
7.94784,1484,3,36.3864,2.52321,-0.620968,2,54.6407,7.19218,1
6.9202,1775,1,42.355,1.1585,-0.560841,2,32.5796,8.74629,3
7.31519,1022,2,35.6745,8.30818,-0.543221,2,76.7832,13.0502,1
10.844,1257,3,114.678,4.87357,-0.49636,2,40.3589,8.52014,2
10.2841,1117,1,109.655,7.90675,-0.494467,2,23.8548,0.40733,1
5.72737,1903,1,24.2154,-2.06465,-0.486025,2,38.6059,4.41963,2
8.2214,1952,1,24.4877,1.5148,-0.465728,2,50.5265,11.7472,2
7.83491,1920,3,28.035,6.55581,-0.458783,2,31.5692,10.3761,3
10.2956,1144,2,105.33,-0.331452,-0.433046,2,36.5315,6.26158,1
8.44265,1312,3,85.1742,-4.87097,-0.419581,2,26.5472,0.861677,2
10.0855,1663,1,95.131,0.451402,-0.372684,2,73.3885,8.76372,3
8.41708,1554,3,94.0766,-0.928759,-0.281045,2,32.6333,0.570438,2
6.12233,1101,3,0.775723,-3.66559,-0.251147,2,56.2498,1.44959,1
10.8505,1332,2,68.877,-3.95643,-0.241436,2,88.389,6.84537,2
9.97456,1875,1,95.6905,8.93627,-0.224002,2,82.0592,2.86788,4
8.60569,1143,2,100.299,1.22358,-0.190853,2,59.4433,11.0543,2
7.65331,1682,2,40.0972,0.688649,-0.173062,2,53.4965,8.51337,2
12.3217,1074,2,109.146,4.79745,-0.159441,2,51.9102,13.7752,2
6.3713,1658,2,56.498,9.30219,-0.142636,2,30.5126,2.35194,2
11.0475,1449,1,80.2864,2.14237,-0.0578758,2,75.7267,14.396,1
10.533,1377,3,38.9408,8.75314,-0.0493993,2,76.835,8.3667,4
10.9237,1988,1,72.1135,-3.2904,-0.0368269,2,69.089,2.91286,3
10.0241,1944,2,82.9267,-0.283227,-0.012341,2,37.3298,12.3746,2
10.894,1595,3,108.798,2.88897,0.0197501,2,57.0187,9.86503,4
7.35713,1603,3,6.15162,9.37061,0.0310094,2,60.3805,7.01315,3
9.22134,1065,3,93.5438,7.40448,0.0354447,2,57.4954,2.31553,3
7.74406,1911,2,31.3258,5.36041,0.0857283,2,22.7826,13.8408,2
7.71761,1687,3,44.7189,-4.13637,0.0862263,2,58.6135,7.96536,3
8.91677,1327,3,84.7646,-3.105,0.087056,2,56.7463,6.33133,3
7.93361,1674,3,96.9922,0.740656,0.126628,2,39.6234,6.98321,1
6.94548,1391,3,47.5864,5.53288,0.137016,2,70.3575,0.484059,3
8.31995,1504,2,93.4923,-3.59618,0.163946,2,67.5963,1.30397,2
5.78737,1830,3,36.1995,2.58616,0.198411,2,32.871,12.7749,3
7.23652,1475,2,33.0346,5.76651,0.199207,2,63.1678,10.6337,2
5.53149,1135,1,11.3819,7.99699,0.316832,2,34.9226,0.68708,3
8.10362,1858,3,55.1164,-3.06448,0.325821,2,52.5908,14.4797,1
10.8088,1014,1,92.7506,-3.76638,0.333817,2,32.0601,7.12982,1
7.29843,1359,2,20.4922,5.72369,0.373815,2,43.1286,6.07954,2
6.40588,1019,3,1.0865,5.91871,0.392453,2,82.0433,4.65223,3
9.13,1482,3,90.7976,2.85753,0.424548,2,79.2247,2.17966,1
10.6009,1709,1,81.0988,4.20272,0.433351,2,39.1593,14.1905,2
8.35741,1619,1,51.932,-3.79497,0.462292,2,64.4582,5.97575,1
6.38744,1200,3,18.591,6.68196,0.481334,2,54.5584,13.4974,3
8.31061,1640,1,29.9948,0.305559,0.535746,2,69.6333,9.46827,2
4.48633,1268,3,2.6296,6.2971,0.589402,2,23.8134,3.65586,1
11.326,1848,3,88.9953,-4.77888,0.602743,2,25.4155,13.39,2
9.3526,1449,1,56.6088,9.03572,0.647707,2,20.3998,12.0389,2
8.15019,1200,2,51.638,2.54062,0.650887,2,62.6613,1.89917,3
12.0633,1518,2,111.809,5.24034,0.663522,2,75.3906,4.44231,4
11.2263,1062,2,115.618,-3.83132,0.684319,2,85.7204,2.40167,1
2.15665,1104,1,10.8865,8.50479,0.717275,2,23.6093,3.21415,2
6.7803,1680,3,20.2572,0.704697,0.746073,2,75.8362,8.54244,2
11.6136,1748,3,65.5893,5.89225,0.746082,2,36.0976,7.58916,3
9.01063,1942,2,44.2449,5.51995,0.786091,2,44.6614,7.75868,2
7.51311,1304,2,43.844,7.15789,0.796234,2,26.7407,12.945,4
10.3716,1920,2,58.2087,7.06397,0.800556,2,56.1827,3.93424,4
8.46089,1835,2,13.6375,-1.53142,0.852115,2,88.386,2.24567,3
10.7102,1706,1,112.791,3.38411,0.921861,2,86.7407,6.60691,2
8.17276,1694,1,91.0458,-4.23872,0.94859,2,41.3566,6.61361,4
10.0319,1976,3,64.3894,8.72011,0.969393,2,47.4018,10.4613,3
7.71672,1633,3,27.8422,1.47339,1.00299,2,61.7245,5.92925,3
4.93435,1763,2,4.50853,3.46069,1.06169,2,23.1111,9.04788,3
10.8284,1038,1,88.203,2.59175,1.09905,2,67.0551,2.16885,1
6.57338,1655,3,53.2703,0.827166,1.13358,2,60.2162,1.32119,4
9.28573,1700,2,76.8571,8.58245,1.20675,2,55.621,9.75396,4
11.6292,1374,1,68.6095,-4.14876,1.20924,2,78.0786,9.93943,3
7.31691,1116,1,45.2642,-3.67342,1.2463,2,70.6681,4.80532,2
7.5451,1537,1,88.5513,2.06333,1.26441,2,42.0977,14.5473,2
10.3388,1920,3,94.0065,1.48117,1.30054,2,23.0945,1.71533,3
8.71256,1028,1,60.0695,-1.28171,1.3053,2,35.3239,4.75613,1
7.22987,1828,3,42.591,-0.486865,1.38431,2,75.5983,10.3253,1
10.3709,1404,1,71.4498,8.42728,1.39984,2,48.6893,11.4626,1
7.84938,1583,3,4.77566,0.4042,1.40482,2,23.69,2.99613,4
9.91716,1080,3,78.7957,-4.80985,1.44648,2,85.9884,9.50921,4
8.95202,1010,2,40.1031,9.63716,1.45705,2,78.7727,6.35054,3
5.56253,1914,1,10.3359,3.86172,1.47457,2,82.4546,14.4035,2
10.679,1950,3,112.084,2.40324,1.4997,2,63.8221,9.68072,1
9.77936,1368,1,78.7692,6.83906,1.52452,2,27.3256,4.3254,3
5.70082,1649,3,5.89781,0.343054,1.58259,2,63.4158,11.1365,4
8.52777,1252,1,85.2506,4.10763,1.66286,2,20.6972,0.423625,4
11.1963,1012,1,97.2725,9.76792,1.6679,2,48.3748,14.432,1
12.0286,1209,2,80.7009,3.44172,1.70699,2,72.2957,8.09845,4
7.79918,1360,1,74.5809,-2.13648,1.735,2,24.725,12.939,4
8.08551,1213,2,23.7067,-4.52467,1.76323,2,86.4022,0.56853,1
8.53144,1515,1,80.5775,-3.67702,1.76601,2,82.3956,5.65981,3
8.4241,1169,2,109.104,-0.82189,1.77285,2,69.0411,3.63924,2
11.2021,1232,1,119.669,5.12016,1.78216,2,22.711,6.08916,3
8.73916,1951,1,66.7758,-2.42987,1.8116,2,23.9543,8.0295,2
8.26795,1699,1,15.8616,7.63362,1.817,2,46.5635,0.180015,3
8.62271,1570,1,114.654,-4.73392,1.84537,2,36.7486,12.2735,2
8.7761,1684,2,56.3765,7.82025,1.87401,2,76.849,4.93108,1
4.66994,1608,2,39.8629,-4.91038,1.91292,2,49.247,7.36907,2
10.5774,1334,3,79.5633,4.52272,1.92772,2,44.0178,7.28463,3
10.7172,1820,2,87.4388,3.00585,1.94732,2,67.8553,12.5115,3
11.6965,1509,3,113.651,6.44905,1.96276,2,87.0639,6.1181,1
3.12302,1583,1,22.4127,-0.165151,1.98059,2,35.3512,8.06634,1
7.49373,1481,3,23.8912,2.09798,1.99313,2,20.6506,13.5081,1
8.35735,1962,2,67.9587,7.24689,2.01482,2,80.6678,12.2502,1
8.46905,1593,1,101.153,0.178301,2.0358,2,60.9314,7.27165,4
12.5391,1820,3,88.5541,7.46487,2.08699,2,42.6808,11.3005,1
6.16439,1342,1,30.9729,-3.62705,2.10745,2,69.9268,10.4641,2
11.2254,1302,3,115.37,-1.02362,2.12432,2,28.5751,7.60513,4
8.54494,1788,1,67.73,9.54604,2.12625,2,37.0184,2.18066,1
6.37613,1736,3,8.45528,-3.99487,2.17952,2,47.3015,13.2512,3
10.3596,1526,2,93.2158,-1.65748,2.18239,2,64.5004,14.4069,2
5.45804,1819,1,27.65,7.7123,2.19861,2,62.9772,6.17907,4
9.6809,1473,3,79.7063,4.73357,2.26419,2,40.6815,10.4857,1
10.1847,1209,1,110.223,7.85819,2.26546,2,32.5028,3.21533,1
9.10757,1044,3,23.0248,9.96298,2.27775,2,86.1566,3.55202,2
7.26831,1349,1,88.3104,7.14741,2.30825,2,41.5062,7.41307,2
8.86407,1854,1,101.784,6.06767,2.31407,2,23.1598,12.0373,2
7.93671,1496,2,91.321,-3.69665,2.31677,2,27.2018,13.3971,2
8.54779,1392,3,86.3996,0.596613,2.32495,2,48.021,9.00934,3
7.35874,1205,2,11.2271,-4.28938,2.32496,2,40.0219,5.59825,1
5.95691,1737,2,5.95271,2.6934,2.33474,2,76.2531,0.276555,1
8.08717,1189,2,20.3857,-2.63275,2.36395,2,35.2452,11.0819,2
8.508,1607,2,17.6034,-3.79356,2.402,2,81.2038,6.39604,1
7.78235,1226,3,49.4421,7.29872,2.42396,2,31.0862,8.1013,4
6.77939,1538,1,12.8054,9.2456,2.4539,2,35.0002,5.76652,1
9.97599,1028,3,74.8492,5.56061,2.46838,2,69.0299,0.719702,1
11.4855,1918,2,112.598,2.31913,2.47213,2,32.3305,8.6732,2
6.55557,1425,2,21.9376,1.87327,2.48171,2,56.2187,0.413119,2
7.00381,1468,2,63.1136,5.21188,2.49364,2,34.2296,11.1658,3
7.20362,1898,1,60.3687,2.56925,2.53133,2,82.237,1.93066,2
8.11673,1539,2,15.5615,-0.537301,2.59181,2,58.2277,10.4825,1
8.53341,1614,2,46.7268,-2.10861,2.63935,2,49.3143,10.8323,2
8.13939,1398,2,77.5689,-2.93376,2.64734,2,26.0539,3.52153,4
6.95861,1065,2,11.6852,-0.590411,2.6682,2,78.3968,11.4393,2
12.6057,1657,2,72.6086,-0.716101,2.77691,2,83.3655,3.21725,1
8.27549,1749,2,98.2488,5.33205,2.80219,2,21.4456,4.81167,1
8.78031,1415,2,99.833,8.36984,2.80774,2,42.5586,3.01002,3
10.5311,1799,2,91.461,-3.93764,2.85725,2,54.8578,1.08251,1
6.02843,1993,1,4.37533,2.08521,2.86563,2,49.5411,14.9529,2
7.38927,1270,2,38.5795,8.27194,2.86841,2,86.6383,4.51828,3
8.42823,1731,1,91.838,-4.29303,2.88179,2,37.4958,12.1596,1
6.90509,1738,2,58.3408,0.599075,3.04877,2,24.539,9.26619,2
4.31627,1447,1,11.3468,2.50334,3.06728,2,41.9183,2.99121,3
11.8427,1566,1,107.91,-2.19755,3.08179,2,85.7249,10.2342,3
10.352,1525,2,83.6596,9.47299,3.10721,2,80.6369,6.16538,4
8.50595,1455,3,78.4793,-4.59784,3.13602,2,72.4091,14.2141,3
5.31466,1300,3,15.2523,-3.83762,3.1611,2,25.1005,5.86123,1
6.26618,1493,2,8.93141,0.161233,3.17488,2,82.884,12.5948,3
7.66781,1663,3,22.9491,3.26098,3.17638,2,23.9881,10.845,2
7.84845,1197,1,18.7442,-3.74895,3.20649,2,81.2416,1.86058,4
12.3485,1827,3,107.221,9.27429,3.28327,2,51.1804,12.7477,4
13.1071,1077,1,117.668,3.00765,3.39633,2,41.8084,12.2466,4
10.9131,1673,2,113.87,-3.63253,3.40555,2,72.4723,11.7092,3
5.08135,1236,2,60.6761,-0.130006,3.41508,2,54.2945,0.188793,3
13.2813,1162,1,116.621,5.18459,3.43543,2,83.9594,4.8759,2
5.74208,1908,2,15.1338,-1.2278,3.47921,2,75.4604,12.6418,1
7.27131,1295,2,45.4913,1.3725,3.49842,2,87.278,0.920905,4
8.66882,1233,3,72.7217,-2.40988,3.54843,2,66.4094,6.06255,1
11.8056,1418,1,98.3395,1.1419,3.55847,2,79.6485,9.25653,1
8.44865,1343,3,63.3106,-4.91809,3.56436,2,88.1353,2.49301,4
11.9679,1570,3,117.093,8.37903,3.56541,2,72.8353,6.32312,2
9.20006,1520,2,42.6341,-2.98441,3.58506,2,27.2858,6.65687,2
7.08792,1539,1,51.5337,4.13333,3.59852,2,74.8322,0.726222,3
10.9272,1985,1,70.5103,3.92614,3.66054,2,88.9621,10.1543,3
10.9276,1707,2,71.2422,-0.120218,3.70115,2,65.9561,10.4093,4
12.3569,1430,3,99.9593,3.54508,3.70896,2,54.2369,0.00944626,4
7.90283,1130,3,10.7147,5.45682,3.72209,2,30.5522,0.881826,4
9.61088,1707,1,76.7264,8.61418,3.72271,2,76.2829,4.30369,3
12.2306,1848,2,116.168,8.47196,3.7231,2,21.3853,12.173,2
6.49791,1934,2,11.7653,4.75373,3.76091,2,41.0293,7.17436,1
10.5174,1687,3,104.57,8.38172,3.79168,2,28.5514,0.26614,1
10.3701,1508,2,91.2558,7.82904,3.81391,2,49.5474,1.85686,3
12.009,1934,1,84.6167,4.89572,3.8703,2,60.4247,10.9149,1
7.40307,1731,3,30.7756,-3.04575,3.90428,2,30.8204,7.70196,1
9.98951,1718,1,47.9423,7.87282,3.93407,2,51.8576,13.5661,2
7.33362,1085,2,18.454,7.17368,3.97043,2,45.0904,8.97489,1
6.9129,1996,2,34.2849,5.13743,4.06525,2,55.4817,9.50965,4
10.3688,1230,3,62.5752,9.77354,4.12133,2,60.7544,8.91496,1
11.2654,1734,3,76.3649,-4.058,4.13376,2,69.3759,1.95398,2
7.15659,1241,3,17.1674,9.16011,4.15787,2,84.6818,11.2623,4
6.91943,1304,2,24.0338,-2.95293,4.22371,2,24.1441,9.46733,4
6.90199,1262,2,47.1834,2.38491,4.2529,2,74.3189,9.58772,3
10.4072,1186,2,83.6429,-3.41849,4.25972,2,55.3396,10.3967,3
6.15155,1515,2,9.77687,9.3034,4.34906,2,60.1256,14.0822,4
7.53839,1550,2,45.2836,8.01098,4.35825,2,79.7692,1.61171,4
10.3562,1728,2,63.3813,6.21279,4.39892,2,86.6567,11.0446,1
7.12533,1179,3,83.5716,-3.00551,4.40004,2,36.9764,7.32187,2
6.13014,1091,3,39.3461,3.98978,4.40579,2,42.4077,0.776383,3
4.44381,1119,2,9.6697,9.00129,4.46909,2,66.8581,0.880566,4
8.05463,1157,2,62.8082,4.21452,4.47345,2,83.2189,6.83748,4
12.595,1006,1,119.547,7.71563,4.47455,2,31.892,2.77969,1
10.9073,1337,1,100.68,-4.13038,4.51495,2,68.9284,5.18915,1
12.8791,1671,3,116.169,5.75172,4.51753,2,52.7842,11.6749,1
10.5036,1973,2,42.5815,-4.29853,4.54782,2,83.1477,8.85199,2
8.80486,1444,1,53.4991,4.41379,4.55646,2,88.8028,2.13691,3
9.44348,1923,1,27.8494,-4.8888,4.56713,2,86.7963,8.62242,4
10.5033,1245,1,94.9573,5.55118,4.5855,2,84.2998,5.08607,1
7.65793,1190,3,28.2679,7.39091,4.58755,2,50.1326,5.07947,3
4.741,1996,2,4.32226,-4.06634,4.68384,2,42.5791,11.9169,3
11.1796,1983,1,85.8387,7.45325,4.68429,2,33.8247,8.27186,2
8.18485,1519,1,41.2064,4.8585,4.69873,2,43.4494,8.42256,2
8.73868,1593,3,29.6956,4.46196,4.73857,2,40.2102,2.49253,2
6.51435,1420,1,44.0066,5.0093,4.74037,2,89.285,11.4384,3
7.8974,1896,3,45.7142,-1.47393,4.75544,2,46.8069,1.24473,2
9.68917,1461,1,93.7586,2.23858,4.78156,2,73.1922,10.6044,2
6.66664,1581,1,29.9882,1.37231,4.79955,2,53.8415,7.52429,3
8.86231,1275,2,80.761,1.18205,4.81766,2,42.5887,14.6354,3
12.6897,1986,3,114.977,6.00317,4.83697,2,89.7176,7.62361,3
10.4377,1574,3,62.4653,3.88505,4.84071,2,61.489,6.723,4
10.0316,1148,1,115.9,0.379969,4.85849,2,35.3555,1.59999,3
10.1065,1040,2,105.756,4.72581,4.88766,2,72.8107,13.2884,2
9.58058,1308,2,72.8562,7.41495,4.90895,2,65.3713,5.90403,3
5.0879,1859,1,10.8503,6.48165,4.91465,2,64.9518,7.94661,2
7.01715,1562,2,34.5159,9.09756,4.92131,2,37.9795,4.87542,2
6.76885,1541,1,12.8435,2.68381,4.92333,2,67.9419,10.675,1
8.67602,1350,2,40.9154,0.643146,4.94549,2,87.8878,14.4184,2
7.37072,1118,2,36.008,3.49671,5.0002,2,59.0124,10.7976,2
5.61662,1081,3,4.77737,9.58809,5.04322,2,26.0603,14.9934,4
8.45234,1267,2,56.917,0.834799,5.04771,2,53.6113,12.6817,3
7.63965,1534,2,60.4014,7.07401,5.11992,2,35.3688,3.48234,4
10.5544,1970,2,112.556,-0.223385,5.17193,2,84.7977,13.6913,4
11.3701,1398,1,85.6943,9.26669,5.17489,2,86.282,8.37435,2
11.1497,1241,1,115.29,2.59095,5.19116,2,38.0163,8.96578,1
5.99692,1669,2,37.8928,5.77005,5.23158,2,20.1141,2.13329,1
8.98385,1836,2,40.1854,-1.9506,5.30942,2,37.1719,1.40745,2
6.8353,1931,3,49.9805,4.52498,5.30992,2,40.6598,4.4677,1
8.68275,1698,1,79.0461,-0.00335954,5.33351,2,33.9608,13.8492,4
6.994,1150,2,57.7534,0.153197,5.38543,2,35.4383,8.9698,3
7.1344,1659,2,51.0274,1.67422,5.39326,2,41.9534,10.4692,1
11.948,1821,2,115.169,4.90196,5.39759,2,39.2934,2.33995,3
10.6487,1248,2,96.1735,7.03961,5.44243,2,63.8204,11.8664,2
7.40804,1767,3,28.377,-0.17897,5.44949,2,50.4071,10.472,4
7.79289,1694,1,36.116,6.41868,5.44952,2,72.0143,9.8866,4
9.69711,1174,1,77.7957,0.686238,5.47526,2,30.7148,6.14677,1
6.34081,1760,1,9.51363,9.41939,5.50076,2,70.8295,0.549523,3
10.4651,1186,1,99.9134,4.08143,5.50638,2,49.9462,9.87214,4
6.26103,1098,1,45.6621,-0.502036,5.51958,2,52.3402,2.8514,4
5.67975,1398,3,10.5771,-2.54255,5.54111,2,22.7756,3.65072,1
5.25821,1520,2,4.97968,-4.12763,5.58595,2,32.4093,8.75938,2
7.43335,1142,1,74.7157,7.37345,5.60325,2,68.1361,12.9616,4
12.625,1954,2,112.977,7.73957,5.60846,2,36.623,14.8207,1
11.473,1267,2,103.17,-1.89522,5.64502,2,86.4651,14.1811,4
9.4966,1424,3,63.4388,8.3959,5.64572,2,81.6679,8.69238,3
10.1763,1769,3,79.5432,1.90866,5.68833,2,22.332,10.2064,2
5.51733,1385,3,18.2376,7.64222,5.69002,2,54.1894,6.18642,2
3.86809,1011,1,9.08397,7.44935,5.80292,2,58.7833,4.4658,4
8.95468,1538,2,29.0824,-4.86641,5.83257,2,80.0959,7.7509,1
10.0137,1461,2,79.8067,3.76971,5.85592,2,83.3718,5.37115,4
9.32859,1708,1,90.7627,8.27341,5.89691,2,20.3198,3.01214,1
5.6375,1487,1,49.2598,-3.53993,5.92358,2,21.2339,1.52378,2
10.8348,1611,2,85.7643,-0.893251,5.93401,2,76.4,12.234,4
7.84487,1956,2,43.6085,1.38785,5.941,2,41.3042,4.75891,4
7.45022,1215,2,21.817,1.96277,5.94198,2,82.6448,12.102,1
7.28192,1716,2,14.5564,4.40323,6.02353,2,63.1658,4.37679,3
8.35036,1356,1,28.1044,-4.06646,6.03975,2,74.0797,12.9101,3
7.88379,1989,1,58.4718,1.18386,6.06805,2,25.6429,5.30356,4
7.96574,1389,3,56.6738,9.29803,6.07728,2,43.3196,1.00773,1
7.39232,1601,2,42.8068,8.72983,6.07984,2,62.4939,6.44824,4
8.33756,1624,2,67.6889,-3.30435,6.10048,2,21.7392,11.8747,4
6.10381,1947,3,56.944,-1.78674,6.11685,2,39.0146,8.5083,4
6.47357,1694,3,50.9022,4.28826,6.12426,2,49.7123,14.1498,1
3.94585,1405,2,0.88294,0.474083,6.1514,2,22.8261,0.808618,3
8.34691,1979,1,92.0219,1.70298,6.15661,2,35.7991,2.30597,4
9.71345,1539,3,92.3968,-4.69876,6.16742,2,37.9359,7.06039,4
10.9675,1963,2,115.995,7.63457,6.18203,2,30.2183,11.7914,2
8.67747,1438,2,101.247,-1.73775,6.18843,2,83.0761,5.63289,1
4.8711,1574,2,9.7379,3.78254,6.22955,2,56.9529,2.09282,1
7.90007,1466,1,58.8375,6.89114,6.33304,2,49.1174,10.3814,2
5.71515,1705,2,1.37016,5.36985,6.35865,2,26.1036,9.80868,4
5.55764,1786,1,24.8246,6.55007,6.3625,2,54.2244,8.70285,4
10.1729,1732,2,101.385,5.3747,6.37346,2,52.4693,3.27416,2
5.67095,1112,3,22.9912,6.81285,6.39086,2,61.8291,3.95774,3
5.98532,1563,2,29.0272,1.28371,6.42276,2,27.0836,3.44136,4
11.9573,1013,3,91.4625,2.50038,6.52131,2,69.1846,10.6494,2
4.91869,1935,3,6.03875,6.17085,6.54341,2,41.5607,11.5407,1
8.79512,1977,2,62.161,-0.914775,6.54808,2,33.9656,8.27886,4
11.8424,1208,3,99.2241,7.87149,6.57722,2,45.4712,11.6218,2
9.22896,1675,2,98.4692,8.60967,6.61196,2,37.0838,6.17782,4
9.70222,1007,3,111.787,4.77835,6.61966,2,20.3766,14.4813,4
8.31367,1836,3,82.1051,0.605165,6.62409,2,53.8304,5.37161,2
9.80563,1675,3,52.7689,4.30274,6.69413,2,65.0176,3.61961,4
10.5666,1839,3,105.57,8.40483,6.75539,2,58.6721,7.07895,3
7.70001,1910,1,16.1974,2.11007,6.78817,2,38.3927,7.43774,3
6.12002,1230,3,40.6208,0.6907,6.8244,2,48.706,5.33798,4
11.2546,1449,2,101.773,8.81459,6.84171,2,52.4961,13.3996,4
9.49601,1601,2,37.876,5.27504,6.87687,2,21.4083,10.3072,2
8.3364,1783,3,75.2104,-1.20022,6.90525,2,89.0035,12.9961,4
9.56232,1119,1,110.519,-3.23829,6.91136,2,34.9852,13.2419,1
10.1536,1078,2,104.041,-0.916555,6.91897,2,48.0928,7.88142,2
8.814,1444,1,105.899,-1.6958,6.97817,2,71.6116,5.23512,1
10.3771,1249,3,85.7635,-2.37035,6.98327,2,84.9458,14.1539,2
6.87669,1750,1,14.6978,5.19795,6.99085,2,46.4669,3.20776,1
4.83242,1677,2,38.6481,1.57262,7.02656,2,65.4611,3.92668,3
11.9039,1908,3,112.877,2.56865,7.05052,2,61.824,4.66642,3
10.7918,1909,2,116.513,2.95626,7.05127,2,31.2462,14.8485,3
8.09676,1418,3,47.1474,0.523125,7.10073,2,85.2285,2.81273,2
10.7931,1480,2,90.0924,-3.20367,7.12994,2,47.3876,10.7572,3
7.58272,1092,2,66.0829,-3.32801,7.15154,2,62.9825,10.8683,3
7.45554,1461,2,61.9034,2.21502,7.15276,2,27.5415,5.5032,2
8.05855,1893,1,74.7304,7.76482,7.16005,2,44.7076,6.32838,4
12.3687,1004,2,97.3349,-4.32447,7.18098,2,89.6017,3.93505,1
8.19881,1699,3,60.3864,9.02547,7.18218,2,48.5887,8.80373,2
7.47621,1961,1,38.4019,-1.69152,7.18482,2,22.3195,6.04784,2
8.88878,1293,3,22.3363,0.972667,7.20915,2,49.5964,5.88429,2
5.78266,1946,2,30.1403,6.70863,7.29171,2,69.6093,6.53762,1
9.14587,1252,3,72.4365,3.98798,7.34889,2,35.1327,4.08278,2
9.47697,1559,1,61.0936,8.3069,7.36239,2,50.238,13.3395,2
7.49093,1390,1,15.2189,4.78973,7.37003,2,81.7707,11.7444,1
7.91186,1153,3,42.1463,4.02574,7.37224,2,26.4457,14.6387,1
5.73738,1160,1,65.5716,1.95834,7.44446,2,48.644,12.3867,2
7.19012,1592,1,67.0964,5.60626,7.49367,2,43.9715,4.30336,3
5.8201,1541,3,28.432,5.78814,7.53791,2,35.2169,13.7894,2
8.60222,1683,2,62.0038,-1.24767,7.56617,2,70.5789,7.08915,1
10.9516,1187,3,98.942,-2.46895,7.57414,2,33.1786,8.94059,4
8.43722,1329,3,69.6774,0.59221,7.59918,2,29.2392,12.1565,1
7.77256,1827,3,60.7111,0.251419,7.61538,2,68.2732,14.8666,4
6.54078,1498,1,83.2636,-4.40113,7.62508,2,36.0352,12.5541,3
6.84763,1600,3,44.0015,-4.2294,7.72201,2,73.6801,6.07403,2
11.4394,1064,2,106.742,-4.07644,7.74164,2,52.3129,4.75824,2
11.9189,1204,2,113.659,-0.609978,7.75963,2,27.3488,11.0327,4
7.80554,1551,3,6.88702,7.08575,7.80913,2,40.1072,0.972468,4
7.49841,1731,3,67.609,-2.15021,7.82505,2,65.2545,1.12408,3
4.73435,1510,3,6.59596,-3.4322,7.89516,2,53.4791,13.1483,1
10.2017,1359,2,73.6365,1.85312,7.90323,2,68.2286,10.8839,3
8.66642,1766,1,70.9356,3.14017,7.90743,2,48.0641,3.66529,2
8.79629,1580,3,94.4846,8.94906,7.94025,2,34.8928,10.9706,3
11.4257,1899,1,109.536,8.707,7.94038,2,52.1581,4.7571,3
2.73056,1563,2,1.28584,-0.887083,7.97501,2,48.4222,3.31072,1
8.31915,1009,1,55.0118,-2.11549,7.97675,2,52.8752,2.61397,1
9.01768,1520,3,61.4049,8.05301,8.03697,2,29.1257,14.1518,2
12.7092,1345,3,107.468,9.93198,8.05566,2,54.8832,11.9688,1
10.4293,1628,3,57.867,-0.159422,8.09548,2,78.0629,11.4709,2
8.04181,1946,1,25.2446,-1.33788,8.12513,2,32.8815,3.87779,2
9.52755,1359,2,75.3203,-4.83202,8.13898,2,28.8055,9.93546,3
9.34844,1767,3,73.9549,6.50097,8.20949,2,89.0594,12.5543,3
12.6995,1875,3,119.476,-2.09279,8.22486,2,85.5335,9.92645,3
7.58361,1072,1,60.0743,3.61353,8.23063,2,51.2853,8.88355,3
8.64313,1968,1,88.2274,0.0621928,8.23145,2,84.6246,4.94134,1
5.95227,1987,2,7.44441,9.05084,8.23483,2,41.1261,12.7872,4
7.91033,1685,2,40.9969,0.709666,8.23627,2,20.7776,7.96607,3
10.5569,1802,2,81.1435,8.09973,8.24373,2,28.7243,11.9445,1
11.7435,1475,1,103.078,8.3203,8.24708,2,33.4063,7.40052,2
7.36046,1361,3,55.1212,-1.80153,8.35346,2,81.3821,3.37073,4
9.84197,1591,2,58.2277,8.25657,8.35605,2,46.2304,13.8426,4
10.361,1875,3,107.025,-0.260428,8.4068,2,41.8984,14.6356,2
7.12854,1962,3,50.6055,8.39723,8.41358,2,67.3019,1.39548,1
8.2904,1815,1,103.157,-0.927457,8.47343,2,21.229,13.4556,3
7.32952,1317,3,54.6779,5.1291,8.52748,2,43.7795,9.92976,4
5.4147,1334,2,28.498,6.64953,8.54213,2,61.573,9.45617,3
11.7508,1842,3,113.493,8.24729,8.54424,2,57.2459,2.45964,2
8.745,1055,2,62.0727,9.94294,8.55389,2,73.6887,5.16431,1
7.43406,1364,3,29.52,8.24072,8.59521,2,37.7814,10.7709,1
11.0391,1265,3,97.4335,1.73879,8.62733,2,45.3869,5.72248,4
10.193,1273,2,102.868,-2.17275,8.6709,2,43.5346,13.9208,3
7.7819,1446,2,59.084,-1.43331,8.70942,2,23.7011,10.619,2
11.2187,1970,2,115.603,2.96337,8.71912,2,54.601,4.50347,1
7.11198,1370,1,14.4537,1.33428,8.73177,2,51.3505,6.51244,3
11.2528,1647,3,109.414,9.6181,8.73789,2,52.241,13.3263,3
10.6116,1562,1,94.6719,6.90869,8.78845,2,86.4042,10.4517,4
6.92617,1244,3,65.3858,2.52639,8.80269,2,49.0027,0.582494,4
12.8763,1320,2,100.194,8.95618,8.80995,2,34.2923,14.4602,3
8.29215,1256,2,79.0394,3.32124,8.81392,2,46.2618,0.910498,2
8.4957,1099,1,51.4733,5.88733,8.82784,2,89.1432,9.79765,1
6.73015,1890,1,10.6062,4.32041,8.84554,2,89.5279,10.0758,4
8.25785,1791,1,86.7407,-3.69916,8.90209,2,63.2162,1.5054,3
7.85249,1095,1,94.7151,9.16217,8.91417,2,36.8369,6.6248,3
8.36093,1560,3,31.8057,3.27662,8.97838,2,63.7058,9.01255,3
9.84586,1622,3,57.0715,8.95616,8.98692,2,69.1528,14.0642,4
5.2804,1656,1,11.9395,0.91207,8.99081,2,68.7602,1.18515,4
10.2858,1121,3,86.6848,-1.9893,9.04156,2,29.1848,11.0293,2
8.88332,1050,2,56.5152,5.60122,9.04173,2,88.6756,0.396235,4
8.94816,1664,2,72.8078,6.66941,9.04618,2,54.3572,7.26666,2
12.6691,1288,3,106.79,5.08582,9.05488,2,86.3669,5.51176,2
11.7242,1577,2,119.922,-4.05652,9.07649,2,67.4089,4.98107,3
10.6376,1974,2,72.5176,6.78784,9.09225,2,69.2536,14.6619,1
7.24814,1380,3,37.3815,8.05898,9.11298,2,88.61,12.6643,3
9.95053,1192,2,53.4621,1.0449,9.12237,2,74.3982,14.2452,1
6.22316,1342,1,8.16123,0.947533,9.14813,2,26.9624,0.432569,2
11.4927,1270,1,115.386,1.97985,9.21443,2,37.8804,14.2016,3
7.58046,1470,2,98.0369,-3.07915,9.22011,2,44.4,6.79317,4
10.4758,1837,3,113.517,-4.79799,9.2424,2,30.576,2.69337,2
8.61901,1842,2,16.2895,-0.107043,9.25602,2,89.1845,7.91157,1
11.5729,1148,1,117.386,-4.16194,9.26355,2,48.5367,2.38068,2
9.2016,1546,1,52.7358,-0.905768,9.26912,2,67.0321,3.93273,2
8.70512,1641,2,48.6566,3.83179,9.27885,2,57.6991,8.48576,2
6.51241,1631,3,5.81571,-2.70081,9.3042,2,36.1805,1.02943,2
5.71424,1972,1,19.524,7.57977,9.30586,2,87.2405,12.3093,3
13.2712,1586,1,115.991,9.51035,9.31726,2,55.5972,7.82017,3
4.33326,1945,2,21.7937,4.42014,9.31905,2,76.2982,7.92541,2
6.90614,1846,2,48.7964,-1.80932,9.36124,2,66.0769,10.1736,2
7.971,1253,2,42.2677,3.75844,9.36999,2,55.6351,8.29029,2
9.7259,1018,3,114.397,-4.85671,9.38601,2,39.6894,9.13243,1
12.4912,1871,1,112.341,3.51701,9.41983,2,75.1704,9.3605,2
10.0352,1743,2,103.971,-1.54383,9.45797,2,63.7124,9.36328,1
7.88373,1793,2,40.4217,-0.86713,9.46391,2,60.4259,6.092,4
6.43595,1745,1,41.6351,6.55287,9.53531,2,37.4937,13.5198,4
7.85481,1386,2,42.8545,1.93145,9.57626,2,33.2721,3.94788,2
5.89153,1110,2,39.5186,6.77847,9.6065,2,39.7422,14.1757,2
7.47576,1795,2,31.6874,-4.56102,9.62174,2,78.221,8.28339,3
9.54542,1235,1,76.2388,4.5315,9.62442,2,29.4778,4.75,3
8.9313,1854,2,88.737,-0.894159,9.65855,2,23.0412,4.51508,3
10.3227,1431,2,118.119,-2.06148,9.69855,2,63.294,9.5494,4
7.37343,1252,2,24.4167,7.70672,9.73419,2,54.1048,12.3161,4
7.4854,1363,3,44.2821,-1.99228,9.74303,2,28.7333,3.5256,2
5.51864,1352,1,17.5937,-3.51275,9.76144,2,81.5316,1.01276,2
5.76755,1738,3,27.7175,9.50224,9.76539,2,29.9084,4.57526,2
8.97605,1551,2,87.9135,3.05173,9.81179,2,49.4429,0.439223,2
8.02273,1205,1,51.6416,-1.08395,9.82188,2,59.5409,5.50379,2
5.07656,1490,3,42.6527,-4.57207,9.82521,2,24.8991,1.67701,4
9.21424,1683,3,91.5954,-1.72564,9.84619,2,22.5956,2.93479,3
7.20761,1087,2,53.922,3.77328,9.86094,2,66.9576,3.00186,3
5.29517,1695,1,44.7011,-3.1577,9.86702,2,38.8654,3.88925,1
11.8888,1267,2,114.806,2.38595,9.92394,2,50.5474,0.0185085,3
7.7676,1665,3,57.4189,2.32777,9.96924,2,74.0329,5.71566,2
5.45205,1163,2,14.5153,8.2062,9.99268,2,43.2894,5.58923,1
8.17345,1028,2,38.8236,2.27441,10.0458,2,71.3559,5.20616,4
10.2241,1393,1,88.7363,-2.20991,10.0814,2,32.22,0.797472,1
9.53549,1470,3,114.271,2.18793,10.1783,2,80.5096,3.49343,1
8.80712,1893,2,45.2012,1.89107,10.1905,2,38.9315,5.22029,1
7.87235,1434,2,61.6449,4.92444,10.2223,2,86.8546,4.41684,3
9.33302,1891,1,51.8169,0.274012,10.2305,2,70.5722,4.92554,2
6.53004,1625,3,44.3489,9.70985,10.2337,2,72.2771,9.26024,1
6.32326,1098,3,68.1273,1.70385,10.2419,2,43.3745,2.55879,4
12.2975,1024,3,99.9472,2.90114,10.2637,2,50.6753,14.7971,4
6.82631,1737,3,61.0673,3.53865,10.2665,2,26.1203,5.09454,4
6.66038,1875,3,8.88899,3.54936,10.2894,2,38.2437,10.7386,1
4.70948,1197,2,55.1538,-0.811584,10.2991,2,38.5512,0.299317,4
6.02263,1921,3,10.5346,2.43354,10.3221,2,48.7704,7.79938,3
6.9676,1238,2,14.4454,-0.425825,10.3403,2,62.8292,6.68358,2
9.28748,1526,1,43.4618,9.72157,10.3468,2,60.7959,2.05378,3
9.60015,1258,2,92.5952,3.66795,10.3509,2,30.5073,2.97791,4
7.91086,1337,3,74.0633,7.34432,10.3643,2,38.6019,1.89155,1
6.98417,1220,1,56.9322,-2.10101,10.3706,2,57.0121,7.90672,2
11.7992,1464,2,107.548,3.98594,10.4462,2,60.8533,0.306293,1
10.8291,1251,3,111.497,-2.02455,10.471,2,54.5175,2.80729,2
8.91416,1656,2,87.374,3.70015,10.4714,2,75.2275,7.32835,3
9.63272,1485,2,113.253,3.20928,10.4991,2,50.8663,5.99695,3
9.57098,1509,2,58.0653,6.87716,10.5415,2,65.6072,0.918607,1
10.6609,1210,2,85.1685,-4.82654,10.5696,2,63.4682,0.94409,1
12.2859,1139,3,118.84,2.50977,10.5971,2,57.7527,13.564,2
8.13412,1486,3,77.9837,6.42162,10.6014,2,65.8316,12.0597,4
11.6319,1378,1,108.824,4.40005,10.6057,2,46.1879,9.80126,3
8.49741,1954,2,60.7368,-3.94921,10.6398,2,21.1789,3.36973,2
9.63905,1691,2,74.014,4.2235,10.6605,2,42.7942,14.3687,1
12.646,1704,3,119.102,1.85338,10.6784,2,70.3915,2.91834,3
10.2291,1866,3,72.6107,-1.19256,10.6865,2,43.6888,13.2719,3
5.04827,1918,2,3.65564,3.3216,10.6937,2,57.7313,10.013,2
7.87601,1409,3,68.6395,-3.78328,10.6998,2,47.356,0.873534,3
4.29182,1598,1,0.882365,-3.62858,10.7578,2,84.4512,2.66489,1
9.94926,1855,1,106.496,4.78405,10.7828,2,88.5197,14.262,2
5.16678,1390,3,2.53798,-0.898718,10.8291,2,88.2058,4.99872,2
7.37923,1475,2,53.95,-3.54353,10.8414,2,77.2547,6.30503,2
10.2008,1323,2,101.892,0.163688,10.8483,2,40.0378,7.59036,1
7.58363,1774,2,15.6382,7.03411,10.867,2,33.2177,4.49489,1
8.48506,1165,3,47.0512,2.6946,10.8835,2,62.1066,3.75309,4
6.51899,1161,1,55.2855,3.31656,10.9087,2,67.0038,5.78261,1
7.08678,1957,3,32.4472,0.0568438,10.9177,2,21.6839,7.09282,1
6.84698,1647,3,54.948,1.06124,10.925,2,20.8751,4.94277,3
4.32171,1779,1,7.88338,-2.55922,10.9396,2,59.669,6.57811,2
11.2147,1726,1,65.0113,9.63396,10.944,2,53.4778,4.63484,2
11.0347,1823,3,80.0051,0.982839,10.9571,2,40.0693,14.8604,3
10.2863,1774,1,109.418,-0.0582519,10.9685,2,37.3342,3.51121,2
5.74452,1726,1,61.545,2.95899,11.0024,2,30.6176,11.4238,3
5.14855,1207,1,31.9322,3.69896,11.0397,2,51.2203,2.52939,1
11.0099,1249,2,117.194,-3.87947,11.0778,2,63.6984,1.24017,3
11.117,1100,3,98.5019,4.80098,11.0973,2,72.0192,12.1654,3
8.26972,1786,1,82.9972,1.28261,11.0974,2,26.6993,13.2064,2
11.6866,1492,1,81.3051,2.02305,11.1475,2,80.3762,10.2649,1
7.2629,1277,3,83.5296,-3.28309,11.152,2,43.1819,5.87971,2
6.38905,1621,2,36.4914,8.91921,11.2072,2,26.428,6.18868,2
8.03796,1026,1,49.2947,8.94395,11.2102,2,62.9502,5.90599,1
10.6676,1991,1,84.6553,-2.24626,11.2385,2,80.0155,8.35538,4
6.31807,1421,3,4.18939,2.02247,11.2753,2,65.4539,10.5069,1
7.08725,1792,1,32.0882,-2.45577,11.3366,2,81.5124,13.1895,2
4.71873,1819,1,2.35818,7.82859,11.3386,2,48.5338,12.2758,2
11.7135,1587,2,116.008,9.93743,11.3432,2,63.5406,5.96949,3
6.33432,1870,3,59.7827,9.24854,11.3466,2,43.3005,1.07706,2
11.9108,1530,1,76.8537,6.7496,11.3469,2,69.9434,13.5326,3
14.0089,1490,1,100.355,6.78901,11.3638,2,49.7084,13.8061,3
7.12074,1870,3,60.5894,1.22861,11.3715,2,37.4203,10.779,2
9.93646,1129,3,42.7281,0.371567,11.4929,2,78.7262,7.2684,4
7.53323,1185,3,27.3998,-3.25797,11.5064,2,24.8654,12.772,3
5.0369,1841,3,15.1146,-3.98815,11.5323,2,44.5284,11.793,3
9.24301,1213,1,54.4616,-0.482652,11.5645,2,36.2644,14.7545,2
5.46001,1466,2,11.8975,-0.119753,11.589,2,65.1168,11.2924,4
8.11929,1821,3,58.0556,7.76858,11.6589,2,46.52,2.94883,1
8.02619,1933,3,58.6195,-3.45702,11.6655,2,75.5569,6.76888,4
2.72417,1152,1,1.09987,-4.24392,11.7157,2,66.6627,9.64274,1
5.71111,1028,2,11.7609,-2.30886,11.7201,2,43.9206,0.926757,3
7.40869,1473,1,42.5126,5.04534,11.727,2,48.1028,0.215949,4
7.27506,1692,2,19.3737,7.10847,11.7702,2,21.5292,3.80882,2
10.5599,1978,3,97.6468,8.70934,11.7782,2,84.4834,6.58817,1
11.2476,1072,2,97.5279,2.456,11.8652,2,60.9782,14.1813,3
9.47614,1578,2,117.274,3.9595,11.9765,2,69.3204,0.75749,2
6.12668,1972,2,15.9089,3.39877,12.0158,2,63.9926,3.28852,3
10.5927,1468,3,83.8739,4.78798,12.0993,2,87.0004,2.19538,3
9.8903,1573,2,96.6519,6.35099,12.1031,2,23.1195,14.6986,3
6.12244,1252,1,28.9796,9.88012,12.1254,2,23.0939,1.6285,2
11.953,1263,3,64.5998,5.56219,12.1453,2,46.2379,12.7082,3
8.366,1673,2,58.3357,3.52206,12.1479,2,57.6394,12.0465,4
7.22985,1801,1,67.2418,2.76826,12.1668,2,40.3873,11.3031,4
7.17124,1244,2,37.4477,9.57046,12.1764,2,31.5348,7.67265,1
7.6369,1431,3,28.8294,-2.36566,12.3016,2,52.5401,8.85422,4
9.41349,1162,3,63.0059,-0.366812,12.3186,2,27.3745,3.89457,3
7.94766,1348,2,52.3285,-0.805835,12.3188,2,26.9041,0.769186,3
9.82474,1201,2,73.5804,8.69757,12.3616,2,31.7182,1.86907,4
9.14336,1379,3,62.2839,1.86463,12.3651,2,35.9936,13.6008,3
9.95954,1665,1,88.664,0.0368344,12.3667,2,36.1327,6.67648,4
7.13903,1335,2,4.50795,0.544096,12.3919,2,89.6058,5.61461,1
6.10444,1018,3,55.8871,-3.4469,12.449,2,38.318,0.459366,2
4.36647,1346,2,15.9852,-1.46778,12.4536,2,58.9548,13.9106,3
11.7288,1383,1,118.834,9.77839,12.4724,2,41.36,10.1656,4
8.17213,1824,2,58.7573,2.80165,12.5142,2,80.3561,1.9116,2
9.3908,1968,2,119.855,-0.550311,12.5596,2,77.6012,0.329998,2
10.1557,1269,3,118.575,1.59426,12.5854,2,30.603,12.6374,1
7.81701,1936,1,49.8175,-4.40464,12.5855,2,79.2398,0.0490191,3
7.99907,1191,2,31.5235,9.20227,12.5997,2,49.2509,5.18784,3
6.85095,1407,2,31.8274,0.00357492,12.6333,2,85.8322,12.9262,3
9.66871,1660,3,102.016,4.7025,12.6805,2,30.7076,7.83604,2
4.33174,1578,3,28.8855,-1.28772,12.6955,2,33.2001,4.27092,2
8.61729,1684,2,67.338,8.4537,12.6991,2,37.7355,9.73285,2
5.89848,1561,3,12.417,-0.403973,12.7215,2,56.1492,2.38965,4
4.11775,1891,2,13.5964,2.27215,12.7265,2,26.7069,13.5508,2
5.16963,1323,1,21.619,4.39123,12.75,2,89.0149,5.80356,1
11.7747,1743,2,117.474,9.20771,12.8219,2,48.1119,10.4325,1
7.78839,1512,1,42.8263,5.60025,12.8429,2,82.4251,7.97435,2
5.56597,1619,1,57.828,-1.67994,12.9373,2,41.3189,5.05004,1
8.89803,1424,3,80.3178,2.05252,12.9377,2,88.472,5.08379,1
7.98553,1822,2,7.68076,-2.78944,12.9827,2,55.355,7.56015,1
10.6223,1378,2,84.344,4.09704,13.0137,2,57.2169,14.5567,2
10.4246,1690,1,86.8132,2.71278,13.0356,2,39.2311,2.14599,1
12.54,1946,1,114.958,-2.39691,13.0594,2,60.12,10.4889,2
7.45222,1475,2,44.6608,-2.56439,13.1025,2,36.5628,1.4013,2
7.49157,1365,3,16.6046,-2.86502,13.1303,2,41.3734,1.10498,4
5.58376,1243,3,33.7773,-3.43762,13.1602,2,81.9915,11.231,1
5.97553,1379,1,33.7541,7.17671,13.1647,2,88.7925,8.68947,3
7.33033,1183,2,33.3861,-4.10139,13.1848,2,39.9579,11.9546,3
7.58053,1133,3,18.4429,-3.85912,13.2004,2,89.6064,7.53957,4
7.42611,1356,1,11.6182,0.11879,13.2169,2,24.0435,13.5137,4
11.2558,1224,1,104.012,3.10193,13.2405,2,37.4205,13.9941,2
6.83626,1681,1,89.1458,-3.41255,13.2877,2,58.9611,6.46267,2
4.68475,1916,3,17.9258,-1.39422,13.2909,2,26.2863,3.9646,3
9.97214,1507,2,82.2855,5.94804,13.2923,2,52.3039,10.2926,2
6.62079,1249,3,5.23931,5.22276,13.3157,2,71.1848,3.55912,3
9.81815,1924,3,65.6299,-1.65638,13.3179,2,79.0941,0.212279,1
9.53372,1141,3,101.44,0.299742,13.3343,2,33.7905,0.896069,3
6.42699,1887,2,10.249,2.45843,13.3409,2,71.2359,6.97652,4
6.92229,1669,1,43.3459,-0.642688,13.4155,2,24.5798,12.6616,1
5.46955,1818,3,15.7218,7.7472,13.4537,2,59.4692,14.9768,3
7.17277,1757,1,66.8254,6.43861,13.54,2,38.1908,8.60432,2
9.08717,1474,3,63.832,6.91351,13.5687,2,36.6126,13.9076,3
4.34859,1324,1,13.8474,8.26256,13.5722,2,25.1534,11.5645,2
8.60541,1687,3,36.9383,7.97742,13.6052,2,32.0207,12.3042,1
9.72077,1797,1,68.9145,9.1757,13.6928,2,40.6999,5.5812,2
6.27495,1068,2,31.8596,-1.80766,13.7035,2,32.6888,9.51986,4
7.12287,1994,2,61.4326,-0.823404,13.7212,2,73.1323,7.21436,4
4.7912,1975,3,37.9524,-3.75647,13.7667,2,39.1896,8.22095,2
8.82218,1353,1,40.0926,4.86364,13.7731,2,57.601,5.99985,2
8.85375,1778,2,36.3517,-4.32987,13.7994,2,70.2163,4.55458,4
8.02998,1931,1,65.9294,-3.38815,13.8032,2,53.767,7.69796,2
12.7001,1564,3,111.255,6.38707,13.8252,2,63.4369,5.49149,3
8.76252,1368,3,32.9646,2.69604,13.8254,2,62.7072,8.33663,2
8.59392,1835,1,80.5312,5.24434,13.9506,2,46.1828,13.8998,3
5.24809,1347,3,20.3674,4.12341,13.9777,2,42.1809,10.9823,2
7.64548,1238,2,59.1384,6.74422,14.1289,2,77.3798,10.7956,1
12.4498,1616,3,119.935,5.77262,14.1329,2,61.3596,0.190481,3
9.6908,1008,3,91.0806,4.30318,14.143,2,49.8037,3.60824,1
10.6638,1580,3,95.1048,4.68544,14.1547,2,44.191,4.63137,1
5.93507,1523,3,42.6636,2.63724,14.1809,2,23.2751,7.17355,3
10.0289,1525,1,114.089,-0.568991,14.1871,2,51.4092,7.93502,1
10.1846,1202,3,93.6439,-4.32423,14.235,2,54.0104,0.573263,3
5.66302,1710,2,16.7105,-2.4541,14.2415,2,66.2781,9.60609,2
6.64827,1363,1,81.5006,-2.71095,14.2478,2,23.3008,0.179025,4
11.5854,1690,2,109.151,4.35442,14.2636,2,49.3252,9.75237,1
5.0916,1392,1,1.84739,1.69792,14.2864,2,40.2512,2.3095,2
6.75872,1797,3,15.6385,8.4444,14.3079,2,32.9394,3.50137,2
8.48408,1264,1,60.6971,5.83262,14.3154,2,54.5982,4.2829,4
5.49183,1247,2,34.2696,8.48923,14.3649,2,34.9387,5.75244,4
6.22716,1537,2,11.0939,-2.79359,14.4162,2,64.5087,9.3204,2
7.06157,1532,1,32.22,8.25118,14.4371,2,21.3822,6.64888,3
8.70882,1020,2,69.9969,-0.798556,14.458,2,79.9386,3.15635,3
7.6541,1319,1,47.79,-3.11719,14.4594,2,56.0777,2.10958,4
8.21252,1514,3,49.0439,-4.30901,14.4788,2,68.7071,9.69545,4
9.24998,1467,3,90.8147,5.94734,14.5104,2,56.6908,7.5143,1
7.61946,1296,2,10.6528,0.900511,14.5258,2,40.0609,7.07968,4
9.23016,1553,3,103.932,2.95328,14.5382,2,54.5035,2.08114,2
5.86435,1698,2,28.8479,-1.69695,14.566,2,26.6698,10.8236,3
10.1922,1656,1,83.0133,1.3353,14.5917,2,70.2327,10.8935,3
8.55204,1491,1,62.4204,-1.35192,14.599,2,60.7315,4.23038,4
4.98354,1282,3,1.64189,4.15453,14.6093,2,37.0496,3.1702,4
6.27109,1744,1,48.4321,5.72494,14.6122,2,30.7629,7.51152,2
13.4426,1207,2,117.274,0.317084,14.6546,2,41.8543,8.66543,2
10.8967,1405,1,119.583,8.71288,14.7446,2,48.9188,2.17948,1
8.06292,1636,3,15.0301,5.13833,14.8057,2,66.6672,12.357,4
4.99898,1829,2,5.38936,0.582416,14.8728,2,72.69,4.17764,2
4.28867,1805,3,19.2816,2.68526,14.8828,2,57.3394,13.2121,3
7.07469,1641,3,26.4565,5.55209,14.8922,2,59.1346,0.426584,4
6.58374,1520,2,1.18928,-1.98948,14.8965,2,63.4524,5.17861,4
9.81204,1200,3,69.0712,0.504446,14.9231,2,49.5754,7.39254,1
7.42625,1758,2,22.6249,-0.573083,14.9974,2,78.5249,14.8874,1
9.81493,1165,2,91.4654,8.37649,14.9976,2,86.8899,5.53333,1
8.59982,1079,2,73.7399,-0.558267,15.0311,2,88.8638,10.7551,3
6.10441,1481,1,25.2916,0.899865,15.0437,2,70.3131,2.64393,3
5.50514,1417,2,24.9014,-3.28864,15.1453,2,25.7859,2.11252,3
13.2183,1182,2,107.704,-3.46003,15.1784,2,67.0088,3.93553,3
11.2458,1515,2,72.6765,9.82807,15.193,2,28.3237,6.30682,3
10.1207,1469,3,63.7887,-4.08246,15.1932,2,39.9772,10.7098,1
7.74017,1912,1,64.2827,1.53652,15.2708,2,35.8813,8.32355,3
10.6823,1348,3,111.648,9.20434,15.2864,2,57.9158,0.386734,3
9.05819,1965,3,73.9946,-0.161829,15.3075,2,48.1957,7.62264,3
8.92122,1094,2,48.8128,9.35735,15.3163,2,48.0761,2.51344,1
7.08925,1553,1,7.46439,-2.70247,15.4005,2,55.8093,2.32438,1
10.2469,1462,3,84.2878,1.48611,15.4555,2,65.0839,13.5504,1
7.18577,1130,2,29.0318,9.80836,15.5108,2,48.3885,11.8509,3
11.4692,1147,1,96.9151,6.76573,15.5978,2,88.4034,14.5053,1
7.65648,1565,1,26.5023,4.33705,15.6376,2,61.749,14.2528,1
12.6155,1338,1,106.879,5.78375,15.6914,2,64.5053,13.7179,2
11.6367,1190,1,116.224,3.12545,15.7236,2,65.4086,14.9387,1
7.75742,1827,2,54.8266,-0.389025,15.7403,2,70.6626,13.6437,3
11.2116,1877,2,112.86,4.75466,15.7476,2,48.8462,9.86629,1
5.57713,1669,2,16.2794,6.16665,15.7483,2,82.0836,12.0805,1
5.91001,1228,2,31.36,-0.0218834,15.7724,2,49.5619,6.64025,2
8.23986,1456,1,65.8103,-0.594325,15.817,2,82.5135,3.67628,1
10.3007,1215,2,69.254,9.5055,15.855,2,71.2452,6.37874,3
6.31495,1975,3,32.8169,9.18695,15.8559,2,27.0552,6.39474,4
8.68891,1255,3,55.1501,6.93384,15.9284,2,69.0517,5.48896,4
9.51991,1645,2,117.737,-4.6115,15.9458,2,22.9054,13.4494,2
12.9155,1101,2,101.258,8.16807,15.954,2,72.1915,12.9145,1
3.97896,1130,3,10.3749,-1.78789,15.9672,2,60.7447,1.29068,1
6.50004,1832,3,17.2651,-0.832482,16.0128,2,64.6091,13.1186,2
9.52647,1570,1,72.1149,1.20003,16.0775,2,31.1614,3.00119,1
6.36976,1720,3,22.1351,0.22542,16.0869,2,34.5188,14.4969,2
9.42438,1811,3,108.838,9.87532,16.1,2,46.8512,8.02401,1
7.96167,1190,2,40.0445,5.25191,16.1468,2,59.9908,6.05257,2
5.27037,1739,3,7.50778,-2.84463,16.1471,2,81.1651,2.98119,1
5.68682,1971,3,10.967,5.92163,16.1994,2,66.6596,9.55877,2
9.92795,1741,2,44.0809,-1.47144,16.2033,2,82.6488,12.786,1
7.01221,1018,3,54.502,-3.44368,16.2753,2,83.2415,8.83565,1
6.95799,1571,3,23.6026,-4.63915,16.2863,2,63.7248,8.06432,4
11.5021,1100,3,68.7327,8.03073,16.2988,2,71.9316,4.98687,3
7.73856,1348,2,64.6913,2.06936,16.3171,2,30.57,2.86238,1
10.4032,1984,2,103.555,1.5741,16.3345,2,49.3651,9.34593,4
5.64153,1385,2,36.6893,6.95517,16.3853,2,41.2091,5.78653,4
5.07189,1796,3,2.29866,-4.2922,16.4109,2,48.4134,2.85288,1
4.69582,1782,3,9.77367,1.84738,16.4263,2,61.1001,8.86877,3
7.18475,1900,2,0.837871,-3.55757,16.4418,2,72.844,13.5667,4
5.40127,1388,1,18.5391,4.95227,16.4596,2,56.4945,4.6965,3
7.32376,1819,3,72.2024,-4.24836,16.4597,2,20.4592,12.2528,3
9.78467,1167,1,98.55,4.00126,16.4632,2,53.757,10.2564,2
12.2687,1362,3,118.028,0.200511,16.4832,2,82.6986,11.0485,3
8.88007,1136,3,60.2913,0.651439,16.4966,2,78.4583,1.06937,3
9.07661,1799,1,48.1754,9.67334,16.5319,2,78.7122,12.2998,1
9.41457,1074,3,32.0652,5.34824,16.5818,2,76.3627,0.208761,2
9.05108,1096,1,93.542,-3.9652,16.5946,2,76.1977,6.72797,3
6.25242,1662,1,83.0313,0.599342,16.5957,2,76.4294,8.77084,1
9.85066,1158,2,81.178,1.67562,16.6143,2,23.8745,0.629871,4
9.98992,1519,1,103.728,1.25657,16.7271,2,46.1782,2.41928,2
9.89942,1365,2,81.2445,-3.07047,16.7487,2,63.9154,7.86528,4
7.29488,1882,2,9.87268,6.29435,16.7777,2,52.268,12.1953,1
11.6586,1911,2,106.903,8.24804,16.8013,2,49.0436,8.67781,1
11.207,1664,3,89.2023,9.97055,16.8812,2,30.6657,9.28754,4
7.67791,1290,1,75.1266,1.75624,16.8903,2,33.3364,14.7859,3
10.6503,1117,1,90.4576,-1.96258,16.9251,2,84.7122,8.06394,3
11.0994,1024,1,74.3007,6.20203,16.9298,2,32.9278,9.83343,1
12.036,1738,1,86.8835,4.66843,16.9388,2,89.545,10.7963,4
8.07025,1574,1,36.3321,9.15799,17.0235,2,56.5654,10.5153,3
5.01113,1497,2,15.9819,1.18755,17.0236,2,25.5571,11.2608,3
8.96458,1633,2,64.2665,4.68239,17.0329,2,87.7352,11.7822,1
9.3691,1202,1,101.063,1.88888,17.0718,2,59.2045,0.272734,2
7.42342,1253,3,75.765,-1.64137,17.0795,2,65.6037,1.15546,2
10.0709,1041,3,111.452,8.04718,17.0984,2,21.576,13.6866,3
9.19085,1153,2,40.0532,-2.97221,17.1125,2,77.8919,8.93342,1
8.56414,1453,1,40.4797,9.45719,17.1277,2,45.1456,13.2363,4
8.29512,1236,1,93.6839,3.60379,17.1296,2,54.7158,2.98871,2
7.84879,1905,1,20.6033,-3.77808,17.136,2,75.4192,7.64197,3
10.5939,1884,3,105.59,9.49135,17.1452,2,49.9637,7.05862,4
9.09589,1658,2,77.0081,3.27904,17.2248,2,66.2159,14.7118,2
6.45226,1665,2,10.7641,1.48372,17.2684,2,32.0789,14.9629,1
6.07341,1672,1,20.5124,-2.39229,17.2764,2,35.9401,0.473505,1
4.44263,1249,3,11.2532,5.38321,17.3156,2,33.2776,4.63779,2
9.20592,1251,3,100.258,-4.64699,17.3167,2,32.4697,11.3421,1
8.0456,1645,3,43.6945,-4.2966,17.3735,2,56.5028,4.86986,4
8.67127,1939,1,97.8894,1.37822,17.4159,2,52.8485,4.2645,2
11.6682,1953,3,70.2785,-1.80859,17.4249,2,89.665,14.3453,2
7.92428,1146,3,77.842,1.13149,17.468,2,21.3375,3.30723,2
8.17434,1928,2,63.3096,-1.99798,17.4937,2,65.9796,5.35754,3
10.6998,1603,1,108.523,2.40364,17.553,2,87.1259,5.12177,1
10.1254,1738,3,70.0456,-3.56789,17.5619,2,62.6149,5.21088,3
5.96183,1381,2,6.24285,-0.257165,17.5943,2,59.2908,6.67068,1
12.2417,1801,2,95.4014,-3.69865,17.6329,2,34.5866,12.2015,1
9.95272,1751,3,89.1163,-3.18022,17.6814,2,59.981,4.03016,4
13.8091,1866,3,117.241,4.35944,17.7018,2,33.9705,9.70802,4
8.46374,1623,3,47.4311,2.9677,17.7282,2,70.374,6.00608,1
7.33162,1088,1,70.559,8.80727,17.8673,2,71.6684,2.57113,1
8.25877,1879,2,37.6592,-1.9773,17.8674,2,72.3504,13.0406,1
9.02298,1038,1,63.9988,-3.70206,17.8754,2,62.1566,13.5767,3
9.27982,1629,3,52.5318,0.814941,17.9047,2,45.8245,3.12986,4
5.81517,1230,3,9.98677,6.46257,17.9429,2,26.8395,6.18234,1
8.89561,1512,3,92.9383,9.47973,17.9484,2,61.7645,5.3093,4
10.3047,1625,2,103.049,-2.45864,17.9613,2,48.3293,13.8152,1
7.28402,1459,3,6.51984,-1.68546,17.9772,2,66.1052,5.56624,4
9.89758,1584,2,55.3078,5.40619,17.9789,2,57.4329,6.1373,3
8.42378,1172,2,44.7747,-0.918888,18.0107,2,75.2164,7.97439,2
4.42459,1832,2,1.11723,6.92588,18.1428,2,65.5892,10.9836,1
4.33293,1125,3,25.0871,-1.09274,18.151,2,83.773,4.20602,4
11.8844,1136,2,119.634,8.46453,18.1544,2,43.2468,7.93679,4
10.9257,1525,3,97.3122,-4.89536,18.1578,2,40.1632,0.376767,2
5.38747,1357,2,20.0196,9.18978,18.1844,2,71.5318,1.96186,3
8.43027,1215,2,64.5048,0.676008,18.2153,2,55.1497,1.22329,3
5.93809,1007,2,19.5193,1.10442,18.2249,2,29.3611,8.56667,3
6.3159,1294,2,47.2506,-1.52733,18.3092,2,47.3272,4.00514,1
5.93334,1123,2,18.5743,-3.78949,18.3295,2,51.3473,6.95361,1
3.30162,1019,2,7.39296,-1.00353,18.4184,2,57.5946,5.95234,1
3.04212,1109,3,1.03428,4.68253,18.4235,2,41.1456,11.9852,2
10.2777,1491,3,95.8899,0.132348,18.4431,2,39.0611,4.19507,2
12.4707,1110,2,85.926,3.02903,18.4432,2,34.3429,11.5288,1
10.234,1700,1,44.0733,1.21755,18.4455,2,65.4893,6.11044,4
5.64726,1452,2,6.79028,9.25865,18.4512,2,48.7041,11.3411,3
7.51317,1979,1,52.1614,-3.16843,18.5167,2,84.8716,2.10673,1
8.21548,1658,3,63.2773,6.02569,18.5219,2,31.0063,0.816787,4
8.11482,1384,2,19.4006,-4.08867,18.6001,2,75.4458,12.3987,1
5.94596,1633,2,39.0349,-2.8456,18.6252,2,32.1283,8.6426,4
5.6845,1306,3,39.3906,8.31763,18.6882,2,69.6665,1.26031,2
6.95737,1145,3,46.0077,3.67109,18.7079,2,44.9243,0.265671,3
7.39311,1960,1,27.0458,6.41697,18.71,2,50.1363,5.83463,1
7.37039,1030,2,53.3376,4.21549,18.7169,2,36.7741,4.86801,2
7.8663,1359,1,45.1511,4.27138,18.7207,2,40.2768,6.51573,3
3.70166,1217,1,19.1699,-4.12387,18.751,2,26.5268,10.445,2
5.98207,1506,3,39.2408,4.10134,18.792,2,60.0352,12.7789,4
8.42537,1875,2,84.0734,-4.86277,18.8057,2,64.8702,8.01524,1
10.4225,1000,2,40.2731,-3.14956,18.8382,2,62.9457,14.5258,1
11.3431,1318,1,117.601,2.16282,18.9067,2,22.5774,1.01139,1
8.34997,1839,3,8.60824,3.58345,18.9572,2,88.2094,8.18143,2
10.1014,1979,2,91.4556,6.36956,18.9638,2,29.1131,6.86755,3
5.65343,1753,3,44.125,-4.429,18.9763,2,26.4873,10.9252,2
10.0318,1488,1,50.8524,0.0220617,18.9911,2,63.4809,6.26919,4
6.2131,1651,2,31.8391,4.54128,18.9935,2,66.3458,14.8527,4
12.1905,1681,3,100.776,3.40004,19.0027,2,42.24,6.96703,4
7.61492,1019,2,74.1724,-0.608094,19.0181,2,51.9554,6.55737,1
9.21625,1016,1,41.1516,-4.8811,19.1009,2,71.8367,9.7031,2
6.60184,1728,1,28.9801,-4.99108,19.123,2,56.3171,1.30253,2
3.84321,1735,2,23.397,-2.32517,19.2119,2,69.9,2.96405,3
7.25231,1625,1,29.8772,-1.20348,19.212,2,34,14.7549,3
11.5242,1565,1,115.802,-4.90517,19.2207,2,45.3868,2.3185,3
12.5402,1080,2,92.1081,7.68573,19.2588,2,83.8371,1.22359,2
10.9794,1267,3,98.5666,8.02544,19.2636,2,51.4129,0.145937,2
8.03329,1719,1,52.5194,-2.38076,19.2708,2,61.3025,4.50974,1
6.15166,1119,1,9.62241,6.50005,19.3355,2,77.0268,14.957,3
11.868,1891,1,85.815,-1.9452,19.3665,2,57.709,5.26785,4
6.06839,1839,2,36.3499,7.72248,19.5493,2,38.8107,9.98679,1
5.75837,1979,1,58.6741,4.1767,19.5725,2,26.9113,8.50394,3
4.52186,1649,2,3.193,-2.55345,19.5792,2,22.9392,0.627157,4
13.4318,1689,3,115.923,5.02318,19.6082,2,52.6366,10.2573,3
10.0061,1781,3,91.4833,-0.944442,19.6756,2,80.5494,9.96768,4
8.47422,1729,3,22.8732,4.66763,19.681,2,81.8262,11.2274,1
9.5236,1280,2,78.0869,8.97474,19.6822,2,31.8104,5.88053,4
7.78914,1993,3,20.8195,0.967962,19.6823,2,66.2427,7.82387,2
6.01685,1162,2,15.289,-4.4031,19.7525,2,86.4896,6.52662,1
6.08646,1052,1,38.106,2.5681,19.8099,2,23.3128,3.09154,1
9.61632,1887,3,61.0175,4.64932,19.8511,2,67.2408,14.4748,3
6.26167,1453,1,63.2181,7.80426,19.8545,2,53.284,0.947526,2
8.70608,1916,1,100.373,9.66855,19.8785,2,40.6157,3.6308,2
4.93916,1226,3,19.4033,8.05237,19.8793,2,62.8558,14.2666,3
9.01607,1364,1,74.9537,-3.01035,19.8805,2,64.3164,0.0415065,1
6.60799,1041,1,4.67752,-0.538058,19.8878,2,22.4765,8.96226,2
6.1787,1592,2,41.7715,5.40407,19.9129,2,30.6998,10.5901,3
7.74078,1775,1,35.0241,3.77453,19.9676,2,84.4801,5.64446,3
4.83182,1613,3,9.32549,7.56927,19.9676,2,41.7498,1.58982,3
6.15718,1601,1,30.6799,0.423254,19.9727,2,22.5006,0.4865,1
11.449,1198,2,81.9811,3.38307,20.0675,2,57.2151,12.2553,4
6.76618,1261,2,42.0771,8.48169,20.0764,2,87.8568,13.4641,2
6.27095,1812,3,22.1559,2.44235,20.1005,2,43.2041,6.48784,4
12.4279,1919,1,107.551,-2.27242,20.11,2,54.8878,5.45964,4
7.8266,1444,3,25.3963,3.57405,20.144,2,88.4756,6.85107,3
5.36467,1277,1,36.3937,-3.95609,20.1723,2,87.7563,7.92124,1
9.48971,1364,3,75.052,1.83338,20.1762,2,70.8172,12.5675,2
5.36902,1931,1,39.1465,5.97527,20.1769,2,35.4999,6.01645,1
8.89078,1949,3,64.8359,0.0166581,20.1811,2,50.7418,2.93038,1
11.7279,1322,2,119.869,5.12695,20.1837,2,62.8893,4.5145,2
7.64678,1591,1,103.4,0.751383,20.2059,2,33.5329,3.93845,4
6.9633,1222,3,60.173,2.15852,20.3351,2,58.5943,1.77119,4
10.9342,1897,2,108.213,-1.75777,20.3446,2,82.7092,0.603754,1
9.22993,1714,1,68.7651,-2.89192,20.3647,2,80.2388,13.7381,3
10.289,1653,2,77.2044,4.07775,20.3742,2,30.457,12.824,1
5.64601,1603,3,23.2137,-3.05005,20.4389,2,68.1505,11.4445,4
11.1065,1278,2,78.4959,4.06344,20.4467,2,72.7671,7.35058,4
9.25789,1400,3,92.3339,3.68145,20.4623,2,59.8266,13.5482,4
4.59978,1982,1,14.2451,4.20353,20.4825,2,32.058,7.18512,2
4.44562,1958,3,7.50316,7.76165,20.494,2,35.4639,7.29277,4
10.2721,1873,3,74.3499,2.00553,20.5056,2,44.3238,0.579647,1
7.26033,1593,3,58.5401,-4.68918,20.5541,2,81.9148,2.29602,4
5.9829,1253,1,6.92786,8.82297,20.5691,2,87.8991,0.167524,2
9.76621,1001,3,88.8796,8.54355,20.5869,2,26.0034,9.59773,4
8.85043,1160,1,68.5025,-0.892864,20.6067,2,36.6372,13.3869,2
5.1431,1580,1,31.4729,5.56541,20.6263,2,45.0485,14.6265,1
10.5008,1998,1,82.0115,2.7865,20.6687,2,39.6179,1.826,1
9.23781,1121,2,63.2409,9.22994,20.6921,2,43.6707,5.64282,2
8.33319,1593,2,27.0947,-2.82099,20.7545,2,81.0942,1.19232,4
7.93813,1615,2,43.2569,6.99919,20.7687,2,79.8208,13.1329,4
7.76658,1119,2,14.2969,-2.85928,20.7808,2,74.5213,7.39102,2
7.02419,1474,3,81.863,-1.99299,20.8405,2,21.2518,6.13405,3
8.19526,1430,2,63.7608,2.6531,20.8417,2,35.5446,1.27845,1
7.86535,1419,3,41.441,5.70044,20.8785,2,30.4872,0.955357,3
6.66064,1597,1,25.2382,6.52116,20.9068,2,64.1552,1.25519,4
9.64163,1406,3,35.9308,1.65796,20.9263,2,83.2761,9.87923,4
9.25046,1291,1,65.1454,9.02,20.9263,2,27.939,1.88812,1
8.31688,1440,3,66.7429,7.66912,20.9849,2,36.7328,0.185996,1
13.9376,1799,1,104.48,-3.93367,20.9915,2,31.6019,5.13056,4
9.39804,1533,2,78.0306,7.72045,21.0557,2,83.9763,9.34646,2
6.3639,1118,3,65.49,4.87772,21.0769,2,54.3259,0.0953371,3
6.70446,1016,2,38.7774,3.92661,21.2192,2,45.6165,0.198883,1
9.21752,1648,2,79.4232,-0.33025,21.2235,2,43.1628,9.17788,2
10.3378,1560,3,107.752,-0.111804,21.2749,2,48.5529,10.2537,4
6.23391,1991,1,48.5584,6.27573,21.3068,2,49.9399,12.9762,1
11.4158,1098,3,116.481,-4.22282,21.3149,2,82.8251,11.3329,4
6.14307,1160,2,35.6749,9.66172,21.3198,2,66.8195,4.76048,3
7.05337,1951,3,23.1212,2.7057,21.3417,2,71.8626,6.6549,3
11.713,1784,3,84.1368,-4.87072,21.3444,2,62.6845,12.8395,4
10.1633,1158,3,78.1166,-4.38235,21.47,2,61.3168,0.496861,1
4.69075,1382,1,5.97372,-2.88554,21.4976,2,20.2326,11.8639,1
10.1512,1632,2,113.184,-0.992219,21.5062,2,41.0155,11.1111,2
10.3443,1189,2,117.277,7.3742,21.5142,2,32.3557,11.6197,3
6.24269,1087,2,22.2932,5.86106,21.5424,2,56.7361,2.16858,1
8.09422,1506,3,57.9121,-3.57773,21.567,2,74.1745,0.472842,3
7.25506,1928,1,16.3804,7.46537,21.6043,2,62.3608,8.65192,4
6.59095,1736,2,18.2091,-3.14714,21.6463,2,44.8652,4.4596,1
8.37349,1128,2,20.0145,-2.37455,21.6483,2,56.3761,11.8703,1
8.19894,1640,2,25.6251,-4.55509,21.6728,2,64.6866,12.9267,1
8.49369,1803,3,80.6471,2.87448,21.7078,2,50.6743,0.377126,1
7.88975,1725,3,73.7003,3.70464,21.7582,2,57.5095,10.4542,2
6.55634,1624,2,22.8496,5.01863,21.8182,2,89.6128,5.17738,4
8.95793,1688,1,76.5329,5.65408,21.8305,2,44.3526,7.88983,1
7.58359,1439,3,66.2806,5.87544,21.8768,2,54.4893,9.39253,4
6.97436,1004,3,37.6651,-0.422462,21.9812,2,39.6927,11.8031,1
6.80349,1259,2,29.7945,-4.43474,21.9835,2,31.9723,7.19896,1
6.80521,1577,1,21.6789,-0.0776807,22.0026,2,62.7033,8.34141,2
11.8528,1813,2,107.467,7.69331,22.0127,2,49.0334,13.8604,1
5.08899,1751,3,33.7939,0.68542,22.0159,2,43.2876,7.37095,4
7.49136,1194,3,19.5349,5.20004,22.0374,2,37.3098,7.75426,2
5.33423,1667,3,20.0989,0.120098,22.0376,2,37.2198,1.60786,4
8.25574,1908,3,38.9195,-2.49666,22.0433,2,27.6126,11.6874,2
11.0459,1007,1,107.832,-2.50191,22.1808,2,20.8599,11.4083,4
6.75976,1353,3,14.5387,3.42569,22.2961,2,20.169,10.6611,4
5.05221,1914,2,53.9765,7.60351,22.3116,2,37.2552,11.4488,4
7.61662,1040,3,49.9285,3.88636,22.3179,2,68.7046,0.540694,3
8.16682,1092,3,18.0567,7.39084,22.3401,2,31.5209,3.74973,4
6.93198,1213,2,45.2173,5.3234,22.3795,2,87.4893,3.03341,4
7.0387,1302,2,20.485,1.29479,22.4108,2,81.4127,12.5673,2
9.45637,1193,3,28.7053,7.3393,22.4416,2,49.7803,10.4541,3
7.28522,1253,2,40.2488,5.23269,22.4556,2,69.0427,0.401796,3
7.66306,1441,3,44.6069,-4.67877,22.4922,2,22.0895,14.6701,3
7.79764,1504,2,40.0855,0.684618,22.4971,2,62.1515,2.80238,3
7.63633,1695,1,58.9597,-0.471135,22.5216,2,59.1988,3.46934,4
9.87333,1403,2,83.6651,1.67957,22.5844,2,21.63,11.9406,4
9.00882,1072,1,92.068,-1.18076,22.6214,2,33.6745,12.8812,2
7.39598,1257,3,24.7503,0.191096,22.6272,2,33.2953,10.8146,3
8.5883,1426,2,16.734,-4.5122,22.6856,2,60.7561,13.8208,3
6.10799,1770,2,33.8967,6.97052,22.7218,2,23.8231,6.51113,4
8.65458,1763,2,105.95,7.29635,22.7706,2,45.3853,14.1392,4
9.22446,1897,2,93.8189,9.15333,22.8248,2,59.0935,12.3255,1
8.56918,1276,3,14.1002,7.15067,22.8283,2,68.2445,8.44418,3
9.0426,1313,1,98.7581,-0.209711,22.8593,2,54.4524,0.0452078,3
7.64599,1811,3,10.1626,2.98078,22.8632,2,29.0677,9.05617,3
7.78116,1166,3,77.9411,6.38247,22.8667,2,47.0119,0.893378,3
7.05731,1957,2,37.6018,-2.43003,22.8852,2,26.7494,9.84618,1
7.87944,1656,1,12.6472,8.78284,22.9007,2,83.0041,2.76352,4
6.07251,1384,3,33.8974,-3.97438,22.9106,2,55.3881,2.11919,2
8.39089,1569,1,116.073,-2.28993,22.9294,2,42.5148,11.1395,2
6.02527,1127,3,53.02,2.18918,22.9438,2,32.8562,3.05513,2
11.0094,1306,2,90.7741,9.93832,22.9985,2,56.7908,0.897261,1
7.59416,1202,2,10.1719,6.95637,23.0054,2,58.1774,6.70112,4
11.2641,1441,3,104.463,4.61899,23.0079,2,79.0653,5.58315,1
11.0521,1762,3,111.127,1.98868,23.0343,2,36.3411,12.1164,1
8.53599,1003,3,98.9366,-3.72806,23.0345,2,32.352,1.80544,3
8.99213,1627,3,104.345,-2.36817,23.0391,2,66.5183,0.482481,1
7.81755,1864,2,66.3378,-1.35287,23.0491,2,61.2858,9.46854,3
9.56835,1487,2,42.531,3.60016,23.0556,2,79.5191,10.7113,2
3.71142,1763,1,23.6527,7.08015,23.068,2,53.3337,2.53746,2
9.64368,1696,2,103.37,7.46631,23.1055,2,48.938,4.81984,4
7.21013,1159,3,43.3999,3.23767,23.1082,2,25.5943,2.2141,3
8.90453,1451,1,94.0163,-2.87245,23.1119,2,29.4167,11.2295,4
11.5554,1997,3,109.807,6.04357,23.1179,2,80.0292,5.96167,1
10.5189,1036,2,106.849,1.84229,23.1189,2,31.0877,4.27761,4
6.36609,1395,1,60.0334,-0.995459,23.1323,2,64.1201,6.79313,1
7.27827,1205,1,6.2826,7.55051,23.1329,2,36.4076,14.4099,2
11.2367,1242,3,95.1771,-4.81861,23.2095,2,30.8931,5.99497,4
9.64089,1317,1,109.361,3.37328,23.2139,2,70.1499,12.5503,3
9.71371,1636,3,69.4508,8.42112,23.2428,2,34.2374,12.2799,3
11.63,1107,3,114.755,5.19804,23.2532,2,20.3094,4.72634,3
8.80016,1144,2,57.8559,9.02674,23.2657,2,24.6201,0.455703,3
6.08282,1457,3,17.1601,-1.6564,23.2688,2,69.6752,11.3116,1
9.27826,1293,1,80.2985,-4.68186,23.28,2,54.7319,4.68309,2
4.29864,1839,3,6.80165,1.47739,23.2868,2,74.8365,12.5429,3
13.3966,1761,1,113.062,5.0112,23.3221,2,71.9188,7.89035,4
5.9321,1065,3,6.55324,-1.71466,23.327,2,45.9741,3.40389,2
6.88167,1220,1,28.119,-4.90543,23.3442,2,59.0911,3.21146,1
5.90446,1689,3,72.0951,4.27126,23.3827,2,39.6495,10.5621,3
6.71419,1083,2,32.1597,8.45086,23.4033,2,40.6644,2.59658,1
8.68522,1385,3,8.0681,-2.4916,23.4082,2,81.6555,2.74633,2
11.5203,1219,3,91.9622,4.90843,23.4174,2,42.9986,1.6571,2
9.36315,1357,1,75.6706,-0.34625,23.4289,2,66.6222,6.28509,1
11.2141,1832,2,103.732,6.98675,23.4388,2,52.5048,7.75496,2
6.60845,1074,1,61.1825,4.84173,23.4512,2,39.0435,9.79555,2
9.74781,1571,1,94.6697,9.34868,23.4667,2,68.7981,2.36439,2
10.7299,1825,3,82.9496,-2.29353,23.5504,2,80.9035,0.412984,4
7.96722,1211,2,26.5486,9.57467,23.6268,2,30.3861,4.21941,1
5.21728,1806,2,5.6636,8.37581,23.6361,2,40.052,2.76437,4
4.6022,1950,2,19.2555,7.7879,23.6904,2,28.8461,9.42152,1
9.715,1761,3,57.6162,3.77349,23.6942,2,68.3753,13.7314,4
10.4295,1760,2,84.7495,1.71615,23.7123,2,76.3428,12.4303,1
7.24856,1343,3,49.3373,-1.46279,23.7294,2,75.1793,3.77074,2
9.08216,1054,2,64.5714,-4.38884,23.8032,2,53.2037,13.4738,4
5.79975,1011,1,19.6339,5.36538,23.8194,2,43.96,5.35998,1
10.8821,1435,2,91.1424,-3.15245,23.8344,2,77.7891,8.27299,2
9.72352,1611,3,72.9303,2.48169,23.8381,2,42.9172,10.8333,1
8.03237,1827,1,56.8123,1.98004,23.8647,2,86.6969,10.1181,4
10.2642,1459,3,80.7244,7.47865,23.8672,2,48.7244,10.198,4
5.61158,1462,2,18.4095,5.36348,23.8779,2,33.0566,14.4334,2
11.6751,1804,2,113.127,-1.0451,23.8807,2,83.0952,8.27573,4
10.6146,1153,3,73.2656,6.65521,23.8931,2,87.1037,9.44281,4
8.48459,1046,3,37.5414,6.21262,23.9484,2,80.071,3.90841,3
9.49617,1770,1,39.4889,0.595926,23.953,2,68.7613,4.42673,2
10.1088,1717,2,112.688,6.66535,23.9703,2,44.1804,14.19,2
9.71094,1860,1,94.3447,8.22466,23.9776,2,60.8948,12.2748,2
7.93532,1414,3,41.0286,-0.246663,23.9868,2,68.6424,6.22908,2
8.0633,1703,3,25.2608,4.39253,23.995,2,61.2565,2.42391,3
9.95659,1402,1,79.4296,-1.8876,24.0027,2,57.8436,7.946,4
10.6492,1370,1,114.916,-0.593308,24.0151,2,78.5294,3.58582,1
5.49824,1275,3,10.9591,0.300218,24.0749,2,60.6875,3.38426,4
7.37072,1987,2,25.8431,4.75167,24.0895,2,31.5663,6.77009,1
4.98503,1301,1,34.3362,-0.82525,24.1122,2,31.0076,4.24587,3
11.2392,1484,3,82.4423,9.87072,24.1167,2,88.8809,7.16527,4
8.86559,1216,1,94.4068,0.837969,24.142,2,64.1614,14.1126,4
10.0682,1543,2,67.3913,-2.65664,24.1431,2,89.0085,7.04889,2
7.86536,1583,2,79.5973,7.23958,24.1452,2,23.3301,14.4549,4
7.32532,1158,2,2.95733,2.7533,24.1665,2,72.8182,3.88873,4
9.58632,1112,2,68.3379,-3.37028,24.199,2,36.4703,2.30456,2
8.04234,1766,2,41.4577,8.30076,24.2008,2,38.8407,12.3506,1
10.0813,1952,3,85.4067,4.87282,24.206,2,60.7062,12.2806,1
9.65247,1292,3,69.425,-0.4313,24.2093,2,67.3571,2.231,3
7.16668,1726,2,32.1111,-1.84692,24.2363,2,79.9369,2.85791,4
8.04256,1379,3,75.4112,2.17575,24.25,2,64.2598,8.50614,3
9.91437,1497,1,111.329,9.65466,24.3202,2,74.4325,4.74274,4
7.47729,1255,2,11.048,6.80779,24.3674,2,68.5345,2.38929,2
9.13153,1404,2,80.4873,6.72076,24.3706,2,40.5175,0.140673,2
9.60289,1581,1,92.9583,1.91673,24.3973,2,87.7801,4.83805,2
2.63847,1131,1,9.99092,9.86949,24.4115,2,25.0675,7.62196,3
9.06747,1114,2,67.0871,2.33744,24.4354,2,22.698,0.578212,4
4.73302,1659,1,31.031,-1.92453,24.4473,2,39.4663,8.47899,4
8.92022,1921,3,45.0563,-0.592709,24.4653,2,84.8824,5.79048,3
8.16649,1511,3,87.7044,0.979916,24.4943,2,68.5577,13.1133,3
6.34634,1660,3,37.2041,-2.23057,24.511,2,54.4699,5.36857,3
6.20951,1891,2,1.93496,6.36696,24.5212,2,84.0126,9.10638,1
11.46,1644,1,96.8714,1.36168,24.5766,2,78.2645,9.51699,1
7.55909,1516,3,60.5404,3.69223,24.6441,2,34.5416,6.21852,4
8.73118,1458,3,60.3701,5.62843,24.6515,2,35.07,8.54026,2
8.39713,1287,3,71.7202,1.76315,24.709,2,45.3971,3.86877,3
11.5146,1504,3,92.547,-4.17842,24.728,2,46.2006,4.89673,4
6.7418,1232,3,55.0949,2.91916,24.7445,2,43.9142,12.909,1
11.7318,1396,2,102.738,8.80306,24.7486,2,62.0247,8.34966,1
4.24489,1604,3,8.89265,5.56536,24.7732,2,45.9841,2.36013,1
10.0801,1177,2,59.8,-0.947776,24.8265,2,82.5634,4.1093,1
6.28785,1118,2,31.0551,6.7117,24.8803,2,65.3277,5.66598,4
8.9949,1080,1,89.9832,0.351178,24.8854,2,65.1013,11.6996,2
6.66244,1012,2,2.0363,2.9904,24.9272,2,82.4974,6.68668,3
10.3739,1202,3,105.717,0.0380929,24.932,2,64.6461,14.8132,1
6.42886,1498,3,50.272,5.27045,24.9358,2,21.0859,12.1512,2
5.36035,1523,2,21.4914,5.47313,24.9712,2,24.4652,11.8873,1
9.9117,1267,2,90.5118,2.21802,25.0018,2,29.1825,14.5545,4
9.90178,1866,3,83.2053,1.28036,25.0092,2,48.67,8.69661,4
9.61553,1342,2,73.6082,9.98665,25.0273,2,69.6438,7.03954,2
6.20043,1418,2,54.9904,-2.30005,25.0504,2,55.6486,4.60007,1
9.57166,1697,2,86.0618,-0.904701,25.1231,2,37.032,9.63371,1
7.84239,1025,3,4.71233,3.03802,25.1903,2,39.4694,8.80533,4
7.38977,1568,2,4.04117,1.16232,25.2049,2,49.6496,12.5384,3
6.78763,1804,2,39.8607,-2.93586,25.2268,2,74.4359,5.22521,1
8.01097,1749,1,74.8206,9.50678,25.242,2,43.6153,12.0356,3
11.505,1946,3,119.73,-0.662476,25.2445,2,56.0581,8.7231,1
8.77479,1519,2,50.3202,-0.507414,25.4426,2,43.6124,12.1797,4
4.78598,1992,3,17.1938,5.76532,25.4442,2,25.6038,9.65876,3
7.0375,1595,2,75.355,4.54921,25.4593,2,44.9807,7.36237,2
8.78338,1307,1,77.7908,6.42311,25.4614,2,33.752,0.675202,4
6.08319,1813,1,15.9941,9.60009,25.4929,2,67.5702,1.94874,4
8.20773,1125,3,59.6601,2.33452,25.5117,2,84.8533,5.51083,3
9.35193,1510,2,49.1294,9.03716,25.519,2,73.8401,10.0205,1
8.59748,1206,2,61.3831,1.37185,25.5343,2,49.6268,6.86152,3
9.43593,1392,2,67.9417,4.65873,25.5356,2,48.2613,12.3895,2
7.92743,1086,1,57.2899,0.203898,25.5866,2,75.0268,3.93427,2
11.2525,1714,3,82.809,6.35965,25.6123,2,35.2049,4.44004,1
11.562,1276,2,71.1082,6.51433,25.6313,2,75.0564,4.31002,3
12.9301,1123,1,119.056,9.78229,25.6737,2,69.9847,3.31439,1
10.5204,1887,1,113.511,-3.94915,25.6746,2,52.4323,8.74845,3
5.80049,1872,3,40.4945,4.06526,25.6762,2,37.7281,8.81065,4
8.92158,1475,1,4.73011,7.74932,25.7004,2,55.616,14.6037,3
12.6318,1679,3,87.4193,-0.376626,25.7148,2,83.9239,11.53,1
10.3103,1871,1,65.3379,0.436742,25.717,2,87.3924,11.4218,4
6.57293,1799,2,23.2122,2.05353,25.7877,2,74.8817,14.8407,4
12.5636,1936,3,112.129,5.45793,25.7934,2,75.8057,3.58273,3
10.382,1318,1,81.4995,0.432987,25.8031,2,73.5892,1.91625,1
7.16328,1928,1,64.3122,3.69031,25.8216,2,85.0909,7.94982,4
7.13695,1905,3,58.232,-0.840834,25.8335,2,67.1284,9.54811,4
7.30065,1381,1,19.7479,8.20893,25.9209,2,79.2555,4.60853,4
5.141,1245,1,30.3722,-2.81259,25.9288,2,37.5745,8.54961,4
8.88802,1627,2,79.9921,3.97289,25.9338,2,26.448,7.52515,3
10.9747,1001,1,110.189,-1.48074,26.0321,2,84.4676,11.1161,4
11.2582,1624,3,112.883,6.80421,26.0632,2,36.9565,7.72304,1
5.85821,1805,2,6.04194,-2.89412,26.0716,2,64.4331,2.43248,3
9.84794,1528,2,90.5919,1.19402,26.0743,2,75.0213,13.7587,2
4.60177,1623,2,2.64794,-1.15424,26.1042,2,44.0063,0.459788,4
8.69983,1043,1,83.1454,0.228678,26.113,2,53.3016,9.9075,2
8.5674,1962,2,62.7012,3.69329,26.1881,2,72.7091,13.1207,4
13.0553,1763,3,111.785,-3.8923,26.1915,2,86.3808,7.73083,3
8.8609,1851,2,49.9096,-3.82834,26.1932,2,65.1908,4.40373,4
6.48615,1885,3,9.44372,-3.09828,26.2294,2,82.8633,13.6792,3
6.288,1592,1,66.6659,-3.63379,26.2695,2,60.2785,3.89338,4
10.2976,1159,3,67.7513,-3.77241,26.2732,2,26.9769,7.82031,3
4.33283,1481,2,0.851584,-3.05322,26.335,2,74.7463,8.34621,1
11.8467,1456,3,119.14,-1.05144,26.3412,2,38.081,6.25881,1
6.38358,1351,2,28.5948,8.6453,26.3771,2,20.1064,6.9177,4
10.1197,1372,1,105.255,6.71604,26.3917,2,48.2442,3.20412,3
5.94232,1703,2,37.1363,0.756357,26.4023,2,75.8564,11.3532,1
9.3269,1219,2,38.488,6.46714,26.4154,2,83.1044,8.18761,1
6.07918,1419,3,14.1862,8.91831,26.417,2,89.5794,1.68383,1
9.36884,1392,1,34.7025,7.73395,26.4475,2,38.1375,13.6347,2
12.9423,1385,3,111.62,6.68182,26.5077,2,64.2053,14.0607,1
6.77283,1880,2,33.0228,8.18428,26.5143,2,33.4453,4.32043,3
7.43919,1742,3,15.1365,-0.33314,26.519,2,38.8393,12.1607,4
7.53293,1910,1,66.8182,4.0247,26.5299,2,60.9582,14.1492,1
7.74785,1022,1,54.758,-2.45219,26.5475,2,34.0975,3.26411,2
9.33393,1778,1,54.007,-4.41795,26.5942,2,71.1025,13.6869,3
5.84055,1182,1,22.4816,-2.50137,26.6395,2,88.209,4.70782,2
5.05138,1858,2,12.2799,-1.83108,26.6418,2,73.1352,12.6441,1
8.89122,1904,1,43.2072,-3.79925,26.6623,2,49.1113,2.72816,2
8.47095,1947,3,51.4875,-3.6396,26.696,2,38.9511,9.68426,4
8.23232,1562,1,103.395,8.67557,26.7178,2,39.5242,1.62284,1
13.3344,1226,3,87.2468,-1.71571,26.7267,2,82.1173,11.191,1
7.13209,1996,2,21.5104,2.46707,26.7392,2,76.6487,1.4621,4
5.73611,1130,1,22.4289,-4.18387,26.7414,2,73.9413,11.313,1
10.6095,1323,1,90.3273,6.62489,26.775,2,81.4197,14.6021,4
9.16392,1611,3,53.8622,7.03955,26.8488,2,76.3814,3.24953,4
9.67241,1586,2,58.2307,9.28762,26.8585,2,81.6896,2.64521,4
7.96632,1777,1,53.6249,-1.4241,26.9109,2,24.1987,5.97701,2
10.8573,1946,2,119.11,1.64505,26.9409,2,51.7401,12.4084,3
10.069,1882,1,83.0414,-4.27486,26.9762,2,25.6135,12.9064,3
5.68891,1011,1,24.5108,-2.24391,26.9763,2,66.2119,9.09879,3
13.0456,1115,3,77.2115,9.13946,27.0299,2,46.5011,13.6552,1
7.18438,1943,2,35.5412,-0.589982,27.0459,2,38.4081,2.10098,4
7.40531,1052,1,48.5148,6.05353,27.1194,2,24.9277,10.9723,1
10.2453,1219,3,60.0431,8.92616,27.1201,2,54.9122,5.27079,4
8.50146,1272,3,42.0983,-4.55014,27.1227,2,67.3002,11.947,3
8.25867,1148,1,64.7594,2.64972,27.1441,2,46.9358,13.8826,3
5.75089,1287,1,20.1742,2.65665,27.208,2,74.7577,7.97776,4
6.39692,1290,3,4.80829,-1.3595,27.2325,2,80.2386,4.64125,3
11.2007,1160,2,90.1535,-4.59442,27.2796,2,20.8398,11.4112,2
6.17264,1922,2,23.5481,1.42064,27.3264,2,88.38,13.6849,3
8.71649,1132,2,47.1985,1.62589,27.4303,2,81.3472,11.598,3
10.0427,1604,2,106.937,-0.898645,27.4604,2,65.6495,4.50689,2
7.3698,1116,3,10.7067,-0.699096,27.4837,2,53.7209,4.0234,3
4.99656,1287,3,19.9804,-1.32751,27.4975,2,70.9751,5.28731,1
7.823,1919,2,4.72702,8.70124,27.546,2,50.2709,9.53313,3
12.0117,1815,1,109.812,4.55885,27.564,2,45.4214,12.061,4
10.4497,1814,2,98.6857,9.76999,27.5648,2,55.2668,2.43211,4
10.5825,1818,3,59.2577,3.89811,27.5911,2,87.9181,10.0239,1
12.0967,1573,3,119.002,9.82729,27.6321,2,82.9775,11.1949,4
7.0195,1858,2,19.7144,-1.38365,27.6567,2,38.9326,7.08015,4
7.28758,1898,1,40.8005,2.53096,27.6695,2,59.7323,4.05769,1
9.49327,1578,2,47.5575,2.76159,27.6754,2,77.5436,6.10119,2
6.664,1434,2,60.1531,4.59289,27.6938,2,24.708,2.53843,3
6.72867,1052,1,6.19888,0.562935,27.7206,2,54.3785,12.2303,3
5.44189,1536,2,30.9961,1.68012,27.7466,2,74.6839,8.93665,4
5.59727,1812,1,1.20564,8.80178,27.7614,2,42.72,6.27662,1
8.00268,1283,1,3.2528,1.5305,27.7824,2,89.9183,7.07838,4
9.08226,1922,3,97.0828,2.82868,27.8099,2,25.2391,8.74281,4
6.75061,1700,1,26.8323,9.06958,27.8184,2,59.9399,3.36486,4
7.28672,1303,2,62.2497,-4.48051,27.8354,2,68.5248,4.77141,2
7.39664,1800,3,72.2963,6.87856,27.8406,2,48.9539,0.443124,3
6.63939,1435,3,15.8965,4.14307,27.8444,2,87.2663,6.72457,3
10.4236,1985,3,68.6778,9.04124,27.8654,2,35.6498,4.39608,2
10.9155,1304,2,91.9833,-2.56841,27.8784,2,24.7431,1.88323,3
6.9063,1760,3,20.108,8.92419,27.9079,2,79.2508,6.44285,1
10.2958,1381,1,115.385,9.21372,27.9461,2,20.1918,12.1265,1
8.54721,1111,1,67.4533,0.96275,28.0076,2,77.8377,9.39839,3
7.24838,1382,3,33.8302,8.13556,28.0131,2,27.3632,0.42257,1
9.73387,1009,3,85.6392,3.36559,28.0247,2,26.3549,0.910411,1
11.2093,1046,2,90.2537,3.92716,28.0766,2,55.5167,4.58262,4
11.9517,1475,3,82.7172,-4.49348,28.0992,2,46.2274,10.8289,4
6.40262,1114,3,46.4048,0.450757,28.1071,2,59.7533,2.55822,3
6.07176,1206,2,24.5338,8.61847,28.196,2,84.486,4.56359,1
8.66967,1622,3,65.8306,-1.86625,28.2381,2,40.5999,4.10354,3
10.3458,1997,2,111.457,-2.7248,28.2393,2,59.7043,13.2902,3
9.77329,1782,2,87.5088,-1.2155,28.2614,2,50.0404,5.45946,1
11.2163,1434,2,80.8375,8.26357,28.2888,2,65.4061,11.5459,2
7.41483,1225,1,58.485,-4.35668,28.2958,2,82.7451,4.78564,1
12.4203,1472,3,102.999,7.20961,28.3121,2,84.5926,4.10445,3
6.90508,1387,1,30.7551,-3.42513,28.3133,2,63.1515,12.5696,3
7.88406,1112,2,45.794,-4.00343,28.3166,2,27.4931,12.9918,2
10.8037,1323,1,81.1633,9.648,28.322,2,32.6832,0.672114,1
7.84538,1804,3,43.5579,-0.698466,28.3465,2,36.1006,1.87205,4
8.27735,1578,2,37.9763,3.53914,28.3617,2,57.1195,13.491,2
6.53195,1163,3,55.1476,-3.96663,28.38,2,75.6755,13.0694,4
9.93577,1880,3,85.9677,-0.15651,28.3936,2,89.7927,3.77214,4
7.36332,1963,2,49.8753,9.04648,28.4225,2,24.7883,6.41193,1
4.93654,1661,3,12.9653,5.00019,28.4246,2,83.7875,12.0539,3
5.75505,1992,3,34.4954,3.26796,28.4598,2,32.648,1.31278,4
6.75232,1245,3,11.3687,-0.054537,28.4691,2,62.6941,8.93123,2
7.53147,1171,2,43.4752,2.18971,28.5422,2,48.4175,7.19047,4
11.2022,1436,3,108.091,-2.72788,28.6022,2,59.6167,4.07727,1
5.02577,1917,1,3.04183,-3.36385,28.624,2,65.7406,7.53149,4
6.55672,1789,1,44.6769,5.55501,28.649,2,59.8411,5.74586,3
5.63297,1571,2,27.1295,-0.380016,28.659,2,27.817,1.40146,4
6.76616,1024,3,27.9623,-4.96206,28.7003,2,38.8035,0.812564,2
7.90502,1833,2,25.7288,2.34494,28.7221,2,76.3798,1.35137,3
9.20252,1943,2,67.1694,3.05229,28.7352,2,77.7928,4.13804,4
10.1336,1868,3,117.392,-0.38223,28.7571,2,30.2278,12.3828,3
9.27108,1472,1,59.5511,2.1369,28.7907,2,79.1956,0.949025,1
9.25618,1580,1,101.614,8.83835,28.7942,2,60.8587,0.95452,1
10.3592,1622,2,85.7663,-4.69503,28.7956,2,40.4898,13.5555,3
8.2115,1587,3,78.9969,-1.70903,28.815,2,28.9942,7.40116,1
11.0907,1672,1,108.97,-4.97444,28.8197,2,24.1599,4.46482,2
11.4485,1879,3,110.405,-3.19785,28.87,2,87.2853,2.15793,4
11.0102,1727,1,98.3278,4.24547,28.8708,2,79.2606,1.15382,4
6.28259,1702,2,19.16,-1.03062,28.8737,2,46.2135,6.97283,2
10.7415,1698,2,117.743,1.37888,28.8776,2,26.6944,9.98075,2
9.14113,1391,3,44.6087,1.07738,28.9204,2,85.7313,6.81587,2
9.42664,1659,2,66.8702,9.11697,28.9309,2,51.1712,9.16326,1
11.4321,1821,1,118.452,0.764346,28.9359,2,40.1551,5.23216,4
11.7716,1250,1,90.9332,-0.186445,28.9428,2,79.4781,12.9233,4
9.73863,1698,2,108.941,-4.80395,28.9735,2,65.4104,8.43924,3
8.1534,1528,3,62.4277,5.99191,28.9811,2,37.5836,5.38458,2
8.23843,1733,1,51.5982,2.12629,28.9861,2,39.1842,2.83957,4
10.8338,1965,2,97.7605,6.85078,29.0118,2,42.0028,11.7291,2
10.7864,1086,2,111.908,-2.43094,29.0122,2,55.4608,9.40538,1
10.0025,1292,3,100.373,5.51332,29.0348,2,48.3826,2.37506,3
8.82468,1957,2,58.9224,0.775045,29.0616,2,39.9195,0.336608,2
8.70834,1274,3,88.153,-0.300616,29.1078,2,32.4623,14.7859,2
7.84375,1282,1,15.8051,8.98206,29.1557,2,68.3335,12.7128,4
7.90234,1383,1,73.5221,-3.16833,29.1625,2,22.6178,5.49499,1
10.8014,1223,3,105.109,2.30443,29.1823,2,67.3843,11.2172,1
6.95403,1319,3,14.4465,4.00177,29.1844,2,59.1407,3.03418,3
8.07294,1286,2,49.8532,4.68186,29.2454,2,83.033,12.9532,4
9.78661,1833,2,91.8436,-1.94738,29.2542,2,42.2059,11.2864,4
6.70696,1921,1,21.4838,9.76531,29.2558,2,78.0613,0.410951,3
9.40881,1002,2,104.765,2.34726,29.2789,2,28.5678,3.66789,2
6.95994,1091,3,44.247,9.85051,29.2969,2,85.3142,0.767669,2
12.0201,1752,2,115.151,2.50913,29.3632,2,36.3022,5.12843,4
10.0286,1559,3,28.0429,9.92489,29.3905,2,48.809,14.2285,2
5.75872,1740,2,6.32517,1.28469,29.3916,2,79.9919,0.838314,1
9.22332,1890,2,84.9145,-2.49146,29.4194,2,23.788,4.78999,1
8.49565,1328,2,27.777,5.95133,29.4306,2,63.9272,12.4664,2
10.2933,1043,3,70.1793,1.75557,29.4702,2,67.6709,1.70941,4
8.97761,1480,2,99.6243,0.87334,29.4816,2,22.9435,7.49452,4
6.09782,1453,3,39.8401,-2.99458,29.4825,2,53.4821,10.118,1
11.4894,1267,3,89.3331,-3.60731,29.5188,2,74.5394,6.62221,3
11.1148,1143,1,71.4364,-1.02673,29.551,2,60.8061,9.47748,3
10.8091,1140,3,49.7997,5.48807,29.6186,2,80.6115,5.2102,4
7.33514,1700,3,36.9325,-4.61365,29.6401,2,87.0393,8.12671,3
7.15811,1612,3,16.8964,-3.73866,29.6405,2,60.0734,1.28613,4
12.1578,1156,2,82.6905,4.5381,29.6593,2,79.2002,11.5099,3
7.77853,1379,3,28.962,2.06842,29.6601,2,47.4811,10.352,2
6.93574,1214,3,14.7505,-1.03585,29.6957,2,81.8302,11.2088,2
8.08417,1904,1,71.8276,5.89969,29.7024,2,34.0872,6.92566,1
6.10152,1319,1,15.5828,4.57865,29.7284,2,44.5588,1.02296,4
7.17815,1151,1,85.7192,-1.05611,29.756,2,77.8149,9.64518,3
10.1274,1401,1,78.1968,6.02009,29.7589,2,43.3233,11.979,2
11.2485,1022,2,109.361,-2.91722,29.796,2,77.6937,4.56335,1
12.101,1860,1,100.549,-1.49394,29.7986,2,86.9528,12.9096,2
8.93514,1378,2,116.903,-2.72358,29.8057,2,46.3526,8.6777,3
6.91506,1524,1,25.1023,5.45681,29.8512,2,32.4175,8.24308,1
7.09949,1492,3,60.9309,3.98511,29.9203,2,41.7647,5.96696,4
9.30576,1225,3,93.0606,5.53065,29.9224,2,70.4925,4.30183,2
9.7737,1170,2,80.6051,-1.14676,29.9671,2,61.8495,14.6738,2
10.3976,1572,2,104.803,7.06329,29.9739,2,29.3303,12.2623,1
8.56985,1563,3,63.3827,-4.43109,29.9975,2,49.0133,8.9279,1
5.68055,1639,3,51.1582,9.139,30.0161,2,27.2768,4.80737,4
12.4744,1397,1,107.75,7.18779,30.0363,2,80.4495,4.74626,1
4.8792,1491,1,10.0055,8.86172,30.0689,2,44.8885,4.41466,3
7.54539,1021,1,29.9693,7.63848,30.1023,2,82.4478,14.8458,2
8.7981,1175,1,54.0305,-2.64022,30.1162,2,32.3373,1.70533,4
5.02008,1300,1,35.7431,9.68916,30.1195,2,22.1758,9.64333,3
10.5896,1551,3,57.9953,4.15464,30.1298,2,79.991,5.70097,3
9.19751,1558,2,101.107,-1.0586,30.1367,2,52.7222,13.8044,3
6.74609,1454,3,60.0481,-4.71649,30.1674,2,24.7144,12.7074,1
9.03667,1337,3,49.6371,-4.94739,30.2303,2,75.2145,12.92,1
7.83175,1426,2,64.2788,-1.62927,30.234,2,26.5281,2.84508,2
7.70696,1537,1,25.6794,6.91498,30.3389,2,66.8135,0.465345,3
5.78385,1942,3,42.9863,-4.97234,30.3517,2,80.8458,7.98968,4
9.10445,1563,1,47.095,1.42357,30.3522,2,78.5609,10.1868,3
7.10715,1234,2,48.3032,-2.28882,30.3532,2,89.4037,10.3413,3
5.6351,1319,1,42.3035,4.78552,30.3853,2,63.8963,6.13233,3
9.17204,1561,3,98.6616,8.81641,30.3866,2,65.3655,0.113022,4
10.088,1647,1,113.252,2.58606,30.4089,2,48.2414,12.5171,2
7.7039,1743,1,15.4878,8.18923,30.432,2,87.87,10.8601,4
8.4791,1376,2,53.1648,7.8985,30.4751,2,34.2132,2.31822,1
9.13467,1847,1,64.1759,2.29476,30.4981,2,38.568,5.22922,1
6.20737,1448,3,56.3288,-0.170628,30.5023,2,59.472,2.47383,1
7.80797,1098,3,61.6625,-2.78759,30.5144,2,65.0306,9.46432,2
11.6633,1058,1,113.365,-1.01377,30.5176,2,34.3992,7.32216,2
11.7388,1847,3,116.273,3.07437,30.526,2,67.5587,14.5087,1
6.88573,1016,1,10.9706,5.27745,30.556,2,62.1783,11.7521,1
7.39855,1669,3,38.4676,3.47094,30.5681,2,56.5781,8.77836,1
11.057,1260,2,95.974,9.60997,30.5735,2,50.73,12.6807,1
10.8214,1814,3,71.309,8.86518,30.576,2,61.2154,1.20732,2
9.70046,1726,1,109.565,-1.39698,30.5785,2,39.2597,6.39861,1
9.6826,1219,2,60.7149,9.23621,30.5944,2,22.2922,3.34381,1
7.8185,1639,2,26.9152,-4.3792,30.6392,2,64.5282,2.88581,1
10.5175,1465,2,69.3469,6.91488,30.6551,2,68.9289,1.99041,1
7.26622,1874,1,76.054,2.7317,30.6674,2,33.1025,13.5088,3
9.79589,1405,1,117.766,-0.614868,30.679,2,38.3597,7.49622,4
11.4624,1865,1,79.6188,8.27815,30.7014,2,34.0466,7.71682,2
7.64636,1282,3,22.9826,8.06842,30.7102,2,73.8822,6.44936,4
5.65298,1613,1,17.2642,9.81834,30.7297,2,51.9052,11.4702,4
7.58497,1558,2,6.61218,1.37451,30.741,2,85.9189,7.31163,1
11.0273,1566,1,102.138,2.73959,30.7592,2,80.2959,9.3545,1
6.26015,1282,3,42.0852,-2.01397,30.7858,2,33.4469,14.9089,3
2.74413,1117,3,4.80709,-1.58205,30.8195,2,21.9467,13.5582,3
8.91667,1260,2,34.9052,5.32472,30.8249,2,73.2244,12.7039,3
8.41313,1713,2,68.5513,7.68118,30.8324,2,65.8794,14.9038,4
6.21454,1222,1,48.6774,-1.37454,30.8645,2,75.2771,9.70397,3
10.3805,1644,1,65.293,-0.0849066,30.8663,2,34.5335,7.05187,2
9.84268,1295,2,66.7894,6.18764,30.8823,2,35.9367,8.48234,4
7.19218,1671,3,66.9805,5.58075,30.9155,2,30.6886,10.1107,4
8.44837,1386,2,107.688,-3.68314,30.9701,2,28.817,1.45569,1
10.2591,1262,3,76.6929,-1.25587,31.0335,2,39.8166,5.7964,4
8.31612,1149,1,96.6108,2.96567,31.0873,2,23.5501,13.8465,4
8.96108,1748,2,71.9232,7.50444,31.0998,2,58.2061,7.27908,1
7.83564,1614,1,49.2819,-2.14852,31.1016,2,29.1143,10.4722,1
7.88085,1560,3,69.6922,-1.89044,31.1321,2,39.067,13.4441,3
12.7739,1458,2,100.135,1.92402,31.147,2,44.5775,6.79347,4
4.86885,1034,3,19.0224,5.66478,31.1483,2,37.9291,5.4987,4
6.46273,1983,3,15.0584,1.56773,31.151,2,40.1073,1.76491,4
8.02878,1661,2,36.4037,2.23396,31.1694,2,58.9404,2.50496,4
11.7615,1155,3,99.3823,3.63247,31.2157,2,57.8423,1.15103,1
11.4433,1871,1,102.042,7.19474,31.2229,2,75.0966,6.26791,2
8.27034,1347,2,36.385,2.17108,31.2713,2,70.6742,1.15547,2
9.48298,1996,2,87.0446,2.36005,31.28,2,54.3049,7.80741,3
10.6491,1048,3,100.334,5.94629,31.2836,2,54.9103,14.6674,4
7.94923,1865,1,17.5225,6.52936,31.3111,2,44.9661,7.14797,4
11.1715,1181,2,110.959,5.05492,31.3919,2,60.8181,8.1551,4
3.94397,1193,2,1.72577,3.58524,31.4006,2,49.273,12.9224,2
7.22922,1053,1,55.9559,9.04334,31.4011,2,48.2516,13.4382,4
10.8264,1146,2,63.1313,4.57083,31.4151,2,81.5701,0.488034,3
9.79345,1295,3,81.5637,4.99518,31.4427,2,33.0632,0.27665,2
8.9965,1393,1,96.5394,-3.90986,31.4458,2,65.5767,3.87275,4
10.0013,1387,3,85.5655,-3.36832,31.4674,2,36.7628,6.06117,1
5.7479,1600,2,40.5599,6.07009,31.5275,2,33.6029,10.8287,4
7.79263,1217,2,76.3146,0.403558,31.5316,2,49.9576,2.39231,1
6.11471,1223,1,16.9439,5.9789,31.5541,2,59.0404,7.98762,1
9.25225,1073,2,89.7821,-1.46549,31.5805,2,55.888,1.22885,2
7.38595,1284,2,33.6402,6.81796,31.5996,2,44.4066,2.8071,4
12.4274,1970,1,116.144,3.95197,31.6073,2,49.438,7.63822,3
10.324,1627,3,103.403,6.38663,31.6134,2,63.7213,14.011,2
6.69358,1046,3,33.9941,-1.22284,31.621,2,70.5249,5.43547,3
6.82842,1292,2,9.2363,8.93377,31.6302,2,72.1832,5.70453,1
7.32208,1639,2,37.1745,3.63297,31.6517,2,24.218,0.92709,3
7.44336,1335,1,22.8155,2.20054,31.7216,2,82.6551,1.71584,4
8.66832,1454,2,76.2774,-2.04052,31.7623,2,66.1521,6.0711,2
5.6263,1250,1,1.7036,8.17232,31.7697,2,68.0855,0.881177,1
9.0987,1260,1,57.9878,5.68487,31.7903,2,57.5284,12.1059,1
10.3301,1129,1,72.7196,6.48895,31.8064,2,53.9857,13.1351,4
4.54589,1434,2,20.2631,8.49219,31.8153,2,21.0441,10.9845,1
8.77777,1608,3,94.0512,-4.26372,31.8275,2,73.6956,9.27464,4
9.94478,1836,2,109.192,-3.30865,31.8289,2,74.6861,13.4719,2
6.57087,1958,1,58.3731,4.76656,31.8721,2,70.9805,10.5547,1
11.3589,1937,1,117.072,1.66173,31.9274,2,57.2621,10.0728,1
3.88235,1898,2,25.7478,8.9506,31.9415,2,23.9694,1.2724,1
5.92047,1317,2,14.3944,9.40796,31.9665,2,60.5042,13.2637,4
7.7929,1331,1,77.7723,3.11996,31.9881,2,28.6367,13.609,1
8.06055,1159,1,71.5616,-2.51553,31.9942,2,28.5008,6.24571,1
11.3453,1982,1,85.4564,-0.334948,31.9992,2,84.9221,9.75903,3
8.16668,1034,3,44.3776,-1.84684,32.0334,2,39.4562,14.3255,2
6.7447,1102,3,6.02916,0.748817,32.077,2,50.8186,12.959,2
10.1082,1882,3,93.2186,-3.58513,32.079,2,64.8541,14.2363,2
7.0259,1134,1,15.8058,6.5831,32.2178,2,63.9748,14.005,2
9.54585,1493,1,56.0713,4.70023,32.2322,2,80.7949,7.40642,1
12.0548,1616,2,77.1333,7.81763,32.2893,2,69.7908,13.3849,1
11.5632,1162,3,116.431,0.961629,32.3216,2,82.2902,13.2025,2
11.2873,1691,1,110.344,4.83165,32.3262,2,83.0518,4.91412,1
7.14895,1312,1,3.89839,-1.99769,32.3266,2,88.3934,11.6409,2
6.39953,1236,2,42.5757,4.22222,32.3595,2,47.2423,4.69532,1
8.2526,1167,3,43.2512,3.3672,32.4591,2,87.7552,0.590732,1
6.44276,1763,2,55.6914,4.65547,32.4622,2,49.2422,1.73328,1
7.42244,1572,1,53.0479,4.27717,32.4991,2,39.1485,11.8377,4
5.35801,1189,1,2.29738,9.91083,32.5221,2,58.5178,11.1919,3
9.28049,1288,2,47.5201,4.07122,32.6136,2,66.1338,7.49178,3
10.8881,1914,2,100.994,4.56556,32.6199,2,83.8114,1.18946,1
5.25224,1675,3,0.637617,3.49171,32.6344,2,49.9411,2.39302,4
5.20958,1203,2,19.8898,8.43388,32.6881,2,74.3803,11.724,4
7.31997,1434,1,22.7923,3.40974,32.6933,2,26.4414,12.8051,2
7.93937,1400,3,24.5616,5.00061,32.7047,2,49.5846,10.9179,2
7.14785,1464,1,12.0744,1.62366,32.7639,2,29.8462,8.86232,4
10.4528,1915,1,98.8797,8.65349,32.7842,2,71.2241,10.3032,2
12.8523,1102,1,100.497,9.37231,32.7855,2,45.7946,11.1122,2
10.9262,1326,1,97.1909,9.81174,32.9029,2,75.7537,14.9908,3
10.4141,1899,2,99.223,-4.36656,32.9065,2,36.2797,7.21871,2
5.84026,1292,2,60.2334,-4.44612,32.9103,2,23.0875,11.6728,1
12.6689,1919,3,113.529,7.58718,32.9119,2,52.1228,8.17354,1
10.2539,1337,2,79.9137,-0.393696,32.9246,2,42.235,9.03785,4
2.67986,1916,2,6.27994,-4.30983,32.9285,2,51.9135,2.59428,1
8.1289,1082,3,34.2485,-4.08998,32.9528,2,52.4923,4.11943,4
7.89791,1944,2,24.6225,1.60719,32.9532,2,45.1249,13.8448,2
8.01618,1503,3,45.4849,-0.814444,32.9978,2,20.7957,11.5465,2
6.44111,1172,1,0.765485,-0.751254,33.0046,2,71.6913,10.9816,2
11.7093,1193,1,116.319,4.28313,33.0119,2,35.9167,3.01795,3
9.33648,1515,3,84.097,4.7117,33.0165,2,82.06,2.37105,4
8.18275,1515,1,55.8044,3.08723,33.0376,2,21.5245,6.84471,4
5.0479,1637,1,16.2752,7.47764,33.0626,2,57.4742,1.74504,1
4.68482,1684,2,15.7168,1.93238,33.0787,2,37.3876,13.912,3
9.83095,1526,3,77.4262,8.91323,33.0948,2,31.5969,8.48933,4
9.4424,1609,3,22.2332,6.17299,33.1746,2,82.3974,2.18486,2
7.05285,1323,1,26.2457,-0.7269,33.1761,2,76.4539,9.33214,1
12.4733,1618,3,114.06,-3.22801,33.229,2,43.5935,13.0984,3
9.24885,1681,1,98.0889,2.39305,33.2315,2,65.5722,1.17834,4
10.8779,1955,1,118.091,5.86886,33.2519,2,43.4263,9.62597,3
7.64257,1791,3,40.4648,3.3117,33.255,2,44.2883,12.5359,1
8.83426,1117,1,80.8607,6.84463,33.2608,2,24.604,9.69155,4
9.99539,1115,3,51.4979,8.84545,33.2612,2,81.4149,5.79844,3
9.5412,1034,2,37.9749,3.3023,33.2962,2,73.8087,1.33831,2
10.5483,1555,2,102.597,2.73379,33.3014,2,44.5905,5.99026,1
10.209,1747,1,80.3534,9.03171,33.3493,2,74.778,3.63393,2
6.3426,1416,3,40.0354,-4.04512,33.3552,2,50.983,4.22821,1
9.10517,1127,2,104.019,7.70803,33.3598,2,63.4993,14.7358,3
9.35319,1255,1,75.7751,-1.36435,33.3966,2,28.9273,3.84682,2
13.5499,1426,2,108.67,8.47826,33.4019,2,73.0251,12.9605,1
10.3234,1565,2,101.242,4.48301,33.4138,2,69.0186,8.5963,4
10.1909,1380,2,57.013,8.3072,33.4248,2,36.5426,0.131779,3
6.86937,1850,3,22.9112,6.78961,33.4695,2,85.6444,7.20264,2
9.39822,1547,3,98.5766,7.4296,33.4711,2,55.565,11.378,2
10.7314,1317,2,108.636,-4.67035,33.561,2,89.1073,8.65996,1
9.95801,1407,2,93.6101,9.26595,33.5904,2,69.6074,13.3359,1
8.82555,1827,2,66.2026,2.73918,33.684,2,34.1503,11.6923,2
10.4815,1315,3,115.926,3.26738,33.7083,2,34.5688,13.8446,3
9.44755,1664,2,80.6861,5.07709,33.712,2,76.3728,11.1637,1
10.4739,1550,2,74.1376,-1.47969,33.73,2,69.9901,11.7041,3
6.26825,1881,3,24.2753,-3.04576,33.7395,2,80.7751,0.0513241,1
7.98193,1223,2,71.576,6.36955,33.7563,2,51.8508,4.75459,1
9.94351,1985,2,69.0073,-1.41802,33.7686,2,83.9377,11.3609,4
9.5619,1286,3,109.658,2.74497,33.7768,2,75.3222,7.8425,2
7.07441,1896,1,48.0845,2.33027,33.7992,2,29.5867,0.98188,4
5.55058,1171,3,33.3423,-1.6651,33.8301,2,45.4612,10.8143,2
9.49084,1954,1,76.1693,8.8705,33.9754,2,61.4307,4.30251,1
6.23697,1762,3,24.7065,-2.12084,33.9759,2,20.6905,14.598,2
7.69495,1065,3,48.764,0.408955,33.9866,2,38.1737,13.5033,1
12.7526,1187,2,119.622,-3.73802,34.0014,2,83.1966,7.31468,2
7.6867,1250,3,41.4696,2.28526,34.0501,2,27.3579,10.4681,2
6.55807,1074,2,38.4855,1.46669,34.0603,2,53.4195,2.38059,2
8.30139,1770,2,60.0238,4.19276,34.1081,2,87.6981,4.81552,1
4.47937,1517,3,13.963,-0.349618,34.1331,2,72.7193,3.28659,1
9.26183,1887,2,98.4304,-4.49342,34.1459,2,20.3114,5.11582,1
10.2925,1646,1,102.038,5.3934,34.1625,2,54.5001,10.1128,4
7.32553,1968,1,60.3451,-0.496992,34.2114,2,56.6399,7.50815,4
11.0032,1132,2,68.3166,-2.80401,34.2342,2,59.9224,14.7252,2
7.21372,1574,3,63.8246,5.36961,34.266,2,77.7019,10.4667,4
9.60139,1870,1,41.4231,5.98509,34.2956,2,83.1362,10.362,3
7.34389,1640,1,50.7155,3.79956,34.3144,2,23.7064,9.69818,2
8.75159,1781,2,29.7375,-2.59345,34.3704,2,83.1238,14.6244,3
8.35439,1375,2,86.0958,2.64177,34.379,2,32.3766,12.1658,1
7.96788,1882,2,23.9124,-4.87398,34.3875,2,35.2588,1.45807,1
8.95251,1013,3,45.2383,-3.55269,34.4147,2,79.6904,8.54426,4
8.62264,1928,2,48.9782,6.28959,34.415,2,67.7729,0.0911165,1
8.441,1286,3,15.5257,6.22506,34.4759,2,82.0573,14.7751,4
7.70129,1688,1,33.9319,-1.41566,34.5153,2,52.57,6.39085,1
5.31574,1769,1,19.462,-4.68318,34.5273,2,64.1711,1.91823,1
9.00188,1036,2,35.5872,2.00632,34.5645,2,27.6436,10.6069,4
9.45036,1905,2,77.7024,5.26687,34.567,2,44.1422,7.25344,3
9.58091,1358,2,59.8675,6.66045,34.6177,2,88.0438,7.11591,4
9.16338,1366,3,77.3056,0.521355,34.6385,2,41.9673,4.87525,3
9.32879,1395,2,93.363,2.15239,34.6413,2,63.5112,4.08799,4
11.3734,1199,3,112.34,3.87093,34.6485,2,33.1569,3.39967,3
9.657,1973,3,79.8941,8.10257,34.6953,2,81.2457,3.57792,4
8.08759,1225,3,49.6969,1.96264,34.7147,2,69.1235,13.5793,4
9.79265,1678,2,68.2706,5.60374,34.7491,2,42.0176,7.17248,3
4.67955,1877,2,3.02321,4.19048,34.8242,2,69.4708,6.60616,2
11.865,1217,2,103.612,-3.21416,34.8304,2,57.9261,1.23391,2
10.7826,1703,1,109.299,6.60604,34.8378,2,34.361,7.77808,2
11.4464,1663,1,101.952,4.34078,34.8539,2,22.0648,10.2623,2
10.7392,1519,3,104.928,4.80189,34.8865,2,65.2935,8.01131,4
7.2112,1665,2,8.9875,9.45477,34.8933,2,37.5199,4.38038,3
7.06133,1618,2,61.4506,6.43475,34.9073,2,26.2933,6.05984,3
8.50475,1058,2,79.9826,0.401552,34.933,2,27.8487,1.70001,3
11.3721,1111,1,76.5869,7.743,34.9541,2,63.3974,5.15016,1
7.25924,1141,3,59.201,1.12745,34.9656,2,52.3951,13.6572,4
7.35599,1195,2,51.3203,-2.55001,34.9837,2,44.3012,9.32658,2
10.5018,1102,1,94.4864,-0.356929,35.0159,2,86.0421,7.93046,4
6.6449,1830,1,54.2087,-4.43554,35.0393,2,30.3463,6.98959,4
9.32999,1074,1,97.4969,-1.02125,35.0558,2,57.1771,9.05812,1
6.57938,1557,2,66.8051,-1.06011,35.089,2,34.5651,0.522389,1
7.03873,1543,1,88.906,-3.22654,35.141,2,84.6672,0.855728,2
7.09241,1473,3,46.4169,9.37555,35.1504,2,24.9424,11.3922,4
9.0526,1097,2,53.8847,3.61559,35.1559,2,57.3789,14.9861,2
4.11244,1068,2,9.79185,-3.6177,35.1805,2,24.9883,2.36798,2
7.29227,1284,1,30.8475,-2.8343,35.2327,2,73.1614,14.5558,3
11.8402,1851,3,83.3964,8.30816,35.2609,2,88.2059,9.96292,3
11.4261,1874,2,72.4551,-4.06803,35.2649,2,76.7874,11.6147,1
8.78088,1458,1,91.1788,3.91882,35.3044,2,58.2744,13.8488,2
9.18136,1118,1,68.5439,-3.39318,35.3074,2,60.8795,6.28609,1
10.1257,1129,3,114.272,9.64396,35.3135,2,61.602,14.8477,3
10.3345,1063,1,87.1302,8.52043,35.4085,2,25.0182,5.49753,2
7.87295,1224,3,48.0255,3.97033,35.4336,2,73.1912,11.6405,1
7.03617,1126,3,76.4886,6.39909,35.4678,2,50.9037,14.8114,4
6.48287,1844,2,50.0632,9.18046,35.4891,2,63.5876,8.74227,2
4.77074,1527,2,5.60218,9.50767,35.5135,2,45.7302,10.6383,1
11.6055,1523,1,82.3229,-0.319752,35.6169,2,70.5977,4.65362,1
11.5395,1936,1,93.7755,8.99275,35.6354,2,29.4311,8.99917,2
7.51851,1489,2,50.2434,-4.88463,35.6486,2,33.4384,13.0235,1
6.67763,1264,3,32.6335,1.1408,35.6602,2,66.502,12.3155,3
10.4267,1156,3,92.879,8.74244,35.6824,2,79.943,7.62145,3
4.88733,1968,2,3.89649,2.05097,35.7153,2,21.8184,14.8911,3
9.21699,1860,2,29.4982,8.41807,35.7214,2,87.1185,13.0231,1
12.4361,1402,2,114.055,-1.63527,35.7219,2,36.656,8.19232,2
7.81887,1143,2,79.3217,2.63123,35.7327,2,89.958,3.06875,2
4.52705,1101,3,1.17931,1.81327,35.7965,2,45.0865,5.14904,3
11.7351,1011,3,106.68,4.105,35.8134,2,36.1054,14.8102,4
9.55433,1626,2,88.0982,5.8028,35.853,2,24.5934,4.47929,3
6.64624,1143,2,47.5125,8.81147,35.8706,2,22.1229,11.0853,3
8.52348,1041,2,68.0869,-1.77633,35.8725,2,86.8699,3.49362,2
9.87481,1515,2,92.8794,6.69805,35.8969,2,40.8917,0.365642,2
10.5585,1014,2,106.817,8.10737,35.9183,2,81.8624,9.86574,4
12.0677,1509,2,115.481,7.70094,35.9202,2,74.9043,9.19025,1
9.1274,1735,1,63.1914,1.83546,35.95,2,29.4741,10.3334,1
9.40225,1571,3,85.1185,0.183051,36.0052,2,66.8863,7.01009,1
9.85778,1834,2,101.199,-4.15741,36.0108,2,83.4973,2.95716,1
7.90985,1343,1,12.6482,-3.00333,36.0198,2,89.2445,4.18726,4
6.50565,1708,2,16.9468,-4.39702,36.0472,2,88.9514,9.31455,1
11.5364,1271,3,99.1066,6.29883,36.06,2,38.2427,5.38267,4
11.9457,1659,3,88.4559,5.98046,36.0634,2,37.942,7.63115,1
6.60583,1788,1,35.1186,1.64584,36.0642,2,63.104,0.875788,4
7.32498,1038,3,54.5717,7.89392,36.0679,2,79.2827,8.18434,2
5.97124,1097,1,16.7985,3.27642,36.1314,2,23.2088,11.5484,1
4.53474,1973,1,18.758,-0.22896,36.1433,2,40.7937,3.01686,1
7.43339,1922,1,24.1834,5.83786,36.152,2,26.4374,4.69497,3
7.81007,1956,2,56.5979,-3.22073,36.1789,2,46.831,11.1557,2
9.58105,1401,1,49.0147,8.86517,36.2762,2,58.1788,10.6091,1
6.08188,1548,3,12.7356,7.2995,36.3281,2,81.6455,2.10776,4
6.95765,1126,1,13.2518,-0.654261,36.3528,2,22.7926,4.28599,2
3.72284,1363,2,22.1806,-1.76404,36.3556,2,57.6267,4.86102,3
5.12202,1630,2,23.7228,-2.92257,36.3659,2,82.6741,5.04315,1
7.33837,1835,3,47.5533,6.13167,36.4087,2,83.8062,12.4291,1
6.6234,1672,2,80.6701,0.472712,36.4295,2,28.0651,5.64324,1
9.78587,1057,2,116.199,-1.80452,36.43,2,51.5042,4.95376,4
11.7374,1331,1,114.444,3.49557,36.4472,2,55.6524,12.852,4
5.24363,1431,3,2.09979,8.82719,36.469,2,54.1976,1.6546,3
8.2086,1925,1,41.6746,-1.49959,36.4957,2,52.4671,10.7001,3
9.68481,1086,1,58.4961,4.07625,36.5503,2,83.6106,1.0396,2
7.92077,1590,3,96.6143,5.32958,36.564,2,68.4553,6.2679,1
5.70773,1413,3,37.6444,4.76907,36.5689,2,76.7262,9.57362,2
9.88681,1453,1,106.826,9.86455,36.591,2,50.8609,3.14189,1
3.67827,1609,3,4.27083,7.87731,36.5933,2,53.1111,7.03979,3
8.92926,1499,2,33.2483,0.562017,36.5992,2,37.1605,6.34307,4
11.3192,1942,1,103.931,-1.03847,36.6015,2,62.2041,9.78573,2
13.1946,1866,2,112.354,9.39168,36.6113,2,81.906,9.23077,2
5.46596,1895,1,54.4099,-3.63159,36.6346,2,36.5401,5.49159,1
10.0376,1813,1,57.2207,0.0205673,36.6641,2,75.2124,1.29067,4
4.92383,1455,3,13.3815,-2.06922,36.6663,2,33.4474,6.80178,3
7.65705,1777,2,90.7572,3.29059,36.6878,2,66.7565,10.4162,1
8.70086,1500,1,66.4166,8.82594,36.6928,2,82.6323,4.43656,4
3.96758,1892,2,12.5176,-4.85194,36.6989,2,36.8744,8.61108,1
11.3748,1642,3,69.3958,-2.99219,36.701,2,84.9611,8.71879,3
11.4617,1282,1,86.1997,3.1746,36.7161,2,50.3821,1.15757,1
11.9343,1158,3,112.96,5.59784,36.7249,2,85.8975,1.26758,2
10.9525,1428,1,60.5919,0.464385,36.7485,2,44.1336,10.4783,1
11.4872,1349,3,102.305,8.41282,36.7791,2,41.5792,4.31202,3
6.0348,1225,3,29.8326,5.33514,36.8118,2,27.2316,1.02313,1
10.1251,1577,1,109.273,-4.40697,36.8807,2,29.9791,1.65232,1
7.36926,1000,1,30.5378,1.62768,36.8992,2,40.266,7.09031,1
9.4299,1219,2,78.6523,7.54279,36.9094,2,68.4031,9.78804,4
13.0084,1977,3,104.824,5.4554,36.9099,2,74.8302,11.7382,4
8.57662,1060,2,60.1822,-3.8479,36.9204,2,66.0662,10.1455,1
2.9801,1075,3,3.72818,0.6949,36.9496,2,26.8399,10.6499,2
4.94284,1793,3,47.9199,6.66089,36.9498,2,23.9179,9.31739,1
10.3398,1231,3,71.229,-4.18159,36.9884,2,74.2414,1.8147,3
6.84209,1763,3,52.5814,-2.52527,36.9892,2,54.3272,1.30546,4
4.25335,1689,3,0.0272446,-4.1773,37.0087,2,58.4513,7.16715,4
11.393,1773,3,90.7431,4.23404,37.0155,2,77.8265,12.1136,3
5.61742,1969,2,21.4997,1.40044,37.0511,2,32.7787,6.77319,4
8.29853,1305,3,35.7573,7.41048,37.0522,2,41.6983,4.97698,1
12.1499,1240,1,116.933,3.10657,37.0547,2,77.6582,5.02665,2
7.80991,1085,2,96.6857,-3.57609,37.0781,2,66.7807,6.88768,3
6.18734,1668,3,51.2984,-2.64508,37.0805,2,38.9051,11.8563,3
5.20467,1737,2,9.21637,0.116991,37.0871,2,66.6942,6.91762,3
8.40693,1038,1,38.2581,-4.96639,37.0952,2,24.4565,12.3982,2
9.60069,1294,2,107.292,9.79382,37.1054,2,78.446,12.1971,3
9.53858,1839,3,11.4433,8.98394,37.1078,2,69.074,11.1894,3
8.74315,1375,3,27.566,-4.37869,37.1225,2,67.454,10.7419,1
8.31874,1396,3,55.9572,6.60468,37.1651,2,34.2777,13.0128,2
9.39198,1773,2,77.8497,8.12018,37.1712,2,39.3056,0.691007,3
6.21321,1458,2,33.0119,-4.095,37.2237,2,38.8906,10.8421,4
9.43798,1621,2,93.5785,-0.627764,37.2565,2,57.4685,6.49154,1
8.36566,1987,3,100.269,-3.32925,37.2915,2,66.2788,3.9404,3
10.7945,1988,3,86.2439,-0.769383,37.3009,2,61.2081,0.556092,3
8.45108,1000,2,72.4235,0.81539,37.3463,2,82.1427,6.47744,4
7.84559,1841,1,54.1553,2.98923,37.3495,2,62.8745,1.54767,2
11.4744,1652,2,113.003,-0.954927,37.3886,2,55.1839,11.5447,1
5.75606,1935,3,30.3103,6.5109,37.4301,2,20.3904,0.903666,1
12.3428,1226,1,103.56,-2.28583,37.4459,2,64.6068,13.3333,2
8.18073,1865,3,35.7679,1.80212,37.4771,2,83.9052,12.031,3
10.5,1603,2,79.4202,-2.01727,37.5043,2,80.9044,11.6145,1
10.2132,1684,1,84.1799,-4.73734,37.5101,2,44.2799,0.687764,4
6.05052,1423,1,72.4564,3.6653,37.5309,2,20.5743,8.61534,2
3.99144,1232,1,14.3696,7.99746,37.6318,2,22.3416,8.50701,1
9.75881,1558,1,38.4681,9.63865,37.6329,2,39.9168,11.0111,4
9.11654,1392,2,111.405,4.80204,37.654,2,72.4726,11.0427,4
8.61702,1775,2,77.7982,8.03363,37.661,2,64.5735,5.94216,1
8.93978,1653,2,71.5252,1.70465,37.759,2,85.1568,4.60573,3
12.1404,1851,3,80.1441,1.73712,37.8537,2,31.5459,5.32508,3
9.81529,1827,2,53.7566,-4.32852,37.8646,2,83.072,13.41,4
10.4001,1273,3,72.07,8.2178,37.9279,2,40.9452,14.2962,1
5.91287,1816,3,16.0435,4.37206,37.9558,2,65.1363,13.8224,4
9.24206,1001,3,93.6758,6.75416,37.9754,2,60.9745,4.59227,3
10.381,1776,1,83.1504,3.80971,37.9795,2,52.4616,10.6088,4
11.116,1069,2,114.204,3.96464,37.992,2,33.2759,10.3819,4
10.0226,1803,2,87.96,3.0612,37.994,2,61.7979,6.35995,4
8.01104,1777,3,55.2426,-4.88027,38.0162,2,74.1201,5.06032,4
8.70621,1027,2,43.105,7.75518,38.0383,2,46.823,4.64835,3
5.14014,1769,3,11.1621,7.42177,38.0439,2,50.3346,7.90423,1
5.71482,1724,2,40.4815,1.37724,38.0453,2,35.4565,1.57243,2
11.6957,1645,2,99.9516,9.40603,38.0702,2,82.6979,13.1049,1
13.3329,1896,2,105.158,-3.4332,38.1265,2,85.7929,5.19542,4
9.9281,1063,2,48.3343,8.77421,38.185,2,78.4811,11.0099,2
8.69938,1744,2,116.695,-3.31534,38.1898,2,29.314,14.7729,3
8.20036,1919,1,87.4777,7.00987,38.2427,2,75.185,7.41864,1
7.14558,1623,3,30.3839,-4.63507,38.2665,2,71.4129,6.17677,1
9.36076,1137,3,86.722,0.735775,38.2784,2,76.4132,13.4495,4
12.1226,1331,1,103.373,0.0789603,38.3086,2,87.1189,11.5963,1
8.22222,1658,2,60.443,5.74622,38.3175,2,50.4361,6.10826,3
10.177,1818,2,89.8407,-0.341325,38.4052,2,23.5089,0.165871,3
12.0388,1824,3,119.947,-3.51149,38.4244,2,86.7489,1.6064,2
6.72356,1394,1,5.64734,-3.07926,38.4272,2,64.6975,13.2973,4
4.79334,1778,1,21.707,-4.3247,38.4673,2,57.6254,2.55404,1
9.46102,1972,1,37.7505,-3.44151,38.4853,2,86.2767,13.0632,4
6.62602,1385,1,32.5691,-1.83673,38.4873,2,60.8869,2.91185,3
9.61122,1827,2,70.3483,8.92963,38.4914,2,48.8678,2.444,4
8.27502,1892,2,61.4871,0.88767,38.5375,2,29.9469,8.47248,4
9.14819,1057,2,68.7129,3.34195,38.5504,2,28.7105,7.21743,4
9.91636,1981,3,92.3678,-0.575664,38.624,2,74.3807,5.05797,3
8.71857,1883,3,68.2747,0.363713,38.6241,2,25.4662,11.0994,4
5.32522,1019,3,9.90866,9.57667,38.6306,2,71.3559,8.7326,3
11.0976,1684,2,86.8137,-3.3121,38.6311,2,69.0966,5.8646,4
7.14046,1223,3,48.0396,6.39772,38.6364,2,61.6486,5.46046,4
7.7014,1631,1,27.2127,4.05804,38.6632,2,35.5963,5.57873,3
11.7904,1178,1,104.743,-3.27719,38.683,2,36.6153,10.1188,3
8.36599,1197,1,8.28091,1.54012,38.7216,2,61.4622,9.06916,4
9.45623,1929,2,74.7545,5.65192,38.8026,2,80.4764,3.61773,3
4.24597,1814,1,6.54785,1.87549,38.8934,2,68.7112,14.4899,4
11.5958,1389,1,73.2436,2.02385,38.9211,2,54.608,5.20429,3
6.05141,1724,3,48.9473,1.96464,38.9499,2,35.0198,10.7654,4
10.8577,1842,3,69.2043,6.74592,38.9827,2,51.5711,2.39246,3
10.3595,1536,1,88.3242,0.887971,39.0892,2,64.3614,14.7167,2
5.88993,1114,1,39.6187,-0.693185,39.0914,2,34.105,13.084,3
6.72761,1637,3,35.7085,5.18563,39.1742,2,50.4735,5.30702,2
6.56482,1141,2,6.43617,-4.79823,39.195,2,78.7099,12.5896,1
7.17975,1783,2,25.2952,1.65645,39.2127,2,79.0548,7.33523,2
5.48084,1439,1,36.2732,-2.58662,39.2159,2,54.8567,11.9963,3
12.994,1536,2,119.468,4.70705,39.2306,2,86.8295,0.393782,3
5.77029,1545,1,8.74781,4.96861,39.2375,2,79.0754,10.5788,3
9.29746,1514,2,29.2338,-4.57305,39.2939,2,70.0941,13.9536,2
10.2534,1650,1,60.376,4.96984,39.298,2,53.7852,2.89017,3
6.96267,1863,3,36.5038,3.81229,39.303,2,46.487,0.668076,3
11.1579,1394,1,91.8179,3.84787,39.3032,2,83.5639,2.56904,1
11.1657,1504,1,105.893,-3.66063,39.3458,2,87.5855,10.0601,1
10.1934,1454,2,19.86,4.57895,39.3478,2,87.6441,3.66251,2
9.40651,1406,1,56.8572,7.45583,39.3651,2,72.6222,4.32211,1
8.53991,1669,1,34.3536,-0.46561,39.3935,2,59.2113,0.0323826,2
7.8739,1823,3,87.0007,7.56156,39.4091,2,54.8904,4.02844,1
10.5412,1404,2,77.3694,-1.16476,39.4107,2,50.5673,5.75638,1
5.61915,1175,1,48.4177,-0.947801,39.4136,2,27.3948,3.69085,4
6.76102,1335,3,2.39675,6.55764,39.4411,2,65.0835,11.4091,2
8.89994,1075,2,68.3076,-3.83661,39.4463,2,78.8789,1.71308,1
7.8306,1583,2,26.9499,9.07678,39.4519,2,73.0811,1.29773,1
9.28343,1277,3,84.8674,5.0148,39.4778,2,58.3451,4.03968,1
10.3073,1144,2,103.759,2.00754,39.4796,2,55.302,10.4658,1
7.13764,1523,3,82.0644,-1.12306,39.4859,2,29.506,2.89381,4
7.80202,1665,3,48.5423,-4.30525,39.4893,2,79.9742,3.57374,1
6.33173,1048,2,6.84323,3.14969,39.505,2,40.4189,1.57865,3
8.39975,1133,1,8.48359,-1.22616,39.5521,2,89.9838,12.753,1
8.88158,1233,2,78.3274,0.655273,39.598,2,22.4301,9.8574,3
8.0163,1686,2,65.5772,8.73283,39.6088,2,62.1738,0.115638,1
7.33868,1493,3,55.2395,8.87225,39.6166,2,76.6247,8.3167,3
9.86172,1555,3,37.8753,4.76446,39.6179,2,69.4455,4.14732,3
6.68084,1945,2,79.0682,8.88972,39.6297,2,25.7925,0.616522,2
6.12122,1856,2,5.62223,6.82091,39.6403,2,47.0521,6.42005,3
3.46281,1709,3,1.45237,2.36159,39.7291,2,56.1177,3.23926,1
6.63821,1427,3,14.1567,-1.58128,39.7455,2,33.7375,10.5198,2
9.02016,1877,1,101.415,6.53598,39.8063,2,82.8857,7.45875,3
9.44233,1697,2,42.0224,8.84155,39.8259,2,59.3781,2.67182,4
5.88409,1686,3,2.76565,-4.55604,39.8971,2,58.6167,10.7224,1
6.65694,1735,3,21.0266,4.18183,39.9621,2,41.954,7.88419,1
7.47089,1435,3,0.895577,1.5297,-4.986,3,89.1549,8.70219,1
9.60767,1470,3,16.966,3.87189,-4.97484,3,89.6066,5.71763,3
12.1211,1675,1,98.4609,1.3144,-4.96827,3,75.9894,6.7162,2
10.6416,1031,1,89.8799,2.71602,-4.96138,3,59.5434,0.918726,2
8.14935,1309,3,52.8798,8.00717,-4.89245,3,52.2332,3.13859,2
8.2297,1723,1,58.1446,0.94794,-4.89138,3,64.5408,11.6347,3
12.5051,1269,3,109.081,-3.8591,-4.85519,3,81.8067,6.41875,3
10.1143,1875,2,82.3309,7.70635,-4.85207,3,43.9614,3.09157,4
7.87252,1501,2,17.6306,3.63899,-4.84212,3,67.5122,11.5433,1
5.94418,1726,3,22.5963,-0.130657,-4.83779,3,82.5762,0.167405,4
12.1237,1920,1,110.794,6.82916,-4.83226,3,68.2325,7.55454,1
7.82912,1847,1,41.4752,5.06492,-4.82839,3,28.188,8.44392,2
10.203,1925,1,73.7023,5.06001,-4.8127,3,83.4754,12.0184,3
8.77051,1425,1,60.6139,0.401337,-4.81108,3,20.864,2.59734,2
10.0192,1098,1,97.7928,-4.91995,-4.79746,3,60.772,4.19433,4
13.7285,1969,2,96.4577,9.29436,-4.7032,3,64.8535,12.1522,1
14.0197,1936,2,118.48,-3.90782,-4.67838,3,63.7773,9.93635,1
8.79843,1242,2,26.4535,0.0137812,-4.64637,3,62.9678,2.43596,4
6.40405,1665,2,21.2276,3.01791,-4.6007,3,44.4752,9.34614,2
6.17264,1392,1,34.8605,5.17566,-4.59847,3,81.0692,1.10222,3
7.34173,1536,3,36.7699,6.18257,-4.55664,3,62.3514,0.171342,2
5.81425,1956,1,28.1968,-4.56772,-4.53283,3,42.9967,13.0856,2
5.82896,1793,1,39.8366,7.05653,-4.51984,3,35.1924,7.06512,2
7.70284,1284,3,14.1062,4.16838,-4.4794,3,27.8019,7.15013,4
9.46189,1315,2,35.926,0.467033,-4.45843,3,54.2376,7.76506,4
10.7812,1942,1,119.348,2.33947,-4.42334,3,49.6712,12.9199,2
7.05333,1012,3,42.0008,1.89436,-4.3113,3,30.5429,4.89101,3
7.27788,1471,2,34.6662,8.14206,-4.29461,3,44.6536,4.09806,2
8.70319,1425,1,93.9418,8.36249,-4.24063,3,46.1018,1.91943,4
10.0872,1934,1,38.7633,9.3792,-4.23161,3,69.0183,5.18285,2
11.9212,1815,2,103.517,4.36221,-4.1982,3,85.2611,7.04353,4
9.31573,1054,2,72.2168,1.10698,-4.13833,3,68.065,7.16756,4
4.72768,1194,3,7.41702,-2.08877,-4.11428,3,51.9883,0.835017,1
9.96464,1830,3,45.8548,2.72222,-4.11158,3,73.2094,8.54426,3
9.85743,1020,1,80.8507,-2.57896,-4.09142,3,84.1048,9.50378,2
11.3075,1475,2,69.8084,-2.24613,-4.04672,3,34.6304,14.1896,4
9.67017,1928,3,87.5214,3.72421,-4.00354,3,27.2423,2.70558,3
10.93,1285,1,81.0795,-0.697405,-3.98835,3,76.4465,1.76204,1
6.52381,1976,2,27.2374,6.51734,-3.96395,3,63.7016,13.6455,2
8.38994,1362,1,93.8911,-2.99835,-3.91417,3,53.676,9.01763,3
10.9359,1022,3,115.836,2.50296,-3.89037,3,83.8539,5.85918,1
5.62707,1330,3,22.8129,-0.224594,-3.88787,3,35.6194,4.72904,2
9.50659,1525,3,107.684,-4.25314,-3.87804,3,40.8583,13.0716,4
11.7394,1448,2,95.4132,9.87956,-3.84661,3,69.4368,3.06381,3
6.5603,1816,3,32.84,-4.37872,-3.81908,3,80.2939,6.01228,3
8.05729,1055,3,35.993,3.93094,-3.81099,3,75.0989,0.557297,3
8.68236,1490,2,75.6112,-3.85748,-3.78104,3,59.6742,1.32417,4
11.9236,1631,3,107.272,9.93513,-3.76862,3,28.6924,13.7675,1
9.90982,1595,1,24.2705,-1.08859,-3.76615,3,51.9296,14.4786,1
9.7471,1621,1,69.3687,8.26027,-3.75465,3,72.0363,11.9116,4
11.4462,1491,1,102.963,-3.63047,-3.58924,3,35.7631,14.9536,3
6.88729,1839,1,0.133451,-1.24898,-3.54459,3,56.0931,13.0764,2
6.75937,1232,3,13.9598,9.79518,-3.50456,3,67.0375,10.6327,4
5.80155,1333,1,19.6025,3.93718,-3.48516,3,71.8179,10.193,3
5.38079,1404,3,0.825355,8.84607,-3.4754,3,73.1475,7.25378,1
7.28969,1064,1,80.2504,-1.94283,-3.47067,3,33.1571,14.6665,1
6.80735,1108,3,4.50344,-2.68258,-3.44833,3,49.8214,10.4493,4
6.42006,1142,3,15.7057,-3.15639,-3.43546,3,69.8606,8.78572,4
9.5569,1974,2,51.4442,6.28318,-3.41891,3,64.5284,7.86479,1
5.07354,1666,3,32.4418,8.04596,-3.41832,3,22.0496,7.33164,2
5.54302,1430,1,8.03893,0.217788,-3.4147,3,70.0725,0.392712,3
7.80222,1560,3,10.9624,0.513535,-3.38192,3,44.1774,11.1397,2
10.2392,1800,2,100.813,-3.53691,-3.38119,3,42.3365,1.01395,2
7.34263,1863,2,21.0858,8.89053,-3.33374,3,25.0942,3.81289,4
6.43709,1062,1,31.8705,7.4838,-3.30441,3,68.0873,9.98376,4
10.1902,1812,3,106.42,5.25618,-3.28958,3,87.922,6.7698,2
14.346,1155,1,115.393,6.64288,-3.27626,3,82.4502,11.8318,4
7.77549,1956,3,17.1377,2.22119,-3.23401,3,59.9613,2.06574,2
8.52117,1105,1,67.8938,-3.21229,-3.20608,3,82.0126,1.75054,1
10.4126,1972,2,94.6849,5.54133,-3.08685,3,40.1242,1.52037,4
9.4264,1164,3,118.722,-1.43708,-3.07633,3,34.6995,3.96698,2
10.3714,1615,2,72.1094,3.3584,-3.04405,3,71.4684,6.02137,2
10.2339,1193,1,61.6915,9.00803,-3.03591,3,67.0353,6.68106,3
6.99086,1179,2,3.08276,-2.23602,-2.99883,3,20.2136,3.54093,3
9.14839,1450,2,110.385,-0.429536,-2.95583,3,78.2518,1.59518,1
11.6052,1221,2,57.9679,5.48618,-2.95258,3,73.2052,4.35109,1
6.94625,1336,2,9.83261,-0.397391,-2.93157,3,78.6873,6.20738,2
12.3137,1979,2,82.4014,1.17972,-2.92387,3,43.5512,9.44969,3
9.74384,1272,1,84.7925,7.42657,-2.92079,3,71.3603,3.81602,1
9.9409,1494,1,87.3157,5.24466,-2.87718,3,57.8694,11.1425,4
8.52875,1503,3,83.66,9.18433,-2.87119,3,47.5154,7.85037,3
5.73513,1226,3,60.2243,7.48661,-2.86891,3,23.7015,8.52376,3
8.06882,1345,1,106.846,8.86248,-2.8243,3,30.8449,0.200471,1
9.91335,1873,1,115.642,8.72475,-2.76616,3,72.7705,10.8047,3
12.7192,1827,1,89.8061,0.0734992,-2.74613,3,89.2721,3.39142,4
6.79951,1620,3,36.612,-2.2819,-2.71847,3,45.4947,7.31636,1
7.46056,1164,3,53.0528,-0.152789,-2.71146,3,50.3182,4.1748,2
11.5092,1896,3,70.0527,5.98275,-2.69699,3,75.9026,14.7203,2
4.51495,1830,1,40.6041,1.69664,-2.67722,3,37.2366,10.1065,1
7.95894,1203,3,6.0609,6.44265,-2.66373,3,85.7478,6.60136,4
11.0992,1848,3,70.2705,0.795481,-2.59853,3,65.5899,12.1139,2
12.4746,1295,2,89.0726,8.70517,-2.54364,3,85.9121,1.56277,1
5.78335,1571,1,20.5303,-3.70382,-2.51815,3,51.7634,4.54169,3
7.48244,1490,1,67.6485,9.82342,-2.487,3,24.4702,5.58225,2
9.62065,1108,2,36.3943,6.81834,-2.44906,3,87.5144,7.31626,3
9.00937,1514,2,67.1062,-1.24308,-2.38293,3,77.2906,11.579,1
12.3353,1981,2,112.894,6.86688,-2.3824,3,59.713,7.57606,3
8.49542,1709,3,23.8373,8.97581,-2.34516,3,62.0441,2.83281,1
8.79842,1037,3,80.8824,2.75028,-2.2997,3,88.5494,6.17267,3
8.57542,1402,3,0.00139617,6.19805,-2.27015,3,87.2125,11.2801,2
4.9143,1569,2,30.1072,5.10221,-2.23628,3,22.7806,11.775,2
5.56196,1113,3,69.9727,-3.09907,-2.21951,3,67.86,0.634075,1
9.83031,1200,2,83.2342,6.84617,-2.21359,3,45.2736,14.9469,3
10.5081,1753,2,105.282,0.344378,-2.21014,3,79.1235,0.0325841,3
7.82253,1492,2,55.7086,4.23421,-2.15788,3,69.895,5.90496,4
7.49714,1880,1,20.0786,6.72018,-2.14652,3,56.2647,2.20106,1
7.81241,1310,3,57.9617,3.25954,-2.12651,3,27.8132,4.70127,1
6.84013,1697,2,39.1505,4.73784,-2.09817,3,51.5311,13.6623,2
8.66311,1968,1,45.5975,9.48508,-2.07062,3,49.4978,14.06,2
9.78915,1110,2,79.655,3.26651,-2.03226,3,61.0582,6.35599,2
6.17076,1083,1,22.3704,6.31051,-2.02668,3,50.8221,7.36906,3
10.8562,1484,2,101.096,-1.20991,-2.02493,3,22.7849,12.3447,1
4.60609,1374,2,21.1694,-2.64761,-1.98987,3,38.1896,9.28986,2
8.91051,1241,1,80.0655,-1.45535,-1.94585,3,23.3896,0.838492,1
6.72131,1160,2,45.0386,-0.156897,-1.89234,3,38.5996,9.83242,2
9.45317,1619,2,93.8269,-1.45548,-1.88112,3,24.9733,6.24191,4
8.87986,1647,2,60.5116,1.21318,-1.86053,3,71.3908,12.8564,4
10.9315,1782,3,81.9014,-3.33137,-1.81774,3,73.6239,9.87052,3
10.8659,1726,3,64.9524,-3.12565,-1.76499,3,76.4018,1.39064,1
9.09482,1286,2,27.2978,3.12261,-1.68578,3,24.7124,13.1269,3
8.14407,1660,3,6.84029,9.2078,-1.68467,3,72.1949,9.46121,1
11.2789,1980,3,95.7017,6.6964,-1.65639,3,46.8608,9.326,2
9.90214,1103,1,51.6171,8.80975,-1.63182,3,89.2504,12.4017,3
7.37512,1935,3,19.3463,8.04634,-1.62254,3,66.0307,3.32926,1
8.8782,1417,3,71.4816,4.43609,-1.59843,3,47.3502,0.239426,4
4.45103,1166,1,29.1816,0.854133,-1.45583,3,49.5527,12.824,4
11.9515,1823,2,115.31,8.38967,-1.41933,3,80.5575,1.66784,1
10.528,1816,3,80.2256,-4.7415,-1.38613,3,45.9585,1.33387,3
6.04141,1140,2,10.7852,-4.63448,-1.3797,3,48.3539,1.90913,3
6.6067,1769,3,48.2712,-0.697909,-1.37636,3,25.8979,14.1526,1
11.3135,1872,2,75.887,2.03346,-1.37333,3,37.8951,3.51886,2
9.47643,1289,2,47.2418,5.87759,-1.36683,3,45.9157,5.03467,4
4.94369,1725,2,16.1492,-1.59889,-1.35436,3,39.9554,2.84492,2
12.8219,1414,2,108.233,8.31313,-1.35287,3,21.5258,0.886792,2
8.78386,1868,3,92.7371,9.15987,-1.35241,3,69.3151,0.835733,2
8.21923,1237,3,68.6741,6.54676,-1.3334,3,20.8047,11.6498,3
11.775,1845,2,110.011,0.988648,-1.32148,3,89.081,12.7562,1
7.77031,1714,2,19.3032,-0.794375,-1.27731,3,85.4351,10.5092,1
9.88692,1836,2,96.7069,3.44713,-1.25877,3,24.4837,3.96288,1
13.5357,1982,1,114.247,-1.18695,-1.24436,3,43.0273,14.9417,4
14.6605,1750,2,104.16,1.25668,-1.23465,3,88.9784,12.4412,3
9.61196,1869,1,33.4372,-1.44396,-1.18893,3,72.5727,10.194,4
9.36386,1112,2,119.191,4.23043,-1.16464,3,35.6999,8.94316,1
4.7501,1042,1,1.01947,-4.57167,-1.15775,3,73.8656,13.3035,3
8.67189,1083,2,57.6672,2.15319,-1.14062,3,20.6863,11.4967,2
5.28008,1612,2,12.4121,3.99496,-1.12795,3,83.0389,2.23625,2
7.03047,1630,3,30.343,-0.961658,-1.06335,3,41.5169,3.46285,1
9.6901,1794,1,78.521,7.17396,-0.961219,3,55.8713,6.28368,3
6.02525,1376,2,57.228,-3.87695,-0.924975,3,22.6619,3.97888,1
5.11318,1907,2,8.28551,-2.37826,-0.915229,3,77.354,1.28145,1
9.16764,1135,3,79.635,5.19936,-0.86173,3,28.9843,8.87621,2
6.4202,1868,1,42.8379,1.78571,-0.818715,3,30.157,5.15366,4
6.36306,1442,2,42.5599,-2.78304,-0.81827,3,30.3446,2.75179,1
10.5009,1644,1,92.6203,8.86013,-0.807443,3,28.7685,6.76017,3
8.83819,1083,3,101.817,-4.40331,-0.73221,3,24.9563,4.97799,4
5.28375,1349,3,20.1844,6.38904,-0.728126,3,22.4462,10.2571,4
7.4435,1782,2,69.5726,1.85234,-0.698716,3,61.7923,0.385989,3
7.66556,1106,3,29.9967,3.9404,-0.68728,3,59.046,4.1357,3
4.63652,1912,3,3.74563,2.31874,-0.676697,3,46.6537,0.499626,1
12.2539,1949,1,106.229,-1.42794,-0.606474,3,51.4772,12.4202,1
4.53061,1428,2,20.263,-0.95538,-0.562189,3,43.4908,5.12732,2
4.57071,1602,1,20.034,-3.91579,-0.443022,3,50.7617,8.23747,1
6.34661,1688,2,30.2778,6.9325,-0.427435,3,32.8276,14.1927,2
7.88344,1396,2,43.8057,3.43476,-0.424013,3,68.5826,1.64894,4
8.05721,1214,1,55.9418,-0.996955,-0.354613,3,66.7206,3.76048,1
6.02828,1710,3,36.4731,-1.29695,-0.352597,3,44.1742,5.81056,4
6.6029,1048,2,32.1945,7.98133,-0.330163,3,73.1388,2.88458,2
9.85135,1799,2,62.208,9.23899,-0.313544,3,44.1934,10.5852,4
12.2054,1797,1,100.424,9.18666,-0.310976,3,47.58,14.1694,4
6.39167,1630,3,22.1098,1.59861,-0.287669,3,38.0659,5.54239,3
9.3329,1000,3,95.5112,5.77696,-0.269432,3,63.5909,0.371,4
8.80781,1496,2,71.2196,-1.09612,-0.258902,3,32.3416,6.00482,4
9.94218,1694,2,73.8663,7.25927,-0.253787,3,76.3825,11.944,1
7.0783,1826,3,27.7297,0.689253,-0.245262,3,73.923,6.88988,4
6.46071,1182,2,24.8181,-3.24099,-0.202953,3,28.252,6.74501,3
9.27981,1115,2,40.7593,5.47394,-0.19108,3,83.8243,6.71171,3
11.1106,1516,1,97.2311,9.80428,-0.168607,3,39.7389,0.624711,2
7.35314,1912,1,28.9493,8.67175,-0.16215,3,67.5144,5.9687,3
9.42375,1283,2,51.305,8.51937,-0.153474,3,40.4715,3.93379,2
11.8198,1334,2,86.9518,-1.54972,-0.152613,3,61.0187,6.22358,4
5.10468,1706,3,5.80353,0.73419,-0.148994,3,49.6935,8.64282,2
7.56216,1961,3,47.6391,3.83598,-0.0552576,3,22.8606,1.15265,4
8.55358,1872,1,45.5239,2.58972,-0.0221644,3,88.3313,5.81073,1
5.17761,1865,1,5.06406,-3.14743,0.00786388,3,67.8264,6.32788,2
9.08765,1817,3,12.2272,6.94963,0.0219598,3,73.7275,12.0658,2
10.33,1743,1,104.047,-4.74866,0.0458373,3,26.3887,2.47694,2
10.4088,1308,3,87.7501,2.73089,0.0655075,3,72.6835,7.86505,4
10.3887,1095,1,80.5389,8.93136,0.0871532,3,76.4385,1.31982,2
6.16402,1348,3,14.3257,3.91927,0.146314,3,87.1907,12.7641,4
6.85302,1419,3,30.8975,-3.66433,0.152797,3,28.0527,6.67204,3
7.8999,1263,2,47.675,-2.12197,0.160592,3,55.5054,5.73609,4
7.81514,1127,2,35.5935,-0.667459,0.163001,3,54.5208,13.1592,4
7.01445,1047,2,13.99,0.343875,0.179275,3,68.5572,14.4795,1
12.0009,1439,1,115.37,4.45111,0.184251,3,31.8651,9.9187,2
8.39727,1449,1,57.2532,9.33747,0.265759,3,35.6135,4.69206,3
7.09057,1418,3,26.3562,-0.321689,0.283722,3,51.9852,2.18503,1
6.34505,1915,1,10.7583,7.59181,0.319214,3,41.2163,0.529541,1
8.49709,1400,3,82.8056,4.93615,0.432503,3,24.1746,13.2731,1
10.8198,1185,1,80.0217,9.10425,0.444882,3,50.3915,0.767979,2
6.00831,1317,2,36.7719,-3.57829,0.462561,3,79.708,4.75306,4
10.1923,1713,3,91.6431,3.95698,0.470718,3,54.6666,7.54804,4
8.21755,1773,2,81.42,2.91652,0.480509,3,25.3955,11.4698,2
8.13804,1019,1,52.2315,-1.14146,0.510661,3,32.407,14.5429,4
7.87272,1934,1,4.11575,3.17152,0.562731,3,85.1609,3.65827,3
6.25015,1885,1,40.2335,5.25638,0.59612,3,58.5559,9.96103,1
10.6302,1322,2,114.408,9.90385,0.609104,3,27.2456,2.23905,4
11.3498,1654,3,62.7943,1.90783,0.613144,3,76.9636,10.1295,1
5.91021,1803,3,12.8941,-4.97219,0.627827,3,31.2904,1.71651,2
10.4056,1288,2,77.575,3.25032,0.645934,3,60.5996,11.8703,4
6.7165,1560,1,46.0823,0.865829,0.654509,3,24.1406,2.60003,2
9.87719,1125,2,106.183,-4.15244,0.65732,3,41.4667,1.91917,2
8.44869,1476,3,48.3647,6.50299,0.660144,3,25.6881,13.9205,3
6.75064,1947,3,22.5267,-4.79175,0.684648,3,55.5284,11.4725,1
5.9154,1517,2,21.5238,4.90282,0.697769,3,58.8446,10.6958,3
9.05308,1801,2,91.0642,4.35295,0.738055,3,39.6434,8.85357,3
10.0747,1012,3,72.2939,0.572701,0.764277,3,86.8369,12.5263,3
7.65376,1770,3,26.2452,-3.24308,0.778661,3,81.3938,14.4664,4
10.6963,1558,3,82.4924,3.85499,0.792722,3,71.3208,9.91974,4
5.90409,1213,1,34.5534,8.91502,0.858716,3,32.3938,2.01695,1
6.59491,1939,3,48.4224,2.16446,0.879461,3,29.8882,9.64368,2
7.09876,1929,1,40.4831,0.0882002,0.884379,3,24.3951,10.2236,1
9.52082,1194,3,112.078,-3.29506,0.916068,3,35.2534,10.3587,1
5.75009,1208,3,12.5593,-1.65368,0.940552,3,30.0909,6.73158,4
9.30166,1768,2,110.208,-4.97614,0.947475,3,27.7237,2.24279,2
6.99278,1232,1,17.8208,2.44806,0.955256,3,50.4043,11.2765,1
6.02248,1861,3,37.9123,1.78572,0.970565,3,33.4872,1.93666,1
4.58373,1011,3,23.3931,9.53411,1.03682,3,33.2083,3.15418,4
7.80458,1561,3,46.4668,3.33254,1.11467,3,44.1801,7.40696,3
5.97079,1958,3,10.4048,3.17254,1.16363,3,44.3651,8.42012,3
9.62021,1556,3,61.4137,5.99607,1.23591,3,70.9539,13.6812,2
8.48306,1923,3,68.1922,-1.85778,1.31981,3,61.1826,8.9214,1
12.3308,1756,1,115.987,3.98385,1.32678,3,47.8072,0.39896,4
6.70295,1716,1,26.4605,2.89822,1.34672,3,84.3468,0.295908,4
6.84474,1515,2,21.8135,-2.42041,1.35469,3,76.8111,4.45408,2
7.22912,1482,3,5.38327,8.59274,1.37278,3,73.982,7.4054,2
8.40129,1839,3,52.4578,8.19466,1.38467,3,76.3386,3.40697,1
7.0457,1610,3,22.9275,-1.54106,1.40851,3,65.1605,6.46277,3
7.38142,1952,1,57.282,5.03626,1.43416,3,65.6202,14.6008,4
10.3376,1628,3,73.5739,3.57935,1.44683,3,24.4768,1.72863,2
8.89757,1496,2,82.1322,-3.82512,1.45823,3,34.1018,14.8431,4
7.94175,1675,3,15.4885,9.23212,1.48543,3,71.2909,7.0592,3
10.7786,1524,2,91.6219,0.189598,1.51004,3,81.7053,10.755,2
10.6211,1372,2,101.687,7.50856,1.52058,3,71.1587,11.7896,3
11.0464,1313,3,76.3327,-0.0207655,1.52272,3,72.6497,11.8492,4
11.1345,1692,2,111.872,9.56707,1.56338,3,65.9899,8.36456,1
5.4209,1731,1,51.4149,9.18583,1.58911,3,36.8399,10.1878,1
7.49229,1215,2,25.7635,4.45073,1.60096,3,25.4652,0.48297,4
4.31906,1071,1,27.1235,1.01922,1.62987,3,31.0059,10.4013,4
4.53386,1444,2,30.043,-2.79097,1.6376,3,63.2277,4.64067,3
9.37016,1835,3,107.107,-1.88281,1.68765,3,63.2695,0.753051,4
9.24396,1345,1,87.4727,-4.5479,1.71519,3,62.4926,10.0516,4
11.7429,1024,1,95.5492,7.78239,1.72084,3,58.0018,5.28664,4
12.3525,1520,3,92.419,8.19747,1.7313,3,83.6896,1.39691,1
10.2205,1814,2,95.4653,8.51679,1.74158,3,43.8352,6.2544,3
9.45613,1918,1,95.8387,2.81584,1.87155,3,89.1565,14.5539,1
7.13056,1462,2,10.1056,5.24038,1.87208,3,45.2993,0.402999,1
10.4045,1990,2,62.0558,4.30138,1.87724,3,20.7023,12.0762,3
6.65185,1335,1,13.6759,-1.51707,1.91414,3,37.7104,13.5919,4
9.13007,1816,1,99.5475,-2.71307,1.98582,3,85.3228,10.3464,2
9.38686,1751,1,97.3054,8.32757,1.99757,3,23.6533,7.85919,3
6.26856,1675,3,17.3088,3.04043,2.02872,3,44.0844,1.01623,4
4.89776,1350,1,13.008,4.99875,2.048,3,53.9649,1.4051,2
4.4963,1961,2,32.3691,5.46574,2.09755,3,27.9267,14.9536,1
9.52996,1140,1,43.7787,2.51675,2.15393,3,69.9228,1.72739,2
10.9952,1803,1,63.4449,1.56845,2.24029,3,84.9412,8.50146,1
6.73154,1027,2,31.145,6.77473,2.2423,3,61.322,14.1069,2
6.62307,1455,3,1.08462,7.45965,2.25319,3,73.059,7.08047,1
10.2536,1081,2,52.7827,7.88513,2.26319,3,74.0488,10.0368,2
5.08041,1989,2,19.9506,1.95289,2.27185,3,44.0785,7.37049,1
10.3462,1449,2,60.9477,2.85173,2.27304,3,69.2283,0.556303,4
8.63491,1825,2,15.2162,0.613135,2.3121,3,83.4585,13.9199,3
8.71293,1966,2,22.3968,4.38838,2.34215,3,77.3024,7.24643,4
5.90975,1780,1,31.0269,9.57589,2.3829,3,53.6101,7.87506,1
10.4087,1253,2,119.036,9.25312,2.39025,3,45.6935,1.1246,4
9.17684,1302,2,47.3375,6.32704,2.43534,3,27.5646,10.6781,4
7.20466,1786,3,63.3213,2.75321,2.45832,3,55.1621,12.7329,4
9.95995,1411,2,64.0843,4.12452,2.55872,3,69.6102,11.3176,3
8.11913,1849,1,50.9246,7.69102,2.56079,3,45.6844,4.0173,4
5.21051,1160,2,3.34093,-4.18615,2.59667,3,87.7573,5.64983,2
8.64341,1628,3,32.9599,1.02462,2.61228,3,51.3177,7.98079,4
9.48455,1459,1,108.032,-4.20874,2.74529,3,44.985,3.30485,3
6.91274,1029,3,20.9398,-2.03511,2.80839,3,51.3102,13.3812,4
4.40851,1902,1,27.3041,0.5064,2.92375,3,26.8911,1.39335,3
9.86842,1703,1,112.953,1.98858,2.94361,3,88.8022,4.67594,4
10.4077,1819,1,116.48,-3.45859,2.95559,3,80.94,9.89595,1
10.7714,1519,2,108.109,2.08678,2.96908,3,35.7454,13.2296,1
9.23971,1404,3,48.2433,-2.47162,2.97178,3,84.494,14.3972,3
6.68959,1440,2,58.0825,-3.18577,3.02806,3,85.619,4.56075,4
9.8462,1499,2,94.7149,-3.6722,3.02884,3,56.8582,5.54375,4
12.6697,1657,3,110.194,-3.72273,3.04534,3,32.8062,8.76493,3
10.6701,1906,2,60.8305,-2.86309,3.04741,3,81.7149,10.2281,4
6.75046,1961,1,53.5592,5.97917,3.08917,3,47.7785,14.2033,2
9.36519,1996,3,98.7189,1.54922,3.12114,3,57.1374,3.73121,4
9.70476,1768,2,69.9756,8.02756,3.13816,3,62.6511,11.9251,2
9.63136,1977,2,86.5266,8.2189,3.17304,3,58.1748,2.81283,3
6.22909,1261,3,16.8599,0.808529,3.18303,3,73.6036,11.2909,4
7.67171,1684,1,42.1171,-2.42106,3.18614,3,77.5725,7.82501,2
8.40858,1448,1,42.7686,-1.38456,3.19841,3,83.9291,1.81138,2
5.63226,1994,1,28.688,2.53872,3.20872,3,63.7462,10.3963,2
8.02304,1933,3,62.2274,3.58768,3.23046,3,76.866,2.79982,2
11.6921,1775,1,109.835,-2.49968,3.23814,3,24.3712,0.0937549,1
11.9316,1468,1,91.9565,-2.5335,3.25642,3,75.0162,6.20503,1
7.6742,1028,2,76.7042,-0.247717,3.28557,3,45.8347,3.59275,2
7.31635,1307,3,45.5702,1.74558,3.296,3,41.2208,9.35339,4
7.07574,1799,3,3.37458,6.28618,3.34492,3,52.6295,4.87638,4
13.4302,1660,2,117.105,4.40898,3.38098,3,79.2648,10.661,2
7.82571,1373,3,76.4883,9.95946,3.38345,3,20.9992,11.1773,2
11.0022,1647,3,118.272,-2.73156,3.45343,3,32.8541,10.0952,2
10.6151,1488,2,71.5371,8.96454,3.47782,3,55.4037,12.8827,1
11.0023,1398,3,99.4451,6.51893,3.48032,3,80.7838,2.1226,1
6.32232,1275,1,33.819,8.97776,3.49239,3,79.0649,1.64273,1
6.45294,1352,2,9.34278,-3.93609,3.52262,3,73.9413,9.93293,4
8.4229,1853,1,55.0729,8.90789,3.54482,3,73.462,7.11361,4
11.5049,1507,2,111.808,8.03125,3.59076,3,53.8437,2.82303,4
6.72248,1377,3,61.1671,8.79892,3.6195,3,20.91,1.09477,1
5.63776,1585,2,42.7149,1.71849,3.62375,3,46.3464,1.67486,1
3.91689,1189,3,18.1517,-3.54383,3.66513,3,24.8228,8.23338,3
7.95194,1065,2,47.8175,0.621629,3.66646,3,37.6949,4.57795,2
8.9263,1628,3,81.488,9.67661,3.67394,3,79.7802,1.56103,4
6.47979,1112,1,69.4032,5.57714,3.6764,3,38.5141,8.85882,2
9.34835,1859,1,84.1039,-1.15155,3.69041,3,25.4282,7.48442,3
8.83217,1347,1,75.2795,0.616204,3.70202,3,88.8895,1.37804,3
9.95503,1410,2,98.2057,1.77735,3.72689,3,33.8341,5.64565,3
6.00698,1617,2,14.0477,-3.82089,3.77137,3,38.4725,5.98356,2
4.96728,1585,1,49.2718,-1.92834,3.81905,3,26.8779,2.53805,2
8.85604,1730,2,34.3469,7.50457,3.8648,3,87.9808,13.7555,2
5.58026,1660,1,10.2068,-0.639883,3.90237,3,27.5311,3.17496,1
9.20636,1341,3,80.4521,5.25464,3.95647,3,62.7008,11.4919,1
8.05153,1091,2,57.622,4.64295,3.98361,3,52.215,1.94147,4
5.5919,1369,3,45.1165,-1.15804,3.98546,3,59.4185,11.9722,1
11.099,1171,2,118.388,8.34949,4.05672,3,25.7179,9.98418,1
8.46987,1776,1,84.3049,9.41461,4.07256,3,65.7975,14.0344,3
5.28127,1264,3,19.3181,-0.156636,4.10694,3,59.585,13.3057,3
8.68532,1607,3,75.7703,0.274841,4.11951,3,40.8243,4.37446,1
11.9161,1121,3,91.1151,2.70793,4.19907,3,37.103,11.377,4
12.11,1606,3,110.712,7.86481,4.22553,3,52.41,3.72069,2
5.3683,1817,3,6.42919,-2.57257,4.25321,3,25.7532,0.92654,3
7.85129,1664,2,64.0265,-2.96302,4.30423,3,40.943,3.1183,3
5.54668,1380,1,3.64246,7.21889,4.30491,3,54.8995,13.3466,2
4.12356,1500,2,8.24564,-0.61401,4.31925,3,57.6822,13.1618,3
10.4719,1414,3,116.806,-0.118994,4.36323,3,39.9306,11.5882,3
6.68621,1189,2,19.6876,-3.20771,4.37414,3,21.1282,7.52193,1
6.15208,1649,2,34.698,3.21339,4.48071,3,54.7952,2.18324,3
9.99626,1358,2,60.6836,-1.27862,4.50375,3,52.2543,1.51011,1
10.1561,1798,2,76.0454,5.7895,4.50771,3,66.3835,10.1689,2
8.22207,1040,2,45.9797,1.67835,4.53607,3,75.6303,7.89269,2
9.64649,1839,2,77.3708,9.50236,4.61752,3,54.7103,11.8658,4
8.9795,1988,3,48.2252,9.77871,4.67302,3,88.4677,2.25055,2
9.22975,1349,2,69.8574,-2.02853,4.68367,3,79.881,7.10475,3
4.70121,1083,3,6.74692,2.63266,4.75048,3,34.8674,0.0996734,3
8.53358,1502,2,8.41298,4.20784,4.80752,3,84.9508,7.23768,3
7.38797,1823,3,73.8084,-1.25508,4.82938,3,68.996,6.18466,3
11.7857,1648,3,111.143,6.00847,4.86951,3,57.3002,2.78343,1
10.2068,1394,2,103.421,-3.79584,4.89114,3,21.6805,5.58582,2
6.2889,1634,3,4.67494,4.38622,4.89878,3,73.9998,3.21847,4
11.5769,1516,1,103.867,8.10735,4.91692,3,82.4264,14.099,2
7.58092,1866,3,69.4568,5.98846,4.9198,3,22.6395,10.0253,1
8.43427,1484,2,38.4744,3.78583,4.95663,3,75.846,9.55446,4
12.5173,1410,2,101.934,-4.66771,4.95987,3,56.3344,7.73311,4
6.42315,1801,2,61.3313,5.63469,4.97245,3,84.0975,2.32466,4
8.17627,1674,1,106.391,-4.05457,5.04045,3,47.2744,7.9163,1
6.79555,1150,3,44.5129,-3.42935,5.04265,3,47.6518,13.3604,2
9.66559,1160,2,101.995,-1.31071,5.11444,3,43.3616,10.4781,1
8.78738,1729,1,91.0532,-2.99453,5.11831,3,26.8947,12.3026,4
6.31076,1574,1,27.5993,8.29544,5.14724,3,78.19,0.462697,4
11.7064,1318,3,116.963,-0.399826,5.1732,3,89.3885,8.23905,4
11.2008,1118,2,64.5627,2.12514,5.17352,3,51.3328,14.8235,4
11.4199,1169,3,94.0486,0.242988,5.17707,3,49.8968,14.5871,2
5.7676,1524,2,11.1151,8.06424,5.23293,3,70.3991,2.89921,3
10.7016,1103,1,80.5525,9.97711,5.24121,3,74.6246,10.9324,3
7.98967,1616,2,38.5395,-3.94917,5.25021,3,71.6726,5.00003,4
8.98437,1878,1,51.932,8.97042,5.26649,3,71.5867,7.48784,3
6.66783,1427,2,35.3781,-1.73965,5.26955,3,24.9465,13.4101,2
8.90673,1498,2,62.1553,-1.16275,5.27108,3,67.9955,0.160292,1
9.1145,1645,3,118.611,-2.3225,5.31126,3,36.3951,5.77618,3
9.18592,1286,2,82.5323,-3.92155,5.34571,3,80.2595,7.46921,3
11.6348,1967,1,96.9398,0.690559,5.35567,3,63.2112,7.26938,1
11.4961,1344,3,92.3331,1.87363,5.36061,3,34.9796,3.65544,3
6.57995,1709,3,34.145,3.96832,5.41502,3,23.0722,13.2056,2
6.89929,1347,3,45.94,6.33429,5.4805,3,47.0686,3.40684,1
10.8523,1776,1,111.176,2.08267,5.51904,3,29.3175,4.79073,2
9.13823,1142,2,49.9393,6.50615,5.53542,3,74.6284,14.1701,3
5.2936,1726,3,9.61269,9.06122,5.58521,3,46.6677,3.46145,3
6.53474,1657,3,31.2058,-1.42064,5.5861,3,51.0734,4.32303,1
10.5136,1799,3,75.2163,8.18129,5.61264,3,21.3626,3.73203,4
6.74556,1727,1,56.002,-1.30974,5.63964,3,52.6421,11.9388,3
12.8628,1179,2,115.722,7.33956,5.65615,3,29.3174,5.50988,4
6.65179,1850,1,15.0772,-4.14509,5.65899,3,63.8184,13.6792,2
8.19924,1099,3,74.9741,-1.15882,5.6773,3,67.1635,3.1199,2
10.1833,1632,3,88.4918,0.112519,5.68744,3,76.7805,0.859114,4
7.06516,1773,1,16.6077,0.555031,5.7591,3,62.4855,14.3745,1
9.70403,1982,1,79.9689,9.84601,5.77585,3,26.47,13.9753,3
7.52276,1735,3,29.2131,3.81455,5.78262,3,39.1716,8.44768,1
9.63577,1430,3,65.8647,9.64381,5.78487,3,86.8277,10.8199,4
7.05695,1106,1,52.0613,4.00538,5.78678,3,39.3349,4.81282,3
9.84147,1442,1,72.9315,3.96887,5.85521,3,54.8406,14.557,4
10.7119,1579,1,74.5597,-2.70037,5.89723,3,88.8428,9.85184,1
8.38043,1225,3,66.9455,8.03905,5.93663,3,76.9108,1.25791,3
13.1605,1396,3,110.305,7.74218,5.99515,3,66.3202,11.8226,4
5.52071,1593,2,26.4781,-0.412622,5.99888,3,23.1912,12.6242,4
8.92956,1724,1,46.9101,3.70879,6.07521,3,40.3038,6.42873,1
9.56957,1943,2,102.542,8.12051,6.08605,3,37.3362,9.22709,3
8.03244,1391,3,39.0253,-4.14909,6.09105,3,53.6633,0.17704,2
12.0196,1982,2,104.63,4.46071,6.14185,3,63.8824,12.5614,4
5.85971,1155,1,34.4216,4.64595,6.14419,3,78.3063,7.82155,1
9.75649,1911,3,54.2658,3.72464,6.20698,3,51.5485,3.79014,4
8.07602,1385,3,24.3159,7.26682,6.22729,3,57.9927,11.9314,1
6.39918,1660,1,51.5608,3.39227,6.24925,3,41.8033,4.91911,2
4.57747,1284,2,6.82577,8.82203,6.27636,3,45.85,0.341526,4
8.23438,1264,1,0.438757,-3.99242,6.29832,3,82.6805,14.5876,1
10.9532,1123,2,92.5347,8.21344,6.30934,3,87.0527,0.73496,4
8.42441,1992,3,70.1339,-4.53511,6.31524,3,76.8203,7.6397,3
8.60385,1989,1,81.3268,8.31308,6.3298,3,71.3623,9.92965,1
9.76964,1274,1,74.4002,-0.561199,6.34628,3,47.6146,2.82775,2
8.29244,1277,1,68.8639,0.36611,6.41696,3,82.3484,9.88167,1
10.1444,1217,2,114.957,-0.304366,6.43793,3,89.1378,1.16469,4
9.24982,1416,3,101.384,8.7654,6.45632,3,63.6438,13.7247,1
6.64294,1800,2,10.2484,0.364941,6.46947,3,58.1764,13.1996,2
6.11769,1514,1,10.3363,1.39169,6.52677,3,80.2806,11.5046,4
9.68248,1805,1,101.626,2.93321,6.52833,3,45.8794,8.21192,1
10.3426,1786,3,96.6516,-0.118383,6.53893,3,50.2242,1.92575,1
9.93231,1503,3,107.37,-0.764864,6.54417,3,38.6312,13.3039,2
9.034,1973,1,97.3952,2.37184,6.60883,3,27.6039,11.0597,1
8.57775,1311,1,25.0917,3.83962,6.63733,3,51.9818,0.491731,1
8.52478,1686,3,0.725645,-2.73264,6.6631,3,85.916,2.74804,2
6.11553,1685,2,7.43358,9.35028,6.67431,3,72.1738,2.64198,3
5.71616,1752,2,50.6631,1.35562,6.68665,3,23.0784,13.8779,3
6.01877,1669,3,31.4006,0.785123,6.72465,3,26.3225,8.48085,3
5.83362,1133,1,35.5118,4.11841,6.80111,3,79.0009,12.5628,2
10.6851,1831,3,84.8735,8.60945,6.83522,3,50.4269,8.53864,1
8.17626,1575,3,56.1265,6.83626,6.88853,3,48.2619,6.38179,1
10.5647,1659,1,77.8367,0.809638,6.91068,3,89.3323,9.63931,4
11.3033,1489,2,116.079,0.953866,6.92489,3,44.948,1.4674,1
11.5771,1970,3,88.7497,7.16067,6.92761,3,60.2399,5.95797,2
7.22229,1496,1,27.867,0.48198,6.95619,3,89.1871,4.86228,4
11.0605,1089,3,92.2497,5.50068,6.98013,3,62.5393,4.01006,1
9.09757,1822,1,48.8839,-1.08315,7.02409,3,44.2217,4.14137,3
10.7548,1780,2,85.9182,1.43843,7.05479,3,52.4022,7.29547,3
4.94805,1171,1,1.9911,-4.30053,7.06216,3,76.787,8.86013,1
10.4074,1169,2,103.924,-4.83264,7.10141,3,72.5884,12.4656,1
11.0613,1898,1,91.0772,6.81621,7.11946,3,54.8064,8.28308,1
9.43583,1120,1,63.7746,3.97585,7.13926,3,69.3278,14.2496,2
11.457,1792,3,71.5277,-3.16913,7.15128,3,74.9104,7.39181,4
9.57138,1238,2,58.7271,8.74179,7.15314,3,29.6275,14.7945,1
6.22086,1057,3,19.1391,0.400788,7.17613,3,65.3853,13.755,1
10.2266,1546,3,118.604,0.519587,7.19381,3,34.9121,0.296058,3
6.00974,1186,2,78.5581,-2.37893,7.20037,3,51.9757,6.64823,2
9.95522,1685,2,73.2009,-3.62224,7.21309,3,80.7303,3.28983,4
8.41841,1496,2,62.2192,0.524369,7.32563,3,57.7757,4.80078,2
11.2649,1265,2,92.9608,-0.605057,7.32629,3,81.7357,14.4437,4
11.1245,1911,2,118.995,1.18216,7.33684,3,68.8656,2.26126,3
9.25489,1358,3,113.285,-2.48532,7.35999,3,75.3432,1.86957,2
9.11932,1986,2,67.7943,8.4124,7.40483,3,39.8836,4.63094,4
10.3741,1792,2,60.7254,2.4123,7.40484,3,87.8082,10.2069,1
9.7135,1340,3,95.2817,9.55098,7.43487,3,48.6816,9.0783,1
6.14201,1154,2,37.0701,1.40086,7.46314,3,30.4931,12.317,4
6.42858,1409,2,41.1931,9.98124,7.48404,3,61.0665,12.3938,3
8.40235,1460,2,15.1202,6.63509,7.49115,3,47.8968,8.15745,1
7.5165,1620,1,21.1068,-1.6,7.53843,3,87.3327,8.27377,2
6.23837,1287,1,6.71116,-1.34215,7.55135,3,67.4515,9.03239,3
7.48325,1825,2,44.704,-1.32199,7.55468,3,49.1388,4.18135,1
6.38473,1221,3,20.4976,0.838332,7.58254,3,80.1151,1.43594,2
7.54975,1616,3,27.9274,0.212064,7.58386,3,42.3819,14.3718,4
13.0391,1880,2,101.36,2.37718,7.58743,3,88.5774,9.69653,2
9.27984,1310,2,75.4481,-3.67821,7.6571,3,71.5586,9.86581,4
10.7266,1975,2,89.8756,3.38723,7.66262,3,46.8288,12.8852,3
6.37949,1401,3,34.3823,3.30253,7.67299,3,22.0958,9.73882,4
6.56959,1446,2,33.726,8.91686,7.71498,3,85.4397,4.02736,1
9.13762,1427,1,51.9275,-1.40235,7.81791,3,69.1218,4.11942,1
10.0455,1062,2,43.3685,2.18287,7.82173,3,75.4464,9.51921,3
7.42033,1808,1,11.9496,-4.1344,7.84665,3,75.8567,9.85097,3
8.91935,1955,3,103.991,-2.5101,7.87522,3,77.2045,5.46816,2
6.74454,1487,3,0.0784069,1.4973,7.96079,3,65.1359,14.7738,3
13.6631,1123,1,118.877,2.81541,7.9693,3,80.9059,11.7622,2
7.74162,1052,3,69.6107,1.60488,7.97696,3,48.0542,4.2154,3
8.6432,1355,3,15.2333,9.46519,8.02155,3,81.2362,13.025,3
5.97637,1553,3,10.7368,7.84785,8.04761,3,37.3598,7.67115,2
9.97855,1172,3,53.7703,5.08041,8.05512,3,85.3672,11.9523,4
7.33994,1436,3,65.6454,-2.9601,8.09143,3,87.2061,4.2004,2
10.549,1278,2,109.224,-2.80648,8.12377,3,26.4426,14.0839,4
10.7272,1866,3,95.1195,9.30884,8.12621,3,75.2722,13.7713,4
8.62303,1319,1,38.4071,6.09427,8.14094,3,46.1352,11.4188,2
6.76528,1290,1,6.15526,-1.75083,8.1451,3,63.5726,0.584617,2
11.7072,1768,1,112.168,9.64688,8.20895,3,66.9063,9.12091,1
6.71786,1258,2,7.59041,4.04089,8.21431,3,82.8292,8.24145,2
6.98028,1166,3,85.4664,-2.77408,8.21521,3,38.0213,1.7391,4
10.695,1739,3,104.344,1.51596,8.22534,3,74.7814,10.7396,3
8.48287,1207,3,58.2761,1.6341,8.23649,3,37.9715,13.1517,3
13.6363,1281,3,112.618,0.81859,8.26916,3,57.0255,12.1591,1
8.43266,1778,1,74.7807,-1.34803,8.27773,3,47.9773,13.1196,3
9.8609,1813,1,35.3642,6.04323,8.30002,3,85.3908,7.8782,3
8.99054,1619,1,107.442,0.787753,8.32543,3,24.9563,14.6064,2
13.4716,1301,1,116.971,3.72087,8.35017,3,37.602,13.675,3
9.55346,1476,1,47.8842,7.43526,8.37809,3,79.6583,12.425,4
5.43841,1628,1,9.21097,-2.9329,8.3954,3,72.7682,12.3973,2
3.4954,1241,3,1.44036,0.484567,8.4225,3,30.5947,5.77176,1
6.36934,1721,3,0.0289206,-3.25865,8.44136,3,78.0142,13.515,1
10.0002,1797,2,90.2962,-0.632188,8.45238,3,75.8262,7.90308,2
9.8685,1763,1,70.8765,9.13036,8.46524,3,54.8815,6.04896,3
6.32676,1304,2,43.1611,0.365232,8.473,3,27.412,12.6629,4
6.74596,1639,2,52.5338,-4.50899,8.50223,3,40.7148,6.18553,2
7.13685,1890,1,24.5091,-2.26098,8.58528,3,66.5101,6.3926,2
6.0673,1460,2,0.940991,2.53488,8.62367,3,50.7804,14.3681,3
10.2493,1957,3,36.5713,-1.3833,8.65403,3,82.5351,3.71206,4
6.30335,1891,3,17.6764,-1.23396,8.68525,3,85.2254,13.5972,1
9.93433,1763,1,96.4432,3.82549,8.72204,3,60.8477,4.77888,2
10.7786,1297,1,118.183,-0.125648,8.76885,3,51.0848,12.6244,2
9.22902,1880,2,83.7685,8.38744,8.87651,3,51.4907,3.11017,2
10.4142,1489,3,105.959,0.0630692,8.90755,3,21.9808,14.5105,2
7.2647,1627,2,17.593,2.34885,8.98886,3,81.9252,0.0893493,3
9.34403,1129,2,75.6022,-2.66944,9.03454,3,75.8035,8.66839,2
6.14246,1343,3,29.6358,9.15766,9.03513,3,86.9566,14.7457,4
8.60911,1766,3,80.8956,0.731551,9.05941,3,67.1728,6.40317,1
11.3601,1311,2,81.0547,4.46484,9.06495,3,86.3393,2.41796,2
9.05399,1371,1,67.5797,2.05586,9.06625,3,78.9687,5.30983,3
8.71966,1083,3,65.3214,6.1905,9.1301,3,56.3437,9.90375,1
4.86594,1754,3,17.1343,-3.44977,9.14934,3,34.3859,2.04641,3
6.04565,1435,2,11.3958,1.59674,9.17331,3,59.6832,5.85595,1
8.83021,1119,2,61.1982,-3.81782,9.21004,3,77.8502,9.74689,2
9.44793,1952,2,85.5146,2.28288,9.24314,3,64.6162,9.40873,1
12.7345,1732,3,109.059,7.15024,9.29529,3,61.329,13.6437,3
7.44235,1195,1,43.5002,-4.46514,9.349,3,29.0742,7.68802,2
10.7983,1876,2,103.464,6.20412,9.46076,3,20.8562,11.4263,4
10.5853,1622,1,108.709,-1.40476,9.46659,3,38.1069,9.20084,3
9.15871,1193,1,53.6087,9.78546,9.54216,3,82.3776,10.7825,3
9.50344,1015,2,107.639,-0.614978,9.57122,3,46.3873,2.67278,3
7.98531,1182,2,42.8125,5.74181,9.59847,3,31.2745,6.85734,2
10.3415,1788,3,93.4219,5.74787,9.60286,3,27.7647,3.96743,2
7.97728,1574,1,53.7208,-3.02497,9.613,3,31.8681,11.7825,3
9.02019,1403,3,33.068,1.92192,9.62909,3,51.5017,7.2636,2
8.17624,1144,1,44.6452,3.9661,9.63834,3,52.1415,5.70073,4
6.18383,1572,3,6.56792,1.72601,9.68089,3,45.0492,6.57166,2
9.26375,1201,3,66.0685,7.78697,9.70796,3,55.9827,11.0228,4
8.53513,1131,2,91.2193,6.52598,9.72745,3,45.3693,3.65763,1
6.4893,1682,3,22.8458,1.05747,9.81908,3,56.6758,9.13236,1
7.9197,1701,2,27.211,5.4242,9.8311,3,44.1955,6.71885,1
7.34585,1862,1,68.5053,0.318275,9.86865,3,57.4359,14.8542,2
7.47347,1671,1,69.9829,3.65971,9.87258,3,50.7544,14.8778,2
7.87198,1437,2,36.8132,2.26165,9.88564,3,82.8588,10.5864,4
7.8312,1270,3,6.97103,5.31155,9.88567,3,77.5492,10.8546,2
7.82213,1105,3,5.91708,-2.77244,9.90264,3,61.9892,14.1572,1
8.13925,1647,1,83.0825,-1.95936,9.922,3,31.5855,1.76535,1
6.76492,1655,3,19.2438,9.53561,9.93475,3,53.4287,10.7404,2
9.65399,1107,3,119.721,-2.24934,9.97035,3,22.6913,0.606537,3
8.14832,1941,2,87.4338,-3.95899,9.97224,3,30.6677,12.8632,1
7.58341,1629,2,41.1632,4.07554,9.97652,3,74.7548,7.66689,3
12.7385,1494,3,117.295,7.56999,10.0315,3,83.601,10.1097,4
4.80376,1905,1,47.1777,-4.33068,10.0328,3,34.6004,8.24941,3
10.6745,1905,3,104.496,-4.27777,10.0385,3,69.2994,13.1318,1
8.76758,1046,2,87.8881,7.74205,10.0447,3,28.1489,8.86601,3
9.86438,1877,2,71.551,8.93387,10.0705,3,78.3286,1.83496,4
7.46302,1195,3,54.5215,-2.61342,10.1233,3,87.5351,12.1378,3
12.0024,1404,2,102.184,-4.40739,10.1669,3,77.0349,0.323233,1
7.74997,1981,2,36.5169,-4.95378,10.1786,3,37.088,14.7308,1
9.73583,1302,3,56.5952,9.1722,10.2367,3,64.087,13.1299,3
6.88597,1424,2,8.21405,9.95763,10.2898,3,79.7431,7.77884,3
7.41965,1500,3,53.164,5.62222,10.3116,3,28.8913,11.468,3
5.65937,1059,1,50.125,-2.31339,10.3222,3,29.742,6.13691,4
9.84439,1549,1,112.624,-2.78933,10.342,3,35.4586,0.71407,2
9.48062,1396,1,74.4282,8.52564,10.3504,3,25.2197,5.59557,2
11.5353,1507,3,116.367,3.4426,10.3508,3,44.5987,8.9408,2
9.09348,1907,1,37.1768,4.12965,10.4102,3,60.4643,6.19715,2
7.79155,1136,3,46.6472,-1.51241,10.457,3,83.4105,4.83692,3
5.68306,1714,1,4.12522,-0.590351,10.4867,3,20.5554,5.34574,4
8.27879,1722,1,39.1404,-3.10021,10.4872,3,64.896,5.70669,2
8.94721,1417,2,37.8287,-0.724439,10.4926,3,47.5642,10.7889,2
9.65792,1535,2,93.3491,9.39438,10.5023,3,31.1242,14.1788,4
12.6535,1828,3,111.601,-4.06586,10.5431,3,39.9838,8.32865,1
9.02316,1806,1,45.4444,3.65391,10.55,3,72.4975,13.6427,1
8.39201,1183,3,93.0293,3.22069,10.5589,3,36.9169,7.13284,2
11.0613,1505,3,108.948,-0.0402004,10.5672,3,49.2062,2.33727,2
9.38131,1020,3,50.1581,-3.31508,10.5757,3,25.0716,11.2654,3
7.82499,1709,1,47.5265,-1.06171,10.5793,3,70.8806,12.4385,2
6.01469,1126,3,25.2634,-4.11454,10.6005,3,43.4273,4.93175,3
10.2438,1796,3,113.743,9.16297,10.6602,3,59.6007,10.8299,2
9.46352,1213,2,96.8528,-0.408777,10.6965,3,74.1336,8.42765,4
12.0147,1458,2,110.957,-0.375931,10.7135,3,33.7505,3.69477,1
11.2247,1386,2,80.1313,9.42354,10.7212,3,57.6393,6.59513,1
10.0566,1688,3,93.8352,-2.32093,10.7365,3,61.7537,7.83699,4
8.66284,1085,1,60.2846,2.31583,10.7891,3,77.9126,10.8008,3
4.70757,1596,1,21.3998,-1.85098,10.8072,3,41.0898,3.53652,2
9.013,1656,1,99.5573,-3.32951,10.8199,3,57.4381,3.83527,2
10.0437,1007,1,81.2761,-0.259553,10.836,3,32.6536,5.91801,4
10.3286,1293,3,65.2544,4.34143,10.8824,3,57.3193,9.50019,2
5.26119,1550,2,21.9508,4.66291,10.8935,3,34.357,13.332,1
9.3735,1423,3,47.9663,4.0494,10.9225,3,63.6641,4.03594,3
9.36594,1603,2,18.1735,8.1679,11.0572,3,76.6469,9.16757,4
10.0271,1629,1,102.789,2.60858,11.0635,3,51.6418,3.96922,1
8.52623,1113,1,60.7118,4.74391,11.0913,3,56.7782,14.5808,2
9.58149,1095,1,60.0724,-4.90398,11.1128,3,51.7352,5.21571,2
6.03612,1344,3,13.5004,3.91723,11.1157,3,32.3576,6.78068,2
8.45148,1304,3,78.5889,-0.00557187,11.119,3,65.6194,14.2895,2
9.16286,1094,1,69.9903,-3.00197,11.1288,3,73.4756,6.73401,2
9.09499,1034,1,51.2535,-0.191266,11.1471,3,73.4888,8.6322,3
9.23202,1655,1,95.8267,-2.75561,11.165,3,36.3345,13.4012,2
8.30617,1130,2,58.5813,-3.23703,11.169,3,29.8281,12.376,2
8.41934,1081,1,55.2123,7.95169,11.1741,3,46.4701,5.20332,1
8.76276,1703,3,58.4499,7.33843,11.2377,3,53.2819,7.35105,4
9.37298,1323,3,52.2018,3.74968,11.2589,3,58.7599,12.4401,1
3.8132,1010,2,3.34227,6.60037,11.3118,3,68.3246,4.77737,3
4.1236,1735,3,19.604,-4.69508,11.3185,3,47.5184,14.1595,1
7.92038,1363,2,37.4628,-1.3683,11.3696,3,79.9799,13.7,2
12.7011,1085,3,102.454,1.92949,11.4106,3,79.2511,3.80544,4
9.16843,1780,3,90.5793,-0.131675,11.4199,3,39.8186,5.09731,2
6.9029,1147,1,27.135,-0.00650815,11.4433,3,30.8089,9.29307,4
7.19684,1222,2,23.5176,-1.02128,11.4631,3,54.9705,0.545106,2
6.96878,1225,3,8.80369,3.08596,11.4636,3,22.0966,7.80989,2
8.95388,1139,3,80.5216,0.285689,11.4705,3,22.7882,4.07282,4
9.8103,1477,1,34.5821,-4.98056,11.4737,3,71.3374,11.6688,4
10.5395,1710,1,77.9255,9.8797,11.4788,3,62.2311,13.7849,2
9.76359,1095,3,112.748,0.366948,11.4796,3,56.5737,4.60151,4
7.3882,1730,2,60.1052,9.14036,11.5227,3,47.6967,4.48371,1
8.16711,1634,1,4.7907,-1.77356,11.5883,3,80.4505,5.7009,3
7.75201,1973,1,19.8341,-0.58402,11.6207,3,53.6806,6.40551,1
5.454,1863,1,11.0833,7.61818,11.6541,3,28.0606,4.25735,2
9.49853,1201,2,47.4157,2.41809,11.6951,3,66.2766,1.22897,1
10.251,1258,2,54.346,2.3786,11.7935,3,72.3661,13.2335,4
4.48154,1381,1,24.5763,-3.75736,11.8828,3,50.2837,5.05906,3
7.64699,1052,2,32.2624,-4.6028,11.8993,3,37.2891,4.81795,1
10.2947,1532,2,111.591,-3.18333,11.9093,3,37.479,8.22172,2
6.50781,1002,3,14.4436,5.56847,11.9124,3,64.7623,9.85229,4
9.29148,1276,2,79.4021,2.68006,11.9809,3,62.8791,0.109922,4
6.55253,1562,3,46.2663,9.56165,12.0113,3,61.3716,1.42611,4
12.0056,1075,3,95.549,8.60262,12.0129,3,67.3515,7.81451,3
3.81952,1671,1,17.6945,3.50909,12.0379,3,37.8664,4.02399,2
5.19029,1994,3,8.66558,0.428963,12.0473,3,25.0011,9.36897,2
8.55916,1615,2,35.2024,1.08834,12.0567,3,85.7945,11.2691,2
6.09912,1039,1,38.4482,4.94689,12.1093,3,88.1503,10.7856,4
5.15016,1611,3,9.2366,-4.79093,12.1367,3,70.1864,5.13408,2
5.84412,1450,2,13.5131,0.604145,12.2284,3,75.3916,11.2089,1
6.61761,1980,2,2.41654,3.34893,12.2341,3,42.4886,10.2637,2
5.92745,1349,2,18.8175,0.0351647,12.2418,3,52.05,9.56763,1
7.45102,1449,3,40.7089,3.91486,12.2519,3,80.6398,13.7054,1
5.07794,1292,2,6.13986,-0.989236,12.2571,3,41.5854,8.40165,2
11.3369,1002,1,118.484,5.00224,12.3147,3,55.2444,6.32945,4
7.17334,1531,2,42.3723,4.01577,12.357,3,27.3559,8.62727,1
10.435,1419,3,112.132,1.41974,12.3673,3,68.679,14.9735,2
6.60759,1745,3,25.9599,1.02705,12.3673,3,88.5026,5.05595,1
8.95908,1883,1,43.9234,2.59792,12.4166,3,76.4901,3.4852,1
9.61941,1126,3,13.543,-0.605706,12.4198,3,87.2899,3.47128,1
7.41997,1516,3,37.2445,-2.75284,12.4344,3,23.8412,9.57905,2
5.27762,1267,1,32.1202,9.06173,12.4371,3,65.0344,12.878,1
5.50794,1348,1,32.2994,-0.468889,12.4679,3,69.7584,5.14567,3
7.60134,1484,3,99.0528,1.08389,12.4773,3,33.6112,5.72391,2
11.1824,1503,2,96.0004,-1.78041,12.497,3,69.8068,4.65286,4
10.5226,1477,2,67.7078,8.18469,12.5068,3,85.5434,3.49209,1
8.96284,1001,3,78.8824,6.98015,12.5126,3,22.3712,7.06927,1
7.09353,1804,1,5.88056,3.47173,12.5429,3,55.2933,9.69106,1
10.2041,1061,3,101.266,7.32702,12.5878,3,47.8251,0.991851,4
8.65852,1877,3,71.5672,5.5449,12.6035,3,40.8918,8.94243,2
10.9826,1440,3,89.7182,0.959832,12.6496,3,81.5535,2.33618,2
10.5541,1062,2,95.3595,3.66988,12.7074,3,62.3366,3.09133,3
9.75096,1793,1,79.7687,7.68172,12.7459,3,55.893,4.99802,3
6.57516,1176,1,22.5504,-0.674711,12.7628,3,63.1549,14.6268,1
7.77921,1703,1,7.78791,-1.36984,12.769,3,67.4942,2.88766,1
9.71588,1761,3,53.6026,-1.28404,12.8436,3,69.2609,9.49854,2
7.70184,1113,1,34.9633,8.72163,12.8453,3,77.4652,3.15052,3
6.64513,1127,3,43.0491,2.89414,12.8796,3,66.936,11.0213,3
8.6702,1066,3,43.3848,9.13547,12.9098,3,38.2736,11.1774,3
8.05954,1148,3,8.07415,2.53603,12.9251,3,72.9041,8.77759,3
4.22008,1740,1,22.2776,4.94216,13.0364,3,21.4109,5.72238,4
12.3808,1162,2,119.539,4.69758,13.0462,3,60.2369,12.7047,1
8.38288,1169,2,59.1338,5.80583,13.0594,3,54.8037,8.00647,4
11.0217,1747,3,96.2875,-2.1788,13.0826,3,53.1439,14.3047,4
10.4711,1459,2,97.3325,8.40953,13.1135,3,78.9109,4.63807,1
12.4906,1777,3,97.4239,-1.51663,13.1143,3,35.9432,5.10221,2
4.74649,1009,1,14.4578,-4.0213,13.1509,3,57.4152,12.0646,3
10.6937,1222,3,106.574,0.262372,13.1535,3,62.6743,10.7096,1
6.01873,1894,2,71.9163,5.15216,13.3404,3,20.7736,7.06352,1
11.9665,1832,1,86.4448,3.85248,13.3488,3,84.8286,12.3626,2
7.75215,1818,1,38.6004,-3.74675,13.3902,3,56.0087,14.9328,1
8.1988,1971,1,32.2275,5.12551,13.4109,3,21.9996,12.4512,2
10.3348,1045,3,109.101,0.426278,13.4139,3,64.4494,6.26955,2
10.3902,1898,1,50.7224,-2.49996,13.4306,3,87.5194,14.1544,2
5.47986,1037,3,11.684,-1.00612,13.4385,3,72.7109,14.9578,3
10.5817,1376,2,68.4225,-3.06993,13.444,3,78.1599,9.30873,3
6.61626,1399,1,29.0426,3.01776,13.5397,3,51.4897,9.45794,1
9.0658,1242,3,60.6625,6.2673,13.5658,3,48.7221,1.499,4
5.80477,1459,3,17.5316,-2.58022,13.5814,3,83.4071,10.1789,4
7.29825,1629,2,46.8286,-4.21334,13.5934,3,50.4687,10.7297,2
9.5207,1405,1,75.9814,-4.57218,13.6014,3,52.6478,0.633247,4
4.38703,1607,2,14.2203,1.7887,13.6295,3,53.7473,13.0867,2
6.21752,1097,3,9.34548,-3.23542,13.6559,3,50.8139,10.6833,1
5.51177,1173,2,15.1757,-1.46754,13.6913,3,30.3488,0.725733,2
10.8916,1990,1,97.2193,-1.51919,13.6938,3,80.817,4.85064,3
11.8894,1885,1,117.898,1.30683,13.6959,3,57.3213,6.43146,3
5.23096,1584,3,53.3655,-1.59245,13.718,3,31.8302,5.95464,1
9.64752,1276,1,86.2145,1.8939,13.7208,3,52.2158,7.14021,1
10.4543,1918,2,93.6058,4.92314,13.7234,3,64.2242,14.5072,1
4.38132,1689,3,0.851018,-3.8417,13.7643,3,30.5938,1.53988,2
6.4367,1016,2,41.1109,8.13212,13.7645,3,50.92,7.84898,1
8.85601,1505,3,75.0781,4.43326,13.7987,3,52.8396,9.85948,4
11.7772,1836,3,102.604,-4.62468,13.8066,3,40.9934,8.8546,1
11.4999,1348,2,78.0946,-3.00009,13.8405,3,81.4375,4.7827,3
8.13008,1187,3,100.431,2.68236,13.9375,3,56.0782,4.5596,4
9.07282,1858,2,104.97,-4.4235,13.9394,3,45.126,2.20191,4
8.28882,1085,1,83.274,1.22404,13.9492,3,50.3155,2.52467,1
6.88872,1703,1,46.8452,5.90744,13.9571,3,24.6667,1.22096,3
11.7264,1593,3,98.1386,9.76793,13.9677,3,21.6355,8.8926,2
6.50264,1362,2,18.6928,-1.67672,13.986,3,54.1479,0.411788,3
8.61089,1702,2,93.6818,3.26925,13.9924,3,20.5854,10.7138,2
10.341,1339,2,77.2979,8.94025,13.993,3,63.5823,12.2667,1
10.2197,1546,1,75.8739,-3.57368,13.9952,3,85.6674,4.7506,2
9.09126,1370,2,66.5545,5.55412,14.0031,3,63.9782,9.52332,3
8.81359,1355,2,95.0629,2.44786,14.027,3,26.0409,10.3081,4
12.9988,1164,1,117.691,3.28405,14.0339,3,58.2648,2.54459,4
7.20687,1431,1,12.6415,-0.420789,14.1005,3,73.242,1.82299,3
8.61019,1201,1,32.3327,9.68721,14.1372,3,42.8741,4.66401,3
8.58402,1782,2,62.5739,3.82446,14.1512,3,67.734,5.16397,2
9.34347,1871,1,101.811,2.02906,14.1653,3,82.0256,10.6232,2
7.88806,1083,1,49.2029,0.486888,14.2104,3,23.0083,7.61056,2
6.19029,1335,2,17.141,-1.08045,14.2533,3,56.686,3.20396,3
7.03823,1341,3,25.7895,9.45447,14.291,3,59.6195,6.81621,2
10.8519,1015,3,89.4477,-4.42192,14.2921,3,76.3161,1.06078,2
12.102,1033,2,95.1114,5.24616,14.3209,3,86.5398,2.16491,4
10.9595,1852,3,111.143,7.1814,14.3267,3,79.579,4.97912,4
10.5447,1092,2,97.9986,9.38589,14.3796,3,54.7108,8.91864,3
8.42373,1505,3,41.7023,-1.86373,14.4115,3,38.2509,3.78846,3
5.49131,1006,1,20.7029,7.57515,14.4352,3,87.401,5.43717,2
10.8009,1756,1,109.85,9.52269,14.4383,3,78.9621,8.81973,3
7.80539,1328,1,65.379,4.01026,14.5975,3,27.4064,6.36207,3
9.06675,1983,1,64.6074,4.12663,14.6052,3,36.0545,1.64099,4
5.01628,1786,3,67.4252,-4.63846,14.6664,3,22.8235,2.74413,3
10.1939,1138,2,59.5554,-3.75921,14.7159,3,69.7012,11.8436,4
5.9625,1943,1,4.83426,3.44616,14.7313,3,69.3122,12.3337,3
9.21536,1273,2,20.0344,6.22261,14.7364,3,49.6618,13.3181,2
4.81013,1225,2,22.3908,6.0396,14.7425,3,71.3385,0.241221,2
10.8362,1374,2,50.4884,8.53404,14.7544,3,71.5115,13.3512,3
6.59231,1531,1,23.5984,8.99939,14.8364,3,60.8085,8.98745,2
6.97308,1434,1,17.0618,5.05143,14.8377,3,83.5735,4.63938,3
8.51594,1117,1,64.8356,6.20714,14.8405,3,20.6797,9.67395,1
9.12035,1918,2,47.1725,2.67341,14.9131,3,58.8963,14.2011,2
7.62149,1880,1,78.0994,8.62426,14.9252,3,58.8842,5.00517,1
8.88539,1636,2,109.3,8.26535,14.9623,3,51.4525,4.96378,4
7.6624,1870,3,46.4729,1.7421,15.0145,3,24.0106,11.4255,3
11.7978,1766,3,99.3064,-1.0735,15.0726,3,26.1964,8.83282,1
7.6514,1230,1,55.1598,6.6615,15.081,3,33.7173,13.3852,2
10.5461,1631,3,98.8676,-0.787926,15.0984,3,39.1182,8.44118,4
6.53813,1040,1,80.8793,-1.95612,15.1086,3,69.9267,0.30661,2
10.3728,1624,3,98.5177,2.58693,15.1598,3,73.6798,8.39778,1
4.37474,1548,3,15.0107,-3.61323,15.1685,3,32.7074,7.00011,3
9.60554,1801,1,64.9086,-4.41331,15.2599,3,35.0236,3.34052,2
9.17063,1612,2,50.12,8.18245,15.2961,3,88.0923,0.611993,1
9.76152,1741,1,24.1094,6.43359,15.3032,3,79.909,11.8235,2
10.735,1062,3,81.6301,7.21274,15.348,3,70.8396,7.44751,2
11.0171,1750,1,107.61,9.74201,15.3544,3,34.6915,0.472941,1
10.7133,1454,3,83.0831,7.55156,15.3569,3,81.3216,9.99935,3
6.97701,1119,1,91.7329,-4.84071,15.3819,3,52.4982,7.82774,1
6.20938,1069,1,26.6135,2.80595,15.4517,3,38.8325,1.25602,2
10.0653,1683,1,87.4634,3.28676,15.5028,3,75.1535,8.78729,3
12.4999,1852,1,83.6416,9.80466,15.5463,3,68.3569,11.4144,4
5.59275,1471,2,2.10628,8.67679,15.5821,3,56.6517,9.55919,4
9.54289,1771,2,56.4847,5.37095,15.6117,3,84.1064,4.59042,4
9.46988,1516,1,67.2139,2.35702,15.6841,3,65.3354,14.2449,1
5.94675,1593,2,41.7387,9.43459,15.7023,3,61.8572,1.30002,1
5.68226,1645,1,2.88061,-2.32636,15.7035,3,22.2062,14.5191,2
7.32451,1081,1,25.4158,2.2666,15.7118,3,65.4599,4.08572,3
10.2175,1151,3,112.145,7.49375,15.7732,3,43.6143,11.8501,4
8.84985,1985,1,49.1019,0.647775,15.7885,3,40.8763,4.80027,1
10.6749,1210,1,104.172,-4.27656,15.7923,3,46.1677,14.4821,1
5.57406,1326,3,22.9327,-1.04838,15.7999,3,43.5646,13.1486,2
9.8289,1597,3,59.3791,1.30648,15.8832,3,87.378,0.167465,2
9.06728,1259,2,66.3245,2.39079,15.9226,3,66.6044,14.9913,1
6.68943,1278,1,34.4709,0.0920353,15.9281,3,26.1283,5.96248,1
7.89974,1303,3,43.6334,2.22246,16.0615,3,32.9236,7.25833,2
10.9309,1243,3,104.834,0.291055,16.1175,3,89.8623,13.5048,1
8.61196,1178,1,79.1308,-4.35009,16.1218,3,22.7903,7.55242,1
7.11943,1746,3,65.3466,-1.25164,16.1308,3,50.3841,2.15653,3
7.56054,1987,3,47.0173,-1.15096,16.169,3,29.7073,2.28067,4
9.65643,1796,3,88.6247,-1.35332,16.2029,3,77.4561,3.79671,2
8.8038,1131,3,93.9508,-2.80624,16.2192,3,20.6917,2.23632,4
7.07612,1812,1,62.5555,-0.289441,16.2435,3,52.7753,14.0623,2
11.9562,1891,2,77.5256,-4.55743,16.273,3,52.1838,10.55,2
8.91336,1644,3,49.3437,-2.7683,16.2863,3,77.6364,9.36537,3
6.04695,1928,2,15.6761,-0.816144,16.2973,3,73.2847,4.82174,4
6.39254,1851,2,18.2674,7.72488,16.3872,3,24.9495,1.66683,4
8.79331,1096,2,66.7045,4.81227,16.4198,3,59.3321,6.60997,3
5.78393,1882,1,30.0561,7.31319,16.439,3,51.8238,9.84153,2
7.42182,1077,3,70.3949,-4.74652,16.4456,3,23.5583,13.9472,1
6.65652,1532,1,52.3256,-0.0712188,16.4646,3,62.1314,14.7248,1
9.47838,1820,1,57.8827,4.35073,16.481,3,23.4847,1.35845,4
6.59137,1818,3,28.8805,-4.44583,16.5114,3,58.4344,2.12934,2
5.9904,1152,1,47.1746,-1.00252,16.5312,3,30.8654,5.19218,3
11.5742,1374,3,93.8136,4.20883,16.5627,3,58.5832,1.00768,3
4.23259,1525,2,3.89321,1.78081,16.5752,3,71.1423,4.54986,2
8.98077,1932,3,91.4268,-4.19832,16.5818,3,58.7912,6.31719,2
8.59709,1530,2,50.5561,2.62973,16.5884,3,76.9271,2.87408,2
7.82191,1689,1,56.9106,1.83216,16.5962,3,66.7376,3.90827,4
8.00495,1711,2,79.6589,4.27458,16.5984,3,39.0217,7.22935,3
6.12113,1361,1,9.42435,-1.50392,16.6391,3,32.3731,11.3393,2
6.92014,1276,2,16.0594,0.419079,16.6429,3,34.136,0.459271,3
10.1679,1789,1,81.2329,-3.6681,16.6498,3,82.8288,11.7377,3
5.1204,1932,2,2.97807,4.48332,16.6516,3,22.2497,1.36525,3
10.2929,1042,1,33.2958,-1.74399,16.6626,3,73.8599,4.34033,3
12.6673,1653,1,115.892,-4.28623,16.7059,3,64.0633,4.35295,4
7.19153,1032,1,64.1471,3.19567,16.7195,3,88.2274,4.44559,4
9.76509,1242,1,54.4751,-1.13484,16.7721,3,81.8351,3.56341,3
10.1969,1003,2,66.9448,7.88904,16.7783,3,72.4724,3.4287,3
7.07553,1756,1,2.44093,8.26218,16.8276,3,56.0866,13.3085,4
8.93688,1000,3,55.722,8.7926,16.861,3,77.8462,12.3147,4
7.90289,1440,3,88.4911,-1.62782,16.956,3,24.4705,9.04864,1
6.54967,1215,3,20.8756,0.70393,16.9606,3,47.8821,3.92969,2
6.23706,1950,2,4.81666,0.252186,16.9708,3,86.4677,2.2496,2
6.28784,1617,1,63.2706,0.999352,16.9834,3,30.9528,4.17206,3
9.25847,1341,2,65.3105,-3.42381,17.0397,3,65.5072,13.4911,2
10.1232,1347,3,116.131,3.69063,17.048,3,35.7347,1.11673,4
8.90276,1961,3,45.9341,-0.569422,17.054,3,53.8313,8.08029,3
11.9171,1429,3,105.707,-3.68923,17.0547,3,86.9778,12.3817,3
11.392,1484,3,69.3158,4.45585,17.0671,3,80.6355,4.12082,2
8.46849,1834,3,66.2839,4.00563,17.0861,3,80.7747,4.81901,1
12.053,1886,2,98.1556,7.09805,17.1198,3,40.0516,11.0954,2
9.61381,1524,3,71.6586,3.95909,17.1468,3,47.8393,5.33415,1
12.4495,1281,2,100.588,8.2743,17.1538,3,67.4044,12.6247,3
8.38739,1737,3,78.2737,6.7842,17.1862,3,31.79,10.4348,3
9.87589,1113,2,44.8134,-2.73297,17.2533,3,21.0062,13.2165,4
12.1991,1418,1,98.3313,4.54925,17.2834,3,75.49,13.1038,3
5.79586,1893,2,64.2417,-0.495849,17.3144,3,44.0802,7.58081,4
4.29709,1575,1,8.72819,3.78694,17.3278,3,34.5992,0.339145,1
7.93675,1374,3,55.8584,-1.99867,17.3338,3,82.913,1.84392,2
6.94349,1772,1,6.27349,1.64068,17.3385,3,81.4598,0.550852,2
9.27022,1603,1,91.6915,4.75266,17.389,3,31.8055,11.2428,3
11.597,1955,2,114.816,6.04932,17.4344,3,24.4394,7.30628,1
6.80613,1325,3,18.1914,8.74288,17.438,3,70.3604,5.95537,2
7.42542,1406,3,43.9861,6.82229,17.442,3,83.4525,3.35577,3
8.52773,1587,2,45.8567,7.34701,17.4582,3,70.1493,1.17972,1
9.35833,1165,2,23.395,-3.73925,17.4808,3,46.0111,11.2735,2
10.2178,1393,2,98.8348,7.05601,17.6214,3,66.8598,12.1854,3
10.2398,1262,3,103.032,-2.35552,17.6376,3,60.143,1.04533,2
11.1356,1100,2,105.75,1.99473,17.6493,3,21.7469,12.7439,1
4.14396,1259,2,8.72835,1.41579,17.662,3,48.1929,0.868652,2
7.48124,1123,3,19.2856,4.65601,17.7156,3,32.6137,0.302857,4
8.65969,1853,1,63.8504,5.39059,17.7185,3,54.5372,13.5283,1
9.38427,1168,3,96.2728,-0.660871,17.7547,3,46.6097,13.0966,3
8.4411,1010,1,29.855,2.84884,17.7557,3,81.7902,0.408951,3
7.16387,1744,3,67.8102,-0.779344,17.7635,3,31.818,6.86879,4
8.23252,1757,1,8.53868,-4.60164,17.7736,3,82.5526,14.7694,2
10.6614,1291,1,99.6747,4.86607,17.7793,3,39.1214,11.9815,4
10.6995,1932,1,116.646,0.508183,17.7911,3,44.2113,0.0680793,3
9.36767,1039,2,112.116,1.56173,17.835,3,43.4208,2.03736,3
4.28479,1074,2,5.47022,3.80845,17.8542,3,45.4431,0.908342,1
13.0418,1046,2,96.3168,-2.93948,17.8795,3,83.0393,8.63251,1
6.10745,1137,3,7.17147,-3.51889,17.9218,3,44.4004,12.4846,2
6.98687,1617,3,4.68077,8.07478,17.9294,3,48.4724,0.299003,4
12.0072,1320,1,70.7345,9.86453,17.9573,3,83.6185,12.9567,1
10.6777,1266,2,119.32,-2.1909,17.9704,3,58.3058,9.00563,1
5.6403,1600,1,39.2091,-4.56457,17.9765,3,22.6279,5.14489,4
9.0081,1601,2,52.0167,8.1494,18.0525,3,65.2511,6.78587,3
10.0215,1431,1,76.5768,6.30745,18.0569,3,57.9245,10.5305,3
10.4481,1437,2,77.0532,9.20048,18.074,3,38.1179,6.22498,2
12.5671,1997,3,113.878,1.73103,18.1348,3,57.1565,4.90501,1
7.86474,1825,1,5.98322,9.94188,18.1568,3,62.6224,10.9133,2
7.54345,1243,1,24.9978,-4.25152,18.1707,3,23.3322,10.3987,1
5.60604,1682,2,4.72343,3.32278,18.1751,3,50.1036,7.67386,4
6.84989,1530,1,6.40176,-0.376083,18.2069,3,74.2393,13.4346,1
11.7751,1098,3,113.493,8.33161,18.2196,3,66.6552,11.4376,2
11.3892,1261,1,96.7087,6.04327,18.2201,3,88.6195,11.4354,4
7.8422,1221,2,35.9877,-1.82552,18.2469,3,76.8489,1.22314,1
7.71481,1612,2,72.5009,5.14695,18.2618,3,36.0477,11.8355,1
10.5095,1841,1,105.751,-1.69676,18.2665,3,63.1592,7.91608,2
4.72714,1800,2,6.20025,-2.37673,18.3078,3,80.9945,9.60487,1
11.1626,1075,2,96.0165,9.62159,18.3215,3,60.9854,10.5276,4
5.12343,1917,2,12.7392,-4.86012,18.3234,3,61.2358,13.7926,3
8.28362,1672,2,22.5879,3.40421,18.3303,3,76.5605,9.41825,3
8.09273,1574,1,49.3336,6.0941,18.3721,3,67.3875,12.5111,2
10.4186,1760,3,109.898,-0.510852,18.3816,3,60.1727,13.1917,1
5.98773,1826,1,16.3267,1.41291,18.3957,3,54.7459,12.7193,3
6.54254,1942,2,74.6896,5.56105,18.5666,3,33.4423,8.73409,3
5.36125,1638,3,1.29733,4.55585,18.5913,3,20.9239,1.91658,3
10.4746,1079,1,50.8002,2.69765,18.5919,3,85.3989,11.7923,2
6.59925,1750,2,31.1605,1.21423,18.6636,3,60.6012,2.37394,3
8.55197,1377,1,102.546,1.84221,18.7535,3,69.1511,3.32536,2
13.0002,1207,2,111.951,-4.62892,18.7566,3,70.5405,4.36938,3
10.8612,1073,1,86.5739,4.80889,18.8402,3,33.4117,12.1404,1
8.41836,1821,1,41.9925,3.57406,18.8491,3,27.6736,6.43569,3
6.2371,1556,3,19.1856,6.46301,18.857,3,75.6746,7.01725,2
7.10276,1987,2,39.0354,-3.64277,18.8604,3,29.8031,13.518,4
8.59069,1452,2,28.396,-1.74978,18.8757,3,54.8071,7.25159,1
8.90998,1460,1,95.8144,7.5437,18.8933,3,69.8959,0.741756,1
5.08317,1074,2,19.7677,6.89079,18.9026,3,31.4403,10.7605,4
9.1789,1505,1,94.2077,9.53773,18.9337,3,55.5045,7.51737,3
10.8417,1704,2,73.1775,0.301454,18.9548,3,28.4644,12.7307,4
9.85201,1132,1,81.556,-4.03762,18.9686,3,40.0667,12.4701,4
11.4419,1706,2,74.7852,-4.88162,18.9783,3,47.9025,10.0856,2
9.54496,1574,2,72.4806,0.959004,18.9867,3,50.9878,4.73277,2
8.74295,1823,1,38.3665,6.8379,18.9954,3,23.1228,7.92787,2
7.07749,1669,3,57.0571,2.13454,19.0058,3,43.7351,9.97336,2
9.81905,1379,2,114.548,-2.52787,19.0637,3,34.9461,11.3698,2
10.0722,1669,1,58.9315,3.14891,19.0826,3,70.9841,4.05379,1
8.93353,1975,3,32.2557,-0.758193,19.0913,3,50.3914,3.63508,4
10.3946,1697,2,80.7446,3.67341,19.1082,3,27.9539,5.33264,3
11.6143,1993,1,97.7261,5.01666,19.1245,3,86.4134,9.09459,3
9.46426,1499,1,56.1217,8.08065,19.1264,3,55.62,7.66003,2
10.1662,1161,1,77.8518,-1.82155,19.1454,3,27.4084,12.8687,2
10.583,1668,3,77.9467,-2.43211,19.1512,3,33.2733,13.316,2
6.17317,1038,3,33.4957,2.17004,19.1776,3,64.0472,10.7078,2
9.45305,1327,3,73.1618,9.88957,19.2192,3,55.1387,1.14722,2
9.79602,1189,1,43.2281,2.88883,19.2299,3,44.7968,6.40404,1
4.23316,1068,2,7.96864,1.4426,19.2318,3,53.8245,13.4312,1
7.82671,1013,3,91.3245,4.74333,19.2473,3,60.0549,8.25363,3
10.8317,1796,3,58.6858,-3.966,19.2487,3,83.9878,12.6012,1
3.98705,1485,2,5.26573,3.13267,19.2608,3,52.3157,12.6789,3
9.99165,1406,2,96.9549,1.15207,19.2669,3,65.2373,1.52619,4
7.37899,1986,3,9.0726,0.41401,19.3022,3,71.3411,8.36612,4
7.82248,1177,2,40.5701,-2.81435,19.3856,3,80.1409,0.405595,3
9.82977,1006,3,103.119,9.46448,19.3914,3,68.401,0.0311766,3
8.44293,1301,3,31.796,5.26929,19.4119,3,45.3663,1.07616,4
6.68221,1870,2,62.9106,7.52187,19.5201,3,39.8721,12.4888,3
5.70676,1108,3,37.1817,7.03336,19.5888,3,26.1844,12.2309,1
12.4963,1415,2,68.819,5.12463,19.5949,3,85.978,10.795,1
6.15687,1253,2,5.09068,5.53819,19.603,3,51.5104,2.41073,3
9.41457,1077,2,83.2081,2.62673,19.6047,3,73.4536,9.38563,1
7.71285,1761,3,60.0135,-3.82181,19.622,3,55.7337,0.461718,3
5.98648,1413,1,30.5597,2.12635,19.6581,3,44.3869,2.07164,1
7.01472,1466,1,40.1747,9.57907,19.683,3,86.3661,13.3442,4
6.222,1641,1,12.2164,-3.33906,19.6839,3,63.9474,9.0747,4
7.47626,1836,3,49.893,6.65555,19.7012,3,57.4669,10.044,2
11.9563,1110,2,110.375,3.66463,19.7593,3,59.7579,9.42488,4
8.49965,1419,2,67.1869,2.83989,19.7719,3,30.5153,0.122535,4
6.45023,1380,2,62.1618,8.70641,19.8165,3,60.0172,8.21575,4
6.89157,1348,1,47.0091,-4.80396,19.8254,3,39.2503,2.55836,1
7.78771,1448,2,55.6572,2.69067,19.8333,3,53.3306,10.3874,2
8.76566,1572,3,65.6035,8.24295,19.8966,3,47.3467,1.01402,2
9.8192,1340,3,42.2771,1.22924,19.9169,3,86.4466,4.07381,3
5.75205,1305,3,28.5776,-4.71965,19.9212,3,80.0025,4.61033,3
8.7695,1454,2,41.9537,9.91223,19.9426,3,61.6104,14.1503,1
4.69503,1229,3,6.2203,8.28934,19.9634,3,48.0506,3.79546,4
7.46508,1457,3,7.37355,2.83152,19.9782,3,73.4018,9.31604,4
5.87753,1276,3,48.5433,5.79882,19.9969,3,25.5143,10.4052,3
10.4365,1647,2,72.8027,6.57838,20.0514,3,89.7753,4.01813,2
10.822,1370,1,89.0844,7.0393,20.1116,3,60.9617,8.32981,3
7.55168,1939,1,64.9337,3.35857,20.1533,3,65.3928,7.32288,2
11.0577,1987,1,107.481,3.09285,20.1693,3,37.7343,12.826,2
5.70358,1675,1,50.4013,7.65111,20.2031,3,52.4246,13.2221,1
4.18354,1719,1,2.31932,-1.86791,20.2581,3,78.8271,3.64358,4
8.32224,1121,2,69.217,-2.53788,20.2929,3,57.5455,12.5445,2
11.6575,1038,1,98.4835,3.13757,20.323,3,86.3383,3.79326,4
6.92151,1227,3,23.3809,6.13217,20.3658,3,69.0705,1.66567,2
10.9591,1268,3,79.3759,-0.121525,20.3785,3,71.4225,14.9559,3
11.8417,1707,2,117.342,0.801265,20.389,3,35.199,7.97002,2
5.84273,1769,1,15.1332,-4.70247,20.4994,3,89.527,14.9673,3
8.52845,1397,3,17.9279,8.11179,20.5329,3,61.7942,8.39885,1
6.70878,1128,3,27.9825,-1.17896,20.6172,3,51.3106,10.6795,3
8.98641,1399,2,85.675,-4.7812,20.6653,3,84.5663,2.10494,4
12.9612,1851,3,102.784,4.95519,20.6703,3,87.757,3.17679,3
12.7386,1437,3,110.489,2.71063,20.6771,3,87.4163,1.39521,1
4.71361,1730,1,13.1836,4.30121,20.7091,3,76.2386,4.20998,4
5.17822,1612,3,30.1202,-3.62959,20.714,3,25.4126,7.32938,4
13.0251,1507,2,115.379,4.4635,20.7361,3,68.9821,7.55621,3
6.06583,1353,1,22.6966,-3.81202,20.783,3,80.309,14.4708,2
9.60977,1911,3,87.5867,-4.57033,20.7865,3,28.8434,9.89395,2
5.20518,1446,2,23.2636,2.58345,20.8114,3,61.8589,3.1057,4
11.2332,1983,1,100.229,8.74077,20.8447,3,41.481,8.92755,2
4.12859,1108,2,25.8293,-1.459,20.897,3,26.0588,7.58535,3
7.13784,1810,2,30.9158,0.523774,20.9049,3,73.9886,9.4127,4
10.6436,1654,2,117.175,9.19697,20.9272,3,82.1044,10.7712,3
9.41159,1611,2,71.4332,6.41749,20.9521,3,35.6032,8.50576,4
9.26611,1563,1,75.2199,6.76347,21.0162,3,46.5482,12.639,2
9.8851,1475,2,81.3055,7.12544,21.0234,3,63.5952,11.5009,3
11.4204,1098,1,89.2686,-1.44579,21.1446,3,32.644,5.77687,4
10.6589,1363,2,104.124,-1.17993,21.2163,3,53.0283,0.859156,3
9.77915,1556,2,114.172,-2.28482,21.2395,3,51.0658,11.9363,2
8.60925,1666,3,71.4255,1.76168,21.2457,3,35.38,13.1106,3
12.0042,1666,3,117.751,-3.25918,21.2905,3,81.9249,1.14255,2
8.95173,1064,2,77.418,-1.79263,21.3004,3,20.8432,2.14337,2
9.06332,1844,3,35.7927,-4.99027,21.3186,3,47.7671,12.5891,2
6.58627,1838,2,2.03372,3.38841,21.363,3,41.2994,4.98874,4
9.45932,1784,1,82.167,7.80369,21.4196,3,68.6795,7.43148,4
5.96052,1961,2,23.071,-3.97183,21.5001,3,55.8056,4.48049,2
4.61939,1170,1,5.26799,1.1122,21.5328,3,45.9765,6.19795,2
5.12834,1317,1,27.4412,9.14473,21.5478,3,20.4798,13.2437,3
10.8153,1627,3,112.263,8.4664,21.6231,3,66.8758,0.75199,3
12.8075,1692,1,112.175,7.84915,21.6454,3,60.3363,10.4255,1
8.68379,1865,1,59.5487,-4.47404,21.6504,3,72.0343,6.77053,2
4.56212,1407,1,12.1174,0.264457,21.7801,3,89.0695,9.95906,4
9.60776,1646,2,112.498,-1.54852,21.8007,3,39.0368,2.55192,3
8.17589,1795,1,44.5525,3.71608,21.811,3,51.6729,13.8382,2
8.4789,1733,2,46.9239,9.61172,21.9318,3,71.6268,1.69036,2
9.49488,1690,3,37.1558,6.78791,21.9493,3,88.0189,5.19563,1
7.67622,1570,1,56.4841,-0.819903,21.9667,3,89.6876,2.5665,4
6.5645,1433,1,0.0481853,4.03784,21.9778,3,20.1018,2.88746,1
7.9267,1824,1,31.0454,-2.71672,22.0034,3,46.1034,8.98487,2
11.6618,1970,3,72.3856,2.26516,22.0057,3,62.3523,10.8611,3
12.1556,1926,3,113.402,2.86531,22.013,3,40.6945,7.16226,2
7.86873,1531,3,30.2398,2.08293,22.0707,3,25.1741,12.877,2
11.0237,1940,1,84.9537,5.60351,22.0905,3,31.6407,5.02216,1
5.37816,1071,1,28.7244,-4.03773,22.1051,3,35.3619,1.66138,3
8.02296,1480,3,39.8947,1.71849,22.1384,3,89.0521,11.6275,1
9.58849,1131,2,112.179,-3.68361,22.1608,3,23.3215,6.92806,1
4.83563,1748,1,14.9242,9.20807,22.1886,3,49.6682,9.40685,1
8.00821,1695,1,33.1107,3.72305,22.2613,3,71.5471,10.6891,2
12.0527,1313,3,89.8374,1.37972,22.2796,3,84.9908,13.5915,4
8.10434,1018,2,58.1021,6.12601,22.2866,3,66.33,9.46951,4
5.32927,1136,3,39.5436,-4.19243,22.3083,3,59.8579,9.07328,2
6.86642,1496,3,47.0231,5.71944,22.3143,3,32.2955,7.49244,4
4.67003,1663,1,16.5895,5.9417,22.3438,3,58.8905,7.07116,4
8.84211,1657,1,75.4017,-2.46875,22.3524,3,40.0055,9.69348,4
8.8218,1363,1,111.528,0.609946,22.4069,3,36.7052,0.307851,4
8.38516,1934,2,80.9872,9.37759,22.418,3,22.8549,3.78832,3
9.16119,1233,3,101.765,4.62239,22.474,3,48.4074,8.64028,3
6.16245,1550,2,25.6245,6.38871,22.4894,3,59.1843,8.00716,1
6.6798,1997,2,53.4876,0.263456,22.4904,3,44.7761,12.0336,1
8.46639,1954,3,96.2297,0.858798,22.5535,3,66.7139,3.08785,1
10.8421,1762,2,88.957,7.2895,22.5543,3,79.3762,11.3373,3
5.26099,1021,3,28.8965,-2.85202,22.596,3,61.8197,5.98867,1
11.7318,1886,3,100.1,9.57069,22.5998,3,60.9517,8.10571,4
11.3381,1965,1,116.989,-1.47012,22.6114,3,48.1607,7.03308,4
11.6519,1647,1,95.7952,-3.79603,22.6245,3,20.5229,5.55924,2
11.0468,1239,1,110.787,4.83064,22.6323,3,80.3409,12.1845,4
5.66048,1942,3,13.5409,-0.0572867,22.6332,3,27.3066,0.43128,3
12.2962,1525,1,117.187,6.06679,22.649,3,51.8693,0.815863,2
8.29918,1103,2,40.4972,8.93665,22.67,3,20.3908,12.2039,1
11.1653,1769,2,111.983,-0.86558,22.6893,3,51.2948,14.0317,4
8.60231,1626,3,75.6762,0.594818,22.7373,3,80.8444,5.58875,4
4.24428,1938,1,13.5109,9.24618,22.7564,3,40.6536,10.8793,2
7.64858,1159,2,85.7309,1.09242,22.7652,3,28.7798,2.26475,2
13.213,1767,3,117.179,8.46792,22.8197,3,75.5693,14.1661,3
9.49992,1347,2,113.244,2.97021,22.8697,3,88.585,9.20898,2
11.275,1021,3,99.9396,1.24421,22.8844,3,88.4725,2.07746,3
10.0418,1866,2,67.9926,-1.14773,22.8988,3,49.1693,12.1993,2
4.55079,1279,2,7.15045,5.75085,22.9239,3,46.8659,4.28939,1
12.6722,1607,2,117.954,8.84555,22.9475,3,25.1518,10.9143,2
4.92481,1272,1,6.5694,9.37104,22.9538,3,49.5279,5.2621,3
7.26488,1012,2,27.0249,6.74234,23.01,3,56.427,14.4921,3
6.28951,1038,1,51.296,0.778698,23.1039,3,53.0686,6.95711,3
6.94602,1181,1,14.9215,7.25479,23.1179,3,20.6074,11.91,4
6.4383,1995,3,25.8323,-1.8104,23.1585,3,45.0612,12.0701,4
3.72411,1977,2,9.60761,-0.52936,23.2416,3,55.5684,0.0380951,1
10.8003,1161,1,80.0444,5.98463,23.2494,3,67.8212,12.0616,4
9.49063,1587,1,35.778,8.4462,23.2647,3,82.5186,8.76371,1
11.1106,1916,1,75.3637,7.46429,23.2675,3,85.8837,8.94708,4
11.096,1796,3,106.53,7.55511,23.2696,3,22.1936,11.9088,2
11.1641,1986,3,91.0062,4.69686,23.2791,3,43.4321,0.989424,1
14.2115,1864,2,117.498,2.62073,23.2963,3,72.1322,8.81411,2
11.1393,1285,3,96.8049,1.3803,23.3054,3,82.7005,8.99104,2
8.60505,1880,2,53.8359,-4.19978,23.3293,3,51.7882,1.41188,1
10.6462,1201,2,75.1511,-1.6209,23.3368,3,21.7238,11.3882,3
12.6599,1933,2,99.1119,2.28671,23.4183,3,88.7028,0.180455,3
10.1831,1834,2,98.1485,3.15611,23.4213,3,74.0973,7.29741,3
9.22308,1692,1,55.965,7.95833,23.4659,3,56.3894,5.08082,3
5.90166,1068,3,16.2261,-4.72373,23.5191,3,23.9693,6.78335,4
10.9286,1931,3,91.8656,-2.60796,23.5274,3,89.4197,6.52433,1
7.0078,1167,3,21.2499,-3.18498,23.53,3,20.316,14.8329,4
9.31348,1349,1,53.1055,-2.89727,23.5375,3,21.9392,12.9853,1
9.61764,1556,1,88.5955,5.0764,23.5469,3,45.4543,5.72563,2
4.00087,1851,3,2.17488,7.68399,23.6131,3,61.6311,1.83333,3
6.33478,1637,2,36.9355,1.16261,23.7044,3,24.4682,13.1018,2
7.14827,1876,3,29.806,8.56931,23.7349,3,63.6242,12.6223,2
10.1205,1384,2,58.7549,9.16671,23.7681,3,57.244,5.1253,1
5.57949,1105,1,25.8889,9.68047,23.7753,3,38.2559,2.59937,4
10.1031,1327,2,96.3614,6.05875,23.7864,3,38.6998,4.24094,4
12.1659,1617,3,113.855,-2.81205,23.7896,3,66.0759,4.30351,4
8.38068,1735,3,82.4681,1.93371,23.8132,3,21.0887,1.26917,2
5.97899,1830,3,49.1605,9.83756,23.8185,3,56.2731,7.61855,3
8.31364,1116,2,86.3094,-0.319839,23.8238,3,22.2844,11.4686,4
10.388,1238,2,79.4776,-2.65195,23.8426,3,39.4501,9.59955,3
4.76577,1045,3,8.10031,2.84254,23.8719,3,27.2977,8.48565,2
7.55264,1795,2,28.0281,8.65296,23.9394,3,80.0782,3.58763,4
8.75372,1836,2,42.6018,2.16121,23.9632,3,69.6089,3.27666,1
9.59122,1805,2,57.2576,-4.20964,23.9769,3,62.2766,9.7637,3
7.63695,1853,2,68.5929,-0.621036,23.9814,3,46.2055,12.4463,2
12.3548,1232,2,93.0281,-3.27083,24.0028,3,64.1861,12.4019,1
7.35011,1164,1,59.1897,-2.16045,24.0067,3,41.6322,0.144783,1
12.8493,1692,3,104.917,-4.38501,24.0103,3,72.239,1.30227,4
9.70727,1470,2,105.296,-3.46451,24.016,3,55.5288,10.7103,1
5.21072,1793,3,18.8645,9.57809,24.0244,3,70.038,6.94934,2
9.87853,1611,1,100.661,2.61303,24.0337,3,50.341,0.725959,4
5.26674,1966,3,12.658,2.226,24.036,3,57.1436,9.37521,4
11.9078,1164,2,112.906,5.60881,24.0405,3,41.4869,4.29071,4
8.92747,1837,2,50.0597,-3.67024,24.0588,3,75.6893,1.52816,2
8.35966,1458,2,95.2722,-3.42045,24.1143,3,29.5018,11.2407,1
8.44702,1355,1,32.8786,-4.92502,24.145,3,31.3445,7.79704,1
8.65023,1449,1,18.7635,0.013661,24.1557,3,69.7288,11.0805,1
7.23864,1775,3,22.1162,0.791015,24.1657,3,52.2265,2.81819,3
9.21255,1566,3,50.1562,8.29347,24.1776,3,76.326,14.0011,3
7.42731,1820,2,6.28166,5.39411,24.2279,3,85.9949,0.0328019,2
10.1116,1671,3,79.4921,3.18601,24.2282,3,45.3985,11.325,2
5.76455,1258,3,8.04198,8.66873,24.2814,3,74.1706,8.51142,2
7.21776,1312,1,25.0597,0.73037,24.3299,3,48.0061,8.41933,3
5.7363,1310,2,7.49176,3.93669,24.3487,3,34.9141,14.8917,4
7.35148,1924,3,16.4578,-2.1265,24.3625,3,39.8855,10.6351,3
8.43315,1026,3,68.8276,7.44294,24.39,3,48.9904,11.0793,4
7.99225,1341,3,70.4324,3.14488,24.3948,3,54.3779,11.9586,3
9.79991,1937,1,113.811,-2.84876,24.4065,3,20.3093,5.4493,2
9.16257,1899,2,81.5544,5.79122,24.4401,3,39.153,0.757153,2
7.60193,1523,1,34.2751,7.96899,24.4876,3,62.8021,8.87081,2
9.82252,1636,2,44.459,-2.20875,24.5079,3,72.3905,10.2545,1
8.17779,1390,2,95.2582,3.88196,24.5759,3,36.9226,10.6451,2
2.47934,1488,2,0.176859,0.499048,24.5839,3,25.5785,12.8232,4
10.3434,1472,1,98.0135,6.9877,24.6134,3,66.4559,7.65477,1
8.76491,1140,3,65.4514,-3.78126,24.6381,3,55.2346,3.52379,2
9.44144,1263,1,51.9326,4.97781,24.6393,3,85.4725,4.70222,1
8.99054,1129,2,52.3937,3.58016,24.6823,3,65.1403,2.9609,3
7.70295,1811,3,20.0218,2.34502,24.7137,3,53.2096,10.0637,1
12.6263,1541,3,110.493,4.46168,24.7165,3,83.5039,3.9224,1
9.68716,1177,3,70.4844,-1.24537,24.7383,3,45.9902,1.69515,2
8.70414,1465,3,66.6161,4.79121,24.7846,3,87.886,4.20925,1
9.1289,1830,2,80.0313,-3.18307,24.8664,3,69.405,13.2971,4
10.5056,1108,1,116.024,8.46785,24.8823,3,56.078,12.259,2
8.95397,1935,2,59.0086,2.00805,24.9034,3,79.5609,4.78101,2
6.85083,1103,1,53.0224,-2.29258,24.918,3,85.427,13.5673,1
7.52094,1831,2,18.8283,7.50023,24.9313,3,72.8518,11.7894,4
8.25739,1804,3,66.5624,7.48984,24.944,3,50.5653,12.4793,2
8.45435,1924,3,105.993,7.98511,25.0096,3,41.8995,2.79252,2
7.70525,1520,3,71.526,3.60462,25.0171,3,55.1811,12.7228,4
7.262,1902,1,46.5567,-0.967129,25.0236,3,44.0367,0.452126,1
4.85911,1195,3,13.2021,1.02806,25.0487,3,47.2758,14.6617,1
10.3889,1076,1,69.6907,4.01653,25.052,3,33.6022,2.15723,2
11.0526,1161,1,113.481,-1.20206,25.0768,3,81.2354,9.07496,1
8.91789,1341,1,113.486,-2.76823,25.0839,3,83.8318,4.51627,3
10.623,1544,2,82.6358,7.12496,25.1147,3,65.4561,12.6585,4
6.37154,1563,3,32.3414,8.2355,25.1285,3,52.4813,2.31649,3
6.7335,1380,3,24.6953,-2.22485,25.1305,3,62.3372,7.46858,4
8.4697,1780,3,51.6643,4.82186,25.1757,3,44.3788,1.04317,1
11.3367,1007,1,116.769,5.78222,25.2044,3,81.8582,9.70589,4
6.59124,1112,3,19.7125,5.62927,25.2067,3,61.0825,12.7677,3
9.75156,1821,1,84.4838,8.31261,25.2302,3,24.7621,1.57518,3
5.28156,1222,2,23.0419,5.39299,25.2728,3,58.8579,10.7895,2
5.65701,1545,3,27.8748,-1.56102,25.3309,3,43.6522,10.354,4
11.7747,1928,2,109.471,4.93749,25.4505,3,43.7536,3.94025,1
8.44438,1914,2,109.334,5.00964,25.4599,3,20.5233,9.97773,2
9.58939,1680,1,84.5845,4.55868,25.4624,3,79.5321,6.81579,4
10.6874,1117,3,72.0642,-4.84524,25.4681,3,57.6795,7.86854,3
7.11039,1699,3,32.2241,8.53242,25.471,3,68.3892,2.1722,3
13.3969,1396,1,109.11,-2.05333,25.5267,3,39.318,12.751,3
5.93262,1436,2,21.9405,2.60685,25.5769,3,85.186,4.47867,2
9.3553,1466,2,77.7381,4.12812,25.6226,3,59.2479,3.02578,3
10.0758,1187,2,115.62,-3.08935,25.6457,3,25.74,8.51599,2
5.20032,1000,2,15.574,0.956239,25.65,3,38.1412,3.27949,1
4.37995,1488,1,4.71503,0.884389,25.659,3,24.0849,5.01812,3
7.98201,1775,1,48.9298,-3.38911,25.719,3,42.8718,1.44674,1
9.30126,1150,2,61.82,-4.38659,25.7375,3,69.6816,1.02804,3
5.36265,1478,2,14.3712,-0.801588,25.7578,3,34.2885,5.37747,3
7.75553,1902,1,52.0825,4.86512,25.7805,3,38.4567,7.83495,4
6.39088,1498,2,8.03683,0.125037,25.8002,3,21.722,9.51325,4
9.47422,1916,3,38.0285,9.19925,25.9018,3,81.7445,9.53362,3
6.36573,1259,1,11.8256,2.68334,25.9093,3,48.0204,1.33644,3
5.79295,1724,3,4.92988,2.0227,25.9133,3,56.7156,12.6087,4
11.9063,1758,3,105.059,2.36691,25.9199,3,20.0402,10.0774,1
4.88752,1125,1,34.1414,6.99719,25.9856,3,22.0427,10.2549,4
8.00134,1018,3,60.8472,-4.86592,26.0087,3,24.2535,10.8954,2
5.55543,1547,3,19.0484,2.11515,26.1157,3,57.3475,14.228,4
6.86634,1475,1,2.96368,2.20923,26.1313,3,62.1595,12.4792,4
6.76126,1076,2,4.87029,8.69601,26.1335,3,51.1688,11.0931,3
8.07373,1505,3,83.3569,7.31124,26.1627,3,39.1863,3.47116,4
6.14757,1855,2,8.62881,3.97587,26.1749,3,46.5394,9.15506,4
8.54611,1952,3,51.5798,2.1244,26.2229,3,28.7148,12.3324,3
10.2063,1148,3,96.3237,-1.6453,26.2684,3,58.2932,10.2805,2
12.1437,1510,1,100.721,9.01711,26.2831,3,62.199,12.2909,4
7.01114,1799,3,32.4968,-1.13349,26.289,3,46.4059,4.84183,4
6.45059,1006,1,45.2465,4.53365,26.3071,3,59.3059,12.5565,4
9.69283,1342,2,114.718,6.54708,26.3138,3,71.1301,14.7837,2
8.60742,1663,1,81.9141,1.74534,26.3244,3,45.0498,5.79793,3
10.4722,1116,1,100.119,3.55692,26.3446,3,71.0027,0.808893,3
8.32132,1323,1,22.9533,3.07923,26.3549,3,89.3968,6.14879,4
4.87772,1360,2,6.02104,4.23339,26.3635,3,26.9447,13.6611,3
5.08565,1830,3,1.5477,4.81517,26.3649,3,20.9626,10.3862,4
7.8726,1890,1,77.5113,7.31729,26.3654,3,55.3704,10.3816,4
5.93217,1227,3,72.378,4.87306,26.3759,3,76.1422,1.43886,3
5.5068,1778,1,11.3303,9.47028,26.3795,3,23.5126,10.7544,3
6.36451,1604,3,7.28197,0.035908,26.4439,3,77.5807,4.00384,2
5.69942,1323,1,25.3164,-2.79803,26.4847,3,20.5884,1.98906,3
10.3774,1829,2,50.3019,1.09194,26.4851,3,42.8721,14.7276,3
10.8365,1115,1,78.8107,7.93271,26.494,3,69.9422,1.83861,4
6.52222,1967,2,27.5239,-2.3231,26.5636,3,44.6121,14.6494,3
6.4278,1994,3,36.4063,4.20474,26.6015,3,37.1826,14.7371,2
6.49601,1405,2,18.8846,3.19705,26.6187,3,88.9177,14.0825,1
8.15212,1779,2,25.2141,-3.69184,26.6358,3,31.8558,14.5184,4
5.80669,1688,3,29.3694,-0.0580122,26.6541,3,43.1714,8.37094,4
9.89041,1317,1,105.39,7.8024,26.6551,3,30.4793,6.1795,3
6.6732,1722,3,43.0346,-3.9108,26.7492,3,51.3284,14.4723,4
8.2581,1871,3,52.548,8.62048,26.756,3,78.5777,10.6566,3
7.57197,1537,1,80.6953,8.99051,26.7604,3,34.8227,3.4402,3
5.00386,1573,3,6.94133,2.37174,26.7766,3,86.8166,11.8006,1
7.78872,1981,3,23.8358,5.26552,26.7869,3,82.1595,7.58938,1
8.97526,1597,1,43.9544,6.81901,26.8068,3,84.1458,13.1391,3
5.45472,1738,3,23.5,6.9075,26.8123,3,68.2989,5.29924,4
7.46456,1822,2,27.5792,7.45863,26.8183,3,38.5979,1.16569,2
5.37395,1222,2,16.575,4.12859,26.8652,3,55.0063,7.90296,1
9.13836,1849,1,28.4974,8.81259,26.8792,3,45.4944,4.50966,1
9.00494,1025,3,23.8716,4.74631,26.9033,3,62.6422,7.46251,2
10.9487,1793,1,111.93,5.72655,26.968,3,74.9877,12.4895,2
10.832,1048,2,92.4525,5.33525,27.0174,3,73.7911,1.90798,1
6.80981,1662,2,12.7087,8.61332,27.0696,3,41.0869,6.97211,3
7.00344,1729,2,33.5609,9.90023,27.1119,3,30.6211,0.394107,2
10.542,1909,3,86.2462,-0.193868,27.1138,3,89.3705,2.1899,3
9.89286,1259,2,75.4205,-2.84078,27.1169,3,87.804,10.9589,1
6.84621,1571,2,44.2139,5.94066,27.1623,3,69.0854,1.4196,3
10.3356,1042,2,60.4959,7.50314,27.2608,3,89.9755,13.5521,1
8.38493,1016,2,42.9768,6.96283,27.2771,3,87.7806,7.87558,3
5.79183,1080,3,46.4787,6.00347,27.3058,3,28.533,0.696006,2
8.9607,1057,3,83.6563,5.90559,27.3238,3,50.3975,14.7953,3
5.22033,1089,2,7.98777,9.97352,27.335,3,44.6814,11.4107,3
7.1041,1143,3,13.4876,1.06146,27.3406,3,80.3165,3.23009,4
11.1476,1686,1,101.125,9.4566,27.3522,3,35.6206,7.54069,4
11.307,1419,2,105.527,-3.20882,27.3763,3,44.8916,4.9937,2
11.5547,1665,1,115.175,-0.88794,27.3823,3,36.329,5.25609,3
6.81484,1027,1,62.6197,2.25434,27.4541,3,35.0469,9.9828,2
7.51214,1535,3,22.7922,-0.428118,27.4963,3,47.6581,12.4535,1
9.21678,1083,3,115.484,-2.70672,27.504,3,52.8242,9.49172,2
7.85464,1794,1,27.6882,-3.25496,27.5272,3,49.2351,5.87996,4
6.47364,1867,2,80.8332,6.10192,27.5724,3,33.4847,14.4459,4
11.4671,1216,1,84.8876,2.71716,27.5732,3,71.5546,11.3828,1
10.2757,1700,1,70.4121,-4.12557,27.601,3,43.1655,12.6288,1
8.06776,1146,3,68.6889,-3.55631,27.6612,3,53.4983,4.52153,2
9.22674,1272,3,64.8261,4.43302,27.6973,3,81.1433,4.67724,2
5.1469,1159,3,5.99748,-4.78881,27.7175,3,30.5138,6.38088,3
8.09388,1895,1,18.7935,-3.04384,27.7438,3,88.7593,13.3153,2
12.1906,1155,3,111.229,-3.98832,27.7819,3,31.818,4.69534,1
9.57567,1769,1,96.475,-2.29287,27.8004,3,86.2248,0.474715,2
8.36487,1747,3,39.4587,-3.7381,27.8369,3,74.6079,3.25606,1
4.88233,1066,1,46.1533,8.53159,28.0016,3,27.2334,4.11831,2
6.56767,1644,3,22.2324,5.96468,28.0019,3,25.5883,3.68478,3
10.8497,1747,1,101.405,-3.88347,28.0199,3,52.419,8.20718,2
11.5009,1138,2,64.034,9.6842,28.0294,3,72.6474,9.77143,3
9.59078,1610,2,90.5098,4.24027,28.1413,3,79.2963,0.562729,1
5.52953,1646,2,46.5179,-3.47149,28.1576,3,65.9188,9.7524,3
4.76466,1200,3,27.4405,4.85588,28.1588,3,64.3405,5.80546,3
7.18654,1759,2,1.19631,-4.17365,28.1625,3,75.2564,10.228,3
9.36852,1856,1,99.1758,-1.14014,28.2674,3,66.7937,9.8145,4
7.10802,1545,1,29.8248,9.33781,28.2679,3,77.9291,6.60133,4
6.48532,1657,1,8.07071,2.53447,28.2777,3,80.9553,0.458686,1
6.39561,1922,2,4.36089,2.22309,28.2781,3,72.7876,4.5835,4
9.5355,1861,2,112.247,-3.78176,28.2879,3,58.8182,8.95555,1
7.22612,1938,3,75.562,-2.39856,28.2917,3,58.4602,0.346561,3
9.75778,1921,3,71.4158,2.08288,28.3216,3,30.5482,4.16557,3
6.01143,1735,3,8.52419,-4.78251,28.3339,3,80.6136,6.50258,2
8.17872,1920,2,37.5503,-0.0200478,28.3463,3,68.4739,1.87139,1
11.7493,1557,2,110.692,-2.0808,28.4336,3,57.8305,5.11916,2
9.33443,1812,3,63.6063,-4.60844,28.4493,3,53.6938,5.35051,3
11.8088,1303,1,104.058,0.498768,28.4541,3,38.9297,7.08448,4
10.2153,1368,1,100.579,-0.271456,28.5313,3,71.5986,10.035,4
5.14936,1445,2,5.02983,1.38214,28.5722,3,71.9852,2.36716,2
9.44405,1280,2,111.436,-1.14005,28.6105,3,65.6172,12.1767,1
8.12569,1421,3,40.2733,2.11673,28.6242,3,80.7702,5.35758,4
12.0997,1203,1,104.586,9.1638,28.6567,3,76.3286,5.96694,3
8.81279,1618,3,92.1318,2.94036,28.6646,3,33.6636,12.2601,4
8.85618,1226,2,45.8836,5.43245,28.673,3,59.2514,13.489,2
10.8096,1493,1,57.5346,-4.96667,28.7048,3,77.5769,4.57012,1
5.20462,1837,2,25.4937,-0.232983,28.7352,3,59.3852,0.311929,2
9.6357,1561,3,92.7408,9.16514,28.7778,3,44.7942,4.01155,3
10.7912,1953,3,81.1941,8.20686,28.7846,3,74.5714,3.42517,2
9.1056,1423,3,90.7505,8.32698,28.8717,3,22.2589,2.91876,1
12.1522,1565,3,105.619,-2.9359,28.9405,3,68.7211,2.93934,3
10.4541,1861,2,118.045,7.3647,28.9544,3,80.2454,4.12458,4
9.37506,1549,3,99.351,8.80395,28.9678,3,32.8261,7.55997,4
8.35839,1553,3,12.678,-0.944594,28.9877,3,76.1718,8.47885,2
8.71271,1598,1,66.5678,7.97966,29.0411,3,43.7463,6.35574,3
12.9984,1250,3,115.065,5.18892,29.0619,3,70.9497,8.63932,2
6.81637,1321,3,22.6359,6.53704,29.0709,3,45.7204,6.51729,4
6.69441,1343,3,46.3484,0.602894,29.0734,3,57.5703,1.93714,1
9.30209,1576,1,89.0373,5.52062,29.1075,3,32.1877,13.6643,4
7.36446,1938,3,69.4191,5.81949,29.1449,3,57.7702,3.98902,2
9.20686,1703,1,51.8925,-2.04001,29.1627,3,65.3314,14.7498,3
11.544,1436,1,68.2575,9.99836,29.1887,3,65.9602,3.88861,3
8.21169,1222,3,84.2575,9.04325,29.1949,3,37.019,3.24617,2
5.80255,1988,2,5.17201,-2.84022,29.2012,3,75.0658,2.51922,3
7.22012,1221,1,19.4308,-0.732442,29.2026,3,33.336,7.97068,2
7.96781,1183,2,20.2994,6.04832,29.2292,3,88.9076,0.806757,3
8.019,1231,2,53.6763,3.61411,29.2483,3,56.2855,3.34451,1
6.92426,1319,1,45.5685,9.14595,29.264,3,73.4487,7.08384,1
7.64391,1442,2,69.2378,7.66822,29.2878,3,75.1749,12.3758,1
8.37888,1104,2,21.059,7.08698,29.2933,3,24.3784,11.6658,2
9.37478,1582,1,83.6027,0.337323,29.2974,3,73.2676,6.20181,1
8.96356,1322,3,81.1232,7.17816,29.3109,3,35.7392,10.9181,1
4.99608,1340,3,31.8205,3.63601,29.3232,3,33.233,13.4426,3
8.3258,1072,2,39.8912,4.02335,29.3295,3,23.9931,6.64059,2
5.69553,1191,1,27.1826,-2.36136,29.3578,3,52.2368,11.3255,1
12.3909,1790,3,82.2161,7.11559,29.3666,3,60.9955,10.0732,3
7.53856,1654,1,68.7324,7.40406,29.3803,3,26.8725,1.6283,3
8.94514,1340,3,87.5426,6.94478,29.4067,3,36.7893,3.82146,3
9.3212,1933,1,55.2699,4.82898,29.414,3,83.8396,12.7634,1
6.24715,1860,3,41.291,0.462289,29.4231,3,34.947,14.1016,3
11.0897,1692,3,71.6775,7.44662,29.4405,3,47.8686,14.0654,4
8.49983,1011,3,81.9737,7.75532,29.4882,3,74.3319,14.3451,4
7.15555,1355,1,61.8231,-4.3918,29.4891,3,74.019,1.5788,4
7.30932,1331,2,33.3772,-3.80448,29.5147,3,89.2883,8.44764,3
5.98074,1234,2,31.4899,-2.82626,29.5252,3,56.0944,1.13164,3
4.88052,1513,2,20.7309,-1.92334,29.5294,3,56.5276,2.67774,4
6.53717,1506,1,50.2067,2.41033,29.5496,3,37.3566,6.97514,4
3.41631,1939,2,13.5892,7.00379,29.5503,3,78.4453,10.5276,2
4.74207,1865,1,16.262,7.3177,29.5827,3,36.7756,11.5992,2
8.29468,1876,2,81.9039,5.9483,29.6334,3,51.7079,4.33036,3
6.98439,1312,3,37.7902,0.804599,29.7196,3,54.1534,8.39451,2
7.33216,1173,3,15.6097,-2.55651,29.7287,3,29.1742,2.7311,2
10.5198,1216,1,103.175,6.05983,29.7463,3,39.3741,1.93163,1
8.1164,1466,3,65.1529,6.82531,29.8049,3,41.1607,4.60038,3
8.43787,1868,3,42.6384,8.74471,29.8269,3,42.6524,4.75642,4
7.91295,1615,3,83.3944,-3.32303,29.8327,3,26.7357,9.97435,1
9.23626,1319,3,96.6779,6.0861,29.8422,3,70.4262,7.66325,2
10.6202,1322,3,71.8854,6.21248,29.8654,3,83.6487,0.938342,4
9.2108,1684,2,80.7318,1.65067,29.8806,3,44.0021,8.14211,2
10.7241,1702,1,94.4371,5.54372,29.8834,3,26.8563,3.59658,4
6.53817,1775,1,25.0659,3.74234,29.8884,3,50.3513,9.07187,3
12.6385,1882,3,86.4189,7.69168,29.9046,3,80.5358,7.02062,3
5.66488,1204,2,15.2247,2.83152,29.9206,3,83.7225,13.4874,1
10.9287,1539,2,93.1038,-3.5386,29.9612,3,70.4927,9.37317,1
7.36418,1863,3,24.4905,4.06838,30.031,3,43.2152,11.1364,2
5.43024,1668,2,23.2955,2.56359,30.0526,3,53.6562,11.1929,1
7.48763,1634,1,12.3411,3.18699,30.0866,3,89.8681,5.69893,3
4.85811,1252,1,0.0161632,4.98891,30.1706,3,53.4161,5.80819,3
12.1453,1653,3,85.6863,5.12237,30.2261,3,67.5514,0.715191,3
7.48354,1725,2,37.0023,-4.3589,30.3382,3,53.4414,9.11546,2
9.58789,1319,3,79.4133,6.01268,30.3449,3,26.818,4.9501,2
12.1362,1970,1,101.279,6.02262,30.3486,3,87.4739,2.05892,2
4.9913,1200,2,7.44497,-4.93487,30.3674,3,62.322,12.1492,1
12.0041,1011,2,97.282,5.80492,30.4135,3,58.7925,12.4056,2
9.6136,1162,3,71.9133,-0.667939,30.414,3,49.1423,14.6056,4
9.75031,1501,3,45.3407,-0.598848,30.416,3,84.652,7.55669,4
9.7231,1622,1,49.3429,-1.19147,30.4212,3,89.4936,9.6535,3
7.40039,1341,2,59.7756,1.92292,30.4264,3,68.736,3.76205,2
9.38005,1302,2,81.9205,8.86402,30.4344,3,29.0112,8.57216,2
13.5356,1315,2,118.341,6.32944,30.4883,3,39.869,9.88062,2
8.09609,1668,2,56.8122,2.05534,30.5168,3,83.8734,10.5543,2
6.23192,1525,3,4.60811,4.20981,30.5701,3,22.3922,12.7286,4
8.24647,1054,1,49.7791,0.317027,30.5968,3,78.3289,13.2998,3
12.7412,1762,2,90.4167,5.20764,30.627,3,44.9609,0.666456,2
6.44931,1605,1,3.43829,7.10363,30.6402,3,37.8748,4.84571,4
8.11194,1882,1,1.23414,9.63821,30.6512,3,74.081,1.26089,4
5.42669,1961,3,18.5794,0.0225303,30.652,3,85.258,9.69961,3
8.1898,1612,1,65.2181,3.26796,30.67,3,25.1303,8.00647,2
9.40384,1821,2,72.9303,2.83251,30.7511,3,40.1704,10.1652,1
9.52934,1103,2,81.6134,-3.96908,30.7539,3,58.8403,0.209527,4
7.18954,1311,1,63.875,2.10904,30.7941,3,36.8193,13.6682,1
5.9687,1957,1,10.0265,9.72193,30.8172,3,41.2619,3.03956,4
5.85419,1905,1,37.9322,-1.27069,30.8185,3,43.3371,10.9669,4
6.28443,1108,3,5.2879,-4.29913,30.8389,3,52.4739,10.9841,3
6.11724,1852,2,9.2625,-0.20873,30.9009,3,82.2581,11.696,4
7.78185,1680,1,41.156,-4.77131,30.9523,3,63.2778,0.817553,2
9.33515,1957,2,40.915,0.757754,30.9545,3,66.7435,4.62303,3
12.4401,1311,2,100.365,-1.01907,31.1001,3,72.8968,8.20511,2
6.52967,1597,2,8.70268,-1.90426,31.141,3,33.348,7.82664,1
9.34617,1916,2,70.8965,0.913146,31.1433,3,66.7552,13.8583,3
11.2706,1413,3,104.158,5.07854,31.18,3,34.0084,14.4368,1
5.00162,1091,3,1.64947,-4.90198,31.2016,3,82.9387,4.5074,2
6.6865,1431,1,22.7035,3.77956,31.2184,3,64.8282,11.6412,1
5.63777,1042,2,22.0131,-4.70188,31.2385,3,73.6287,7.02681,2
9.99854,1682,3,83.7399,-1.24699,31.2427,3,53.0582,9.05851,3
9.90542,1514,1,118.312,0.155608,31.2687,3,27.0993,5.55056,1
9.01179,1691,1,117.01,2.55362,31.2817,3,38.3527,1.65857,3
10.9897,1094,1,90.0319,8.05645,31.4113,3,27.2378,1.07589,4
7.60102,1098,2,94.2227,1.11545,31.4146,3,53.7486,2.34136,3
9.83008,1276,3,42.7871,-2.01753,31.418,3,65.6962,1.43792,4
7.93224,1685,3,6.33911,6.97029,31.4316,3,32.5443,9.0951,2
8.14071,1872,1,79.2564,-1.45159,31.4785,3,77.6482,3.20049,1
11.014,1309,1,110.717,7.80204,31.5101,3,81.7485,3.52376,2
5.21673,1035,3,28.246,-1.2336,31.5172,3,21.3492,1.9763,4
8.39955,1045,2,13.0419,-0.299379,31.5784,3,87.4611,2.25225,3
7.61411,1230,2,43.5072,-3.15733,31.5849,3,37.3998,14.9958,1
7.65056,1995,3,98.0554,-0.965099,31.6112,3,37.433,11.645,1
9.64852,1743,1,59.3245,2.56125,31.6162,3,36.6845,13.7254,2
9.13075,1536,1,69.8066,-1.16265,31.6292,3,84.1273,5.68855,2
5.70861,1627,1,38.4795,-3.67103,31.6768,3,78.669,11.4193,1
11.6046,1417,2,119.662,-1.3888,31.7696,3,46.2106,1.73805,3
7.54742,1841,3,51.1678,-3.61205,31.7825,3,58.8147,7.64959,3
5.82934,1122,3,59.7048,2.25333,31.7866,3,20.533,5.08282,1
5.78401,1733,2,9.14871,1.20325,31.7871,3,71.8547,9.4214,4
12.6102,1279,2,89.7025,-1.54529,31.8097,3,68.6808,10.7208,4
9.21872,1890,3,84.2086,0.893771,31.8243,3,53.9582,6.6926,1
8.59377,1713,3,98.8263,4.49952,31.8577,3,59.3373,11.6551,3
7.57764,1645,3,43.9965,7.028,31.8607,3,62.3692,11.1729,4
7.0555,1913,2,4.84006,1.7759,31.8864,3,46.2264,9.33095,2
5.78744,1618,3,42.2052,-3.99369,31.892,3,25.5314,8.86482,1
11.1502,1465,1,97.9147,3.85833,31.9006,3,34.205,4.23254,2
9.22736,1866,1,71.737,7.63023,31.9473,3,68.8236,12.2977,4
6.70676,1943,3,38.7372,2.5742,31.964,3,25.3134,3.56405,1
7.27836,1465,3,17.3174,6.95354,32.0265,3,22.3247,11.7235,3
7.25032,1658,2,65.4835,-0.956459,32.0287,3,26.8384,3.05709,2
6.43293,1936,3,19.4998,-0.491847,32.0887,3,76.2539,8.14261,3
10.6997,1050,2,87.928,-3.25648,32.2348,3,32.5672,9.43843,3
11.2667,1125,1,80.9744,4.99018,32.2726,3,82.0293,9.40733,2
4.74292,1697,1,12.8161,-4.57243,32.273,3,51.4303,10.9884,4
10.7606,1750,1,113.913,7.78645,32.2884,3,64.4759,3.69517,3
9.47239,1112,2,75.1009,3.10058,32.3046,3,36.5982,13.2702,2
6.69286,1744,1,54.5948,-3.40679,32.3367,3,25.8349,3.96782,3
9.9786,1143,1,84.8164,3.15358,32.392,3,72.2219,5.26439,4
6.3386,1187,1,53.9519,7.83141,32.4921,3,47.6071,7.89328,3
10.025,1161,3,108.393,9.4113,32.5368,3,47.7998,13.331,2
5.40213,1138,1,26.7211,0.464881,32.5544,3,21.4083,2.15286,1
6.5208,1499,1,28.2038,-3.59909,32.5619,3,22.4241,9.88296,4
6.96139,1099,1,84.1317,-2.5907,32.5645,3,24.0665,10.2859,1
9.38548,1865,1,51.718,5.16606,32.6129,3,54.9276,7.76174,3
11.9395,1776,1,96.3187,6.64305,32.624,3,89.4999,3.73342,3
5.90465,1622,3,46.3261,2.99927,32.6248,3,35.381,6.51907,3
6.89756,1288,3,39.6342,-3.2518,32.6333,3,88.9706,6.60428,2
7.01727,1035,1,53.465,-1.90688,32.6925,3,87.2983,13.0169,4
14.0751,1123,3,115.873,-4.73583,32.744,3,88.9729,12.2097,3
8.48309,1391,2,28.4065,0.539448,32.7783,3,45.7126,12.7743,2
7.47063,1116,1,11.5974,-4.3268,32.8147,3,71.4681,5.59454,4
8.84143,1951,3,43.0294,-0.212683,32.8543,3,28.1535,13.0833,1
5.08871,1868,1,5.63573,1.06767,32.8894,3,74.5998,1.08317,2
9.64196,1022,1,99.0853,3.0548,32.9566,3,64.0143,1.44484,3
10.7879,1440,3,81.0277,-4.21236,32.9783,3,62.1889,6.26058,3
7.77767,1762,2,71.6293,-1.93677,33.0345,3,52.3423,12.3609,3
10.2473,1751,1,96.4566,-0.593396,33.0882,3,35.4641,5.48082,4
6.63324,1719,2,44.1955,-3.96688,33.1256,3,26.1892,11.1233,4
7.50672,1496,2,62.5652,2.79797,33.1335,3,68.4241,11.4659,4
6.41013,1242,2,48.77,3.80674,33.1343,3,57.08,7.54753,4
9.92273,1795,3,110.667,-1.68923,33.141,3,36.7047,4.11075,3
7.23471,1521,1,73.9561,0.0592932,33.1908,3,41.9479,14.8919,4
9.22284,1516,1,50.2764,2.07534,33.211,3,84.3944,7.96343,2
10.7527,1655,3,90.8312,-4.03447,33.2185,3,87.3836,14.3855,3
8.96172,1372,1,62.2441,-1.57408,33.2186,3,37.2422,11.4375,3
6.87734,1476,2,30.743,-2.98185,33.2187,3,56.9097,10.5172,3
6.34509,1661,2,11.7132,0.217636,33.2907,3,44.1586,3.00716,1
3.77936,1497,2,5.90651,0.661326,33.3198,3,31.1466,11.1739,2
6.89363,1462,2,41.6403,0.6841,33.3728,3,75.3995,6.06199,2
9.53467,1729,1,88.6317,2.94027,33.3761,3,28.964,12.8754,3
9.65702,1409,3,87.4045,-3.29248,33.5235,3,35.8754,4.9342,3
4.53506,1294,3,4.16072,-4.62843,33.53,3,59.3678,7.17999,2
9.61368,1958,1,41.1174,1.53922,33.5526,3,82.8318,3.5191,1
9.61979,1920,1,42.2977,-3.08012,33.6495,3,72.9844,13.1144,1
5.68502,1880,2,29.2794,-2.79578,33.6737,3,46.2285,9.00955,1
3.61312,1843,1,7.1932,-4.27054,33.704,3,83.5604,3.88305,4
10.3459,1399,1,80.9152,3.17751,33.7148,3,29.9481,5.028,1
9.35446,1890,1,24.4794,6.67574,33.7316,3,70.2804,12.2393,2
10.2073,1773,3,89.9243,6.4679,33.7443,3,35.7869,2.62993,2
6.83304,1588,1,42.2792,9.00936,33.7705,3,24.321,11.5469,2
6.04768,1929,2,31.8342,4.79939,33.8249,3,22.399,3.5216,1
6.69737,1397,2,31.1886,3.70511,33.8384,3,33.0039,2.4078,4
7.51797,1605,3,51.7562,-1.38346,33.8756,3,22.0773,14.4665,3
11.2216,1329,3,117.929,-3.88957,33.8851,3,68.9794,10.5925,1
10.7306,1747,1,116.538,-4.39577,33.9037,3,56.6144,2.2913,3
6.44329,1725,3,52.2476,1.61212,33.9119,3,24.778,10.1855,3
7.53627,1329,1,41.41,3.22437,33.9183,3,64.696,10.9597,4
10.8844,1848,1,66.891,1.79764,33.9196,3,21.6914,3.052,3
6.07672,1269,3,10.023,-0.574023,33.9282,3,68.5672,0.696377,4
8.14514,1255,2,25.1167,6.41074,33.9286,3,44.4246,8.36711,4
5.42491,1088,2,28.9922,8.73086,33.9493,3,26.3098,12.4239,2
11.5374,1067,1,64.0176,6.95453,33.9507,3,34.9761,12.8855,2
11.2739,1680,3,118.001,7.28316,33.956,3,75.0607,10.7476,3
6.80684,1112,1,57.8394,9.80386,33.9579,3,46.902,14.5718,3
4.00557,1256,1,11.6033,7.45813,33.9773,3,28.7972,6.27978,2
11.6311,1638,1,96.5249,9.0333,34.064,3,82.9304,7.63915,4
5.47527,1612,1,37.1242,1.11681,34.1104,3,73.7822,14.9692,4
7.5452,1659,1,42.8631,-3.2446,34.124,3,64.9735,13.7546,3
8.7244,1922,2,117.771,5.42139,34.1682,3,30.0488,7.34891,1
4.30068,1805,2,19.5483,6.84218,34.1704,3,64.5922,6.4447,4
5.26308,1903,1,17.4754,2.57291,34.1907,3,33.852,0.431105,3
11.9444,1957,2,117.741,-2.21296,34.2208,3,50.3508,6.35903,1
6.14428,1572,1,17.3324,-2.31082,34.2802,3,84.9619,10.3093,2
5.26853,1521,3,30.3632,0.702042,34.2837,3,24.6449,10.0674,4
11.8804,1074,3,86.7285,1.31025,34.3045,3,66.0677,9.15086,1
9.16151,1843,2,85.1606,9.55854,34.3527,3,81.8636,8.67993,4
8.25281,1516,3,45.0985,-1.51075,34.4187,3,84.3444,3.40825,2
10.1544,1020,3,117.478,-3.59983,34.4641,3,49.2932,3.06396,2
10.4221,1078,2,109.979,-1.63611,34.4682,3,58.4725,10.8168,3
6.64408,1389,1,32.8369,0.440231,34.4972,3,81.9058,11.957,4
7.10159,1674,3,0.162435,-4.52841,34.5069,3,75.7259,2.71703,3
11.4696,1962,2,118.695,2.52909,34.5792,3,30.8536,11.6853,3
9.21268,1024,2,45.719,-4.3625,34.5885,3,79.1601,14.7355,1
5.43048,1784,3,3.61246,9.61731,34.6062,3,83.8613,14.1899,1
7.33069,1476,2,35.4362,6.6084,34.6992,3,26.3092,4.74488,3
8.71388,1481,3,71.6915,6.27301,34.7102,3,24.2167,9.40697,4
7.21178,1881,2,64.9649,-2.13924,34.7134,3,42.6589,4.49913,4
10.6265,1295,3,95.899,-2.63162,34.716,3,73.0363,2.84204,3
5.74925,1622,1,35.5629,-0.151643,34.7207,3,89.6964,2.69658,4
7.33628,1084,3,44.0869,9.43169,34.8073,3,69.0031,2.87424,3
8.31242,1819,2,35.086,0.0618622,34.8554,3,68.4032,4.57291,4
7.80952,1360,3,28.0489,3.47127,34.881,3,48.9299,10.4417,4
4.57196,1270,1,0.11321,1.41812,34.9112,3,36.2402,3.23436,1
8.27132,1601,1,69.9257,-1.50444,34.9299,3,45.1926,8.27028,2
6.74881,1655,2,55.7826,0.18411,34.9554,3,70.2647,7.67357,1
8.983,1844,1,78.6985,0.481714,34.9568,3,23.0158,7.79432,2
7.60847,1062,3,30.2774,-1.48263,34.9792,3,74.3016,14.1813,4
10.2638,1078,3,114.034,1.90717,34.9837,3,22.2498,13.198,2
5.73269,1304,3,5.41816,-0.209793,35.0149,3,82.3526,8.7381,2
8.71442,1792,2,55.0036,5.57222,35.0226,3,84.7934,2.64988,4
7.09147,1998,1,16.8389,1.5389,35.0688,3,32.4283,12.6087,3
6.22303,1565,1,7.48729,6.43596,35.0849,3,41.7632,5.81785,4
10.2511,1528,1,75.8876,4.67507,35.0857,3,35.0628,12.18,4
7.01926,1982,2,60.5347,-4.12664,35.0902,3,56.2002,3.60863,2
8.82397,1581,3,71.0992,-1.92879,35.0934,3,28.0953,3.9248,2
12.1207,1630,1,91.248,1.22174,35.1178,3,74.9234,11.3175,1
9.28507,1576,2,58.2114,-3.23586,35.1607,3,48.8173,3.23334,3
7.103,1180,2,31.7132,9.08184,35.1687,3,60.8621,1.42557,3
7.96725,1053,1,64.8335,-3.81587,35.1866,3,66.8409,11.9838,3
6.83971,1594,3,67.4627,-4.67229,35.2203,3,46.2662,6.1002,4
8.44946,1580,3,103.058,0.251137,35.2394,3,77.1547,9.92987,1
10.2682,1359,1,112.258,4.62543,35.2562,3,28.1518,4.04329,1
10.1256,1690,1,75.7106,0.381089,35.3738,3,55.0399,13.6007,1
4.73299,1675,1,9.29804,-1.42882,35.4026,3,49.3286,2.40525,3
3.80225,1499,1,7.87513,3.47715,35.4505,3,88.1507,10.2953,4
10.6654,1502,3,89.6933,-4.00843,35.4522,3,64.2599,6.54155,2
7.44897,1991,2,15.1965,7.00696,35.5255,3,38.4051,14.7874,4
8.65895,1191,1,59.6035,-2.58984,35.5506,3,23.5276,6.87641,4
8.1985,1407,1,52.0299,1.75479,35.5859,3,24.5355,4.59479,4
11.4539,1507,1,83.9567,4.84119,35.5946,3,84.7374,5.02825,3
6.16235,1198,1,8.21289,7.64447,35.6573,3,62.2802,1.55918,2
4.45987,1552,3,10.196,-0.482319,35.6751,3,88.8279,3.44709,3
6.56219,1612,3,2.87355,0.505952,35.6804,3,64.3406,1.34412,4
8.9311,1241,1,52.5653,-0.703874,35.7532,3,40.035,4.54244,4
12.8235,1757,3,96.3855,9.61085,35.7681,3,79.0323,3.12523,3
6.32125,1642,1,92.2873,-2.75981,35.8381,3,29.5429,2.75706,3
7.05926,1933,2,86.0714,1.18308,35.8617,3,34.1853,2.50835,3
10.9104,1246,1,103.052,-2.23779,35.9152,3,71.1424,4.66497,3
10.0131,1669,3,65.41,-0.967696,35.9249,3,62.626,11.5015,3
6.56845,1782,2,12.2271,-4.58276,35.9714,3,55.8696,5.36024,4
7.63505,1059,1,63.9666,6.74944,35.9854,3,60.0167,10.0991,3
11.8015,1384,3,113.914,-1.01126,36.0048,3,75.3474,0.784851,1
7.51531,1650,1,54.9318,3.88262,36.0167,3,23.1845,11.941,1
8.54455,1454,3,37.8436,-1.33305,36.0946,3,45.6049,8.00813,3
11.5952,1272,2,118.191,3.39989,36.1293,3,72.4265,11.9661,2
8.33724,1495,1,67.6074,9.14727,36.1571,3,20.4933,4.5089,1
4.61019,1328,3,44.979,-4.24439,36.1576,3,56.7156,1.75287,3
6.2255,1585,1,31.6262,3.17938,36.171,3,54.7803,6.05067,4
10.4796,1885,1,72.7076,1.81181,36.2822,3,63.3785,12.7949,1
10.3672,1780,1,102.473,5.2314,36.2942,3,74.3136,7.61809,3
6.71745,1555,3,40.298,6.5819,36.3213,3,84.7838,8.79762,1
8.99881,1167,1,19.5623,9.63286,36.3628,3,81.2252,7.5391,3
8.73498,1614,1,72.4192,2.09684,36.4583,3,48.7557,10.3728,1
8.45113,1260,2,89.0394,2.58295,36.4714,3,49.1369,0.978516,1
3.6137,1665,1,2.81195,2.40073,36.4792,3,67.2515,0.455259,1
6.62291,1352,2,25.4057,-3.86765,36.5759,3,25.5348,7.12823,4
7.61068,1760,1,64.8733,-1.59323,36.5877,3,36.7944,12.6546,1
8.98175,1561,2,77.8157,1.76086,36.5908,3,66.7667,9.46203,2
8.51006,1799,1,53.044,-0.136639,36.6128,3,41.2029,0.71118,2
8.50231,1681,1,23.6311,-3.4942,36.6153,3,81.597,7.7253,3
11.6569,1303,3,114.267,7.89417,36.6529,3,60.0129,1.66638,2
9.60624,1664,2,69.5176,0.460949,36.6571,3,48.9613,14.906,3
7.8948,1481,3,71.2537,-2.12404,36.761,3,60.3074,13.8944,2
9.37385,1057,2,61.8007,3.91371,36.8188,3,80.6518,14.735,1
9.31262,1117,2,67.8897,4.29081,36.8378,3,64.6148,6.36638,1
8.55297,1974,2,27.943,-2.14802,36.9032,3,87.4096,9.34033,4
6.76829,1795,2,68.3448,3.10551,36.9121,3,49.9168,2.13536,3
8.1617,1643,2,26.1106,2.6374,36.9253,3,71.0261,1.32107,2
10.8678,1284,2,105.907,0.906392,36.9559,3,64.1116,9.37401,1
8.37462,1325,1,8.28443,9.11998,37.0039,3,84.2233,3.38369,3
11.1063,1046,2,88.1911,7.71193,37.0255,3,86.3852,8.85561,4
7.16961,1824,1,79.5775,7.69132,37.0273,3,23.3968,0.20309,3
7.39179,1908,3,53.1283,-0.216064,37.1053,3,88.9627,0.969375,3
6.41639,1369,2,36.1255,4.91783,37.1064,3,59.2602,4.16738,4
6.56989,1836,3,34.9436,3.2633,37.1613,3,65.697,12.5511,4
7.42229,1496,3,41.5829,9.37739,37.1747,3,32.4905,10.6965,3
7.61778,1892,1,66.0654,1.5976,37.1962,3,26.5358,14.3701,1
10.6667,1546,3,111.779,-2.84015,37.2225,3,61.6282,13.3974,1
10.3213,1737,3,100.702,-1.52649,37.2357,3,52.1281,11.9776,1
9.4228,1849,1,86.44,9.33194,37.2518,3,61.9622,9.89487,3
9.27732,1958,1,87.0392,0.147911,37.2678,3,86.8852,13.2228,2
4.64959,1882,1,12.3918,4.32354,37.2741,3,27.2531,0.663637,3
7.37852,1992,2,28.8638,-3.16432,37.2926,3,69.903,6.44729,1
8.62274,1147,2,65.2654,8.1892,37.3201,3,58.741,1.7466,4
6.08185,1629,2,4.98948,5.93482,37.3223,3,71.7299,0.988402,4
9.36644,1053,3,55.4059,1.08773,37.3513,3,31.3885,1.28315,4
14.5459,1103,3,117.423,-0.950198,37.3766,3,84.5878,14.6623,2
10.6265,1406,1,116.163,-1.82424,37.4047,3,41.9194,9.9329,2
11.8048,1749,2,108.73,3.04915,37.4079,3,85.9088,1.76074,3
5.71021,1831,1,45.2782,7.03865,37.4178,3,36.2714,5.88688,3
8.2637,1276,2,63.0382,7.85008,37.4423,3,29.6502,12.9502,4
7.94083,1536,1,56.0032,-3.27978,37.4464,3,39.9948,14.6085,1
7.24845,1493,3,86.1074,8.20922,37.486,3,42.7403,9.36254,1
9.58824,1837,3,88.5501,3.55156,37.5056,3,32.0856,6.25031,1
8.91942,1967,3,69.3368,1.64357,37.5075,3,39.8906,13.6141,1
12.2152,1028,3,106.137,6.60923,37.5099,3,29.4801,11.8235,4
8.88417,1953,3,96.7998,-0.942196,37.5452,3,35.6,14.5628,4
7.05984,1672,2,83.3515,-3.0364,37.6209,3,43.8326,8.01777,1
4.04537,1904,3,2.41461,-4.01889,37.6654,3,68.5693,13.0562,2
6.16911,1666,2,23.9064,-0.105109,37.7127,3,32.7404,1.94588,3
5.88864,1034,1,4.13176,7.15129,37.7152,3,80.5989,5.51564,2
6.03238,1254,1,67.9066,-3.33573,37.7272,3,26.8465,6.25964,3
6.30109,1819,3,49.3353,-0.792379,37.7308,3,56.6353,3.92672,3
5.64902,1032,2,29.5924,1.27792,37.7358,3,40.5774,4.24089,4
8.66796,1972,3,62.1613,-1.66194,37.7554,3,37.379,4.7166,4
7.62204,1236,3,100.698,-0.331922,37.7826,3,29.5503,11.4573,3
10.1016,1352,1,109.588,3.12574,37.8232,3,62.5619,9.91842,2
11.263,1009,1,107.756,8.60389,37.8523,3,69.5708,6.6945,2
3.52202,1572,2,7.346,8.67922,37.9071,3,20.9263,4.27557,3
7.05206,1287,2,22.0854,6.43017,37.9119,3,67.0413,5.05319,2
6.26902,1984,1,18.3773,6.59438,37.94,3,63.3184,12.2786,2
10.6505,1059,2,100.692,-3.32661,37.9563,3,44.3598,1.94478,4
5.86969,1540,3,19.89,5.778,38.0295,3,27.8242,1.98689,2
8.11901,1400,3,29.5988,3.91108,38.068,3,25.4978,5.50506,4
5.11956,1964,3,8.18239,4.60038,38.0806,3,54.3648,8.5083,4
8.68645,1529,3,2.63782,-4.94443,38.101,3,76.4498,3.77496,1
4.05786,1758,3,7.02784,2.47116,38.1072,3,50.0527,6.05791,1
8.58971,1969,1,91.2042,3.19748,38.1597,3,63.2402,1.02499,3
10.0196,1876,3,62.1693,-4.65196,38.1721,3,68.0987,5.20608,2
7.31348,1340,2,26.6834,5.11919,38.2114,3,56.7717,1.19531,1
12.0769,1727,2,114.935,-4.91971,38.2244,3,31.1667,6.14508,4
9.07446,1345,2,49.9879,-4.97911,38.2473,3,68.3905,9.69638,1
10.446,1653,1,88.3768,1.49113,38.2849,3,30.3234,5.61728,1
6.4333,1189,2,64.5231,-1.43272,38.3233,3,58.2898,6.73071,1
12.1598,1078,1,112.388,-0.848971,38.3287,3,24.5641,12.3723,3
10.4433,1425,3,95.5729,1.36373,38.3324,3,50.7289,12.1505,3
12.8368,1829,1,97.6951,-3.86014,38.3358,3,76.3662,6.29097,4
8.26726,1738,2,82.8387,9.29956,38.341,3,32.716,14.6271,3
9.13961,1121,2,42.9377,4.78561,38.3897,3,40.7873,4.36603,3
11.0176,1553,1,102.394,8.74657,38.4116,3,50.1837,2.57867,3
7.20069,1148,2,30.2787,-3.65421,38.4191,3,32.3796,13.0969,1
10.9975,1500,3,71.8813,4.49545,38.4618,3,81.9342,13.3409,3
8.80678,1957,3,85.5848,3.93527,38.4786,3,61.9323,3.41546,1
11.5492,1118,1,99.1609,0.296158,38.529,3,78.7349,1.9723,3
12.0599,1825,1,115.862,1.11725,38.565,3,20.6807,10.7334,1
8.9019,1954,2,90.5483,4.70474,38.6211,3,21.3326,6.36658,3
6.81529,1267,2,11.2224,3.97277,38.6954,3,88.8153,10.4199,1
9.03576,1218,2,19.1274,9.0155,38.6972,3,79.4611,8.57421,3
5.44349,1475,2,29.6189,-2.39806,38.7382,3,20.9887,11.866,2
8.76872,1633,3,29.599,2.63736,38.8289,3,78.5201,12.9265,4
10.9458,1124,1,100.619,-1.65733,38.8826,3,72.8883,11.2338,2
13.2219,1771,2,118.562,2.05056,38.9153,3,50.0885,0.720061,1
12.1964,1341,3,97.3759,-4.80371,38.9317,3,66.4477,7.84886,1
11.4069,1993,2,99.5928,5.12494,38.9829,3,29.5671,12.9733,3
8.58641,1512,3,79.6228,3.51198,39.004,3,53.0345,1.53297,4
7.2462,1047,1,58.0892,9.52355,39.0903,3,24.9283,6.70272,1
7.91086,1809,2,61.53,-0.268695,39.0962,3,68.2931,11.7153,4
5.9162,1858,2,13.3912,-0.467831,39.244,3,30.3626,0.129531,3
9.55358,1713,3,85.812,7.58813,39.2509,3,27.2943,6.02581,2
9.19057,1713,1,67.8499,9.86014,39.252,3,58.7032,11.7142,1
10.0788,1228,1,107.277,7.78286,39.3351,3,67.396,14.1625,3
7.52035,1435,1,48.1164,1.19002,39.3601,3,68.6899,3.92998,3
9.13506,1412,2,66.4919,-3.00742,39.3673,3,75.1246,4.80963,4
7.74897,1227,2,30.4977,7.40208,39.3737,3,29.4479,1.56894,2
11.9952,1956,2,107.755,2.6436,39.378,3,43.0485,6.34743,1
6.06503,1663,2,4.21911,1.58667,39.4072,3,30.8926,6.92551,4
8.74292,1926,2,13.6065,3.00286,39.4171,3,80.7716,0.686533,3
5.89656,1752,3,41.402,4.94888,39.419,3,58.2468,11.5135,3
8.41324,1891,3,61.4713,8.21715,39.4373,3,60.629,6.76723,4
8.78198,1552,2,69.8484,3.9099,39.4455,3,73.1672,10.9704,3
5.38001,1770,2,34.9753,-1.4614,39.5194,3,83.871,0.777455,4
6.88127,1920,2,1.5386,8.38555,39.522,3,69.6567,13.3152,2
7.32255,1053,3,30.7977,0.201093,39.547,3,62.4898,7.09661,4
4.90111,1128,2,14.4249,5.84085,39.6224,3,70.1362,2.53986,3
8.21084,1039,1,55.288,-2.00129,39.6479,3,43.3889,14.373,3
11.2644,1632,3,68.3397,7.05724,39.6578,3,85.2378,11.8196,4
13.5309,1288,2,102.19,1.53902,39.6793,3,76.6506,13.1853,3
8.84785,1902,2,48.3244,-1.83963,39.7116,3,52.0142,12.2807,1
12.5042,1023,1,112.582,-4.07496,39.8465,3,73.1386,11.5975,4
10.59,1384,2,58.7187,1.47143,39.848,3,71.6884,8.1157,3
7.35107,1355,3,15.7546,3.74094,39.8746,3,46.4273,8.6598,2
12.3861,1295,1,99.8836,8.95336,39.9012,3,61.6498,9.46721,1
9.56904,1952,3,102.306,-4.0798,39.9222,3,72.3479,12.4554,3
10.3526,1216,1,87.9792,-1.87989,39.9256,3,44.8106,6.19925,3
12.0292,1609,3,114.173,-0.00229636,39.9921,3,58.0691,10.2631,3
